_id,MONATSZAHL,AUSPRAEGUNG,JAHR,MONAT,WERT,VORJAHRESWERT,VERAEND_VORMONAT_PROZENT,VERAEND_VORJAHRESMONAT_PROZENT,ZWOELF_MONATE_MITTELWERT,date,month,year
1,Altersgruppen,Berufsschulpflichtige (15 bis 17 Jahre),2025,202501,38315,37808,-0.16,1.34,38080,2025-01-01,1,2025
2,Altersgruppen,Berufsschulpflichtige (15 bis 17 Jahre),2025,202502,38335,37865,0.05,1.24,38120,2025-02-01,2,2025
3,Altersgruppen,Berufsschulpflichtige (15 bis 17 Jahre),2025,202503,38395,37853,0.16,1.43,38165,2025-03-01,3,2025
4,Altersgruppen,Berufsschulpflichtige (15 bis 17 Jahre),2025,202504,38391,37910,-0.01,1.27,38205,2025-04-01,4,2025
5,Altersgruppen,Berufsschulpflichtige (15 bis 17 Jahre),2025,202505,38337,37830,-0.14,1.34,38247,2025-05-01,5,2025
6,Altersgruppen,Berufsschulpflichtige (15 bis 17 Jahre),2025,202506,38293,37819,-0.11,1.25,38287,2025-06-01,6,2025
7,Altersgruppen,Berufsschulpflichtige (15 bis 17 Jahre),2025,202507,38265,37958,-0.07,0.81,38312,2025-07-01,7,2025
8,Altersgruppen,Berufsschulpflichtige (15 bis 17 Jahre),2025,202508,38353,38091,0.23,0.69,38334,2025-08-01,8,2025
9,Altersgruppen,Berufsschulpflichtige (15 bis 17 Jahre),2025,202509,NA,38244,NA,NA,NA,2025-09-01,9,2025
10,Altersgruppen,Berufsschulpflichtige (15 bis 17 Jahre),2025,202510,NA,38336,NA,NA,NA,2025-10-01,10,2025
11,Altersgruppen,Berufsschulpflichtige (15 bis 17 Jahre),2025,202511,NA,38368,NA,NA,NA,2025-11-01,11,2025
12,Altersgruppen,Berufsschulpflichtige (15 bis 17 Jahre),2025,202512,NA,38375,NA,NA,NA,2025-12-01,12,2025
13,Altersgruppen,Berufsschulpflichtige (15 bis 17 Jahre),2024,202401,37808,37119,0.17,1.86,37447,2024-01-01,1,2024
14,Altersgruppen,Berufsschulpflichtige (15 bis 17 Jahre),2024,202402,37865,37116,0.15,2.02,37509,2024-02-01,2,2024
15,Altersgruppen,Berufsschulpflichtige (15 bis 17 Jahre),2024,202403,37853,37095,-0.03,2.04,37572,2024-03-01,3,2024
16,Altersgruppen,Berufsschulpflichtige (15 bis 17 Jahre),2024,202404,37910,37125,0.15,2.11,37638,2024-04-01,4,2024
17,Altersgruppen,Berufsschulpflichtige (15 bis 17 Jahre),2024,202405,37830,37099,-0.21,1.97,37698,2024-05-01,5,2024
18,Altersgruppen,Berufsschulpflichtige (15 bis 17 Jahre),2024,202406,37819,37149,-0.03,1.8,37754,2024-06-01,6,2024
19,Altersgruppen,Berufsschulpflichtige (15 bis 17 Jahre),2024,202407,37958,37357,0.37,1.61,37804,2024-07-01,7,2024
20,Altersgruppen,Berufsschulpflichtige (15 bis 17 Jahre),2024,202408,38091,37471,0.35,1.65,37856,2024-08-01,8,2024
21,Altersgruppen,Berufsschulpflichtige (15 bis 17 Jahre),2024,202409,38244,37792,0.4,1.2,37894,2024-09-01,9,2024
22,Altersgruppen,Berufsschulpflichtige (15 bis 17 Jahre),2024,202410,38336,37829,0.24,1.34,37936,2024-10-01,10,2024
23,Altersgruppen,Berufsschulpflichtige (15 bis 17 Jahre),2024,202411,38368,37775,0.08,1.57,37985,2024-11-01,11,2024
24,Altersgruppen,Berufsschulpflichtige (15 bis 17 Jahre),2024,202412,38375,37742,0.02,1.68,38038,2024-12-01,12,2024
25,Altersgruppen,Berufsschulpflichtige (15 bis 17 Jahre),2023,202301,37119,35270,0.06,5.24,36528,2023-01-01,1,2023
26,Altersgruppen,Berufsschulpflichtige (15 bis 17 Jahre),2023,202302,37116,35325,-0.01,5.07,36677,2023-02-01,2,2023
27,Altersgruppen,Berufsschulpflichtige (15 bis 17 Jahre),2023,202303,37095,35934,-0.06,3.23,36774,2023-03-01,3,2023
28,Altersgruppen,Berufsschulpflichtige (15 bis 17 Jahre),2023,202304,37125,36182,0.08,2.61,36852,2023-04-01,4,2023
29,Altersgruppen,Berufsschulpflichtige (15 bis 17 Jahre),2023,202305,37099,36352,-0.07,2.05,36914,2023-05-01,5,2023
30,Altersgruppen,Berufsschulpflichtige (15 bis 17 Jahre),2023,202306,37149,36419,0.13,2,36975,2023-06-01,6,2023
31,Altersgruppen,Berufsschulpflichtige (15 bis 17 Jahre),2023,202307,37357,36576,0.56,2.14,37040,2023-07-01,7,2023
32,Altersgruppen,Berufsschulpflichtige (15 bis 17 Jahre),2023,202308,37471,36558,0.31,2.5,37116,2023-08-01,8,2023
33,Altersgruppen,Berufsschulpflichtige (15 bis 17 Jahre),2023,202309,37792,36834,0.86,2.6,37196,2023-09-01,9,2023
34,Altersgruppen,Berufsschulpflichtige (15 bis 17 Jahre),2023,202310,37829,36930,0.1,2.43,37271,2023-10-01,10,2023
35,Altersgruppen,Berufsschulpflichtige (15 bis 17 Jahre),2023,202311,37775,37005,-0.14,2.08,37335,2023-11-01,11,2023
36,Altersgruppen,Berufsschulpflichtige (15 bis 17 Jahre),2023,202312,37742,37096,-0.09,1.74,37389,2023-12-01,12,2023
37,Altersgruppen,Berufsschulpflichtige (15 bis 17 Jahre),2022,202201,35270,34448,0.42,2.39,34813,2022-01-01,1,2022
38,Altersgruppen,Berufsschulpflichtige (15 bis 17 Jahre),2022,202202,35325,34460,0.16,2.51,34885,2022-02-01,2,2022
39,Altersgruppen,Berufsschulpflichtige (15 bis 17 Jahre),2022,202203,35934,34487,1.72,4.2,35006,2022-03-01,3,2022
40,Altersgruppen,Berufsschulpflichtige (15 bis 17 Jahre),2022,202204,36182,34498,0.69,4.88,35146,2022-04-01,4,2022
41,Altersgruppen,Berufsschulpflichtige (15 bis 17 Jahre),2022,202205,36352,34570,0.47,5.15,35294,2022-05-01,5,2022
42,Altersgruppen,Berufsschulpflichtige (15 bis 17 Jahre),2022,202206,36419,34630,0.18,5.17,35443,2022-06-01,6,2022
43,Altersgruppen,Berufsschulpflichtige (15 bis 17 Jahre),2022,202207,36576,34762,0.43,5.22,35595,2022-07-01,7,2022
44,Altersgruppen,Berufsschulpflichtige (15 bis 17 Jahre),2022,202208,36558,34858,-0.05,4.88,35736,2022-08-01,8,2022
45,Altersgruppen,Berufsschulpflichtige (15 bis 17 Jahre),2022,202209,36834,34981,0.75,5.3,35891,2022-09-01,9,2022
46,Altersgruppen,Berufsschulpflichtige (15 bis 17 Jahre),2022,202210,36930,35041,0.26,5.39,36048,2022-10-01,10,2022
47,Altersgruppen,Berufsschulpflichtige (15 bis 17 Jahre),2022,202211,37005,35076,0.2,5.5,36209,2022-11-01,11,2022
48,Altersgruppen,Berufsschulpflichtige (15 bis 17 Jahre),2022,202212,37096,35121,0.25,5.62,36373,2022-12-01,12,2022
49,Altersgruppen,Berufsschulpflichtige (15 bis 17 Jahre),2021,202101,34448,33879,-0.02,1.68,34132,2021-01-01,1,2021
50,Altersgruppen,Berufsschulpflichtige (15 bis 17 Jahre),2021,202102,34460,33911,0.03,1.62,34178,2021-02-01,2,2021
51,Altersgruppen,Berufsschulpflichtige (15 bis 17 Jahre),2021,202103,34487,33922,0.08,1.67,34225,2021-03-01,3,2021
52,Altersgruppen,Berufsschulpflichtige (15 bis 17 Jahre),2021,202104,34498,33904,0.03,1.75,34274,2021-04-01,4,2021
53,Altersgruppen,Berufsschulpflichtige (15 bis 17 Jahre),2021,202105,34570,33857,0.21,2.11,34334,2021-05-01,5,2021
54,Altersgruppen,Berufsschulpflichtige (15 bis 17 Jahre),2021,202106,34630,33959,0.17,1.98,34390,2021-06-01,6,2021
55,Altersgruppen,Berufsschulpflichtige (15 bis 17 Jahre),2021,202107,34762,34016,0.38,2.19,34452,2021-07-01,7,2021
56,Altersgruppen,Berufsschulpflichtige (15 bis 17 Jahre),2021,202108,34858,34144,0.28,2.09,34511,2021-08-01,8,2021
57,Altersgruppen,Berufsschulpflichtige (15 bis 17 Jahre),2021,202109,34981,34208,0.35,2.26,34576,2021-09-01,9,2021
58,Altersgruppen,Berufsschulpflichtige (15 bis 17 Jahre),2021,202110,35041,34322,0.17,2.09,34636,2021-10-01,10,2021
59,Altersgruppen,Berufsschulpflichtige (15 bis 17 Jahre),2021,202111,35076,34435,0.1,1.86,34689,2021-11-01,11,2021
60,Altersgruppen,Berufsschulpflichtige (15 bis 17 Jahre),2021,202112,35121,34456,0.13,1.93,34744,2021-12-01,12,2021
61,Altersgruppen,Berufsschulpflichtige (15 bis 17 Jahre),2020,202001,33879,33038,0.21,2.55,33405,2020-01-01,1,2020
62,Altersgruppen,Berufsschulpflichtige (15 bis 17 Jahre),2020,202002,33911,33034,0.09,2.65,33478,2020-02-01,2,2020
63,Altersgruppen,Berufsschulpflichtige (15 bis 17 Jahre),2020,202003,33922,33015,0.03,2.75,33554,2020-03-01,3,2020
64,Altersgruppen,Berufsschulpflichtige (15 bis 17 Jahre),2020,202004,33904,33077,-0.05,2.5,33623,2020-04-01,4,2020
65,Altersgruppen,Berufsschulpflichtige (15 bis 17 Jahre),2020,202005,33857,33109,-0.14,2.26,33685,2020-05-01,5,2020
66,Altersgruppen,Berufsschulpflichtige (15 bis 17 Jahre),2020,202006,33959,33214,0.3,2.24,33747,2020-06-01,6,2020
67,Altersgruppen,Berufsschulpflichtige (15 bis 17 Jahre),2020,202007,34016,33266,0.17,2.25,33810,2020-07-01,7,2020
68,Altersgruppen,Berufsschulpflichtige (15 bis 17 Jahre),2020,202008,34144,33409,0.38,2.2,33871,2020-08-01,8,2020
69,Altersgruppen,Berufsschulpflichtige (15 bis 17 Jahre),2020,202009,34208,33606,0.19,1.79,33921,2020-09-01,9,2020
70,Altersgruppen,Berufsschulpflichtige (15 bis 17 Jahre),2020,202010,34322,33699,0.33,1.85,33973,2020-10-01,10,2020
71,Altersgruppen,Berufsschulpflichtige (15 bis 17 Jahre),2020,202011,34435,33748,0.33,2.04,34030,2020-11-01,11,2020
72,Altersgruppen,Berufsschulpflichtige (15 bis 17 Jahre),2020,202012,34456,33808,0.06,1.92,34084,2020-12-01,12,2020
73,Altersgruppen,Berufsschulpflichtige (15 bis 17 Jahre),2019,201901,33038,32839,-0.47,0.61,32952,2019-01-01,1,2019
74,Altersgruppen,Berufsschulpflichtige (15 bis 17 Jahre),2019,201902,33034,32775,-0.01,0.79,32976,2019-02-01,2,2019
75,Altersgruppen,Berufsschulpflichtige (15 bis 17 Jahre),2019,201903,33015,32745,-0.06,0.82,33000,2019-03-01,3,2019
76,Altersgruppen,Berufsschulpflichtige (15 bis 17 Jahre),2019,201904,33077,32706,0.19,1.13,33034,2019-04-01,4,2019
77,Altersgruppen,Berufsschulpflichtige (15 bis 17 Jahre),2019,201905,33109,NA,0.1,NA,33040,2019-05-01,5,2019
78,Altersgruppen,Berufsschulpflichtige (15 bis 17 Jahre),2019,201906,33214,32828,0.32,1.18,33072,2019-06-01,6,2019
79,Altersgruppen,Berufsschulpflichtige (15 bis 17 Jahre),2019,201907,33266,32886,0.16,1.16,33104,2019-07-01,7,2019
80,Altersgruppen,Berufsschulpflichtige (15 bis 17 Jahre),2019,201908,33409,32909,0.43,1.52,33146,2019-08-01,8,2019
81,Altersgruppen,Berufsschulpflichtige (15 bis 17 Jahre),2019,201909,33606,33065,0.59,1.64,33191,2019-09-01,9,2019
82,Altersgruppen,Berufsschulpflichtige (15 bis 17 Jahre),2019,201910,33699,33124,0.28,1.74,33239,2019-10-01,10,2019
83,Altersgruppen,Berufsschulpflichtige (15 bis 17 Jahre),2019,201911,33748,33203,0.15,1.64,33284,2019-11-01,11,2019
84,Altersgruppen,Berufsschulpflichtige (15 bis 17 Jahre),2019,201912,33808,33195,0.18,1.85,33335,2019-12-01,12,2019
85,Altersgruppen,Berufsschulpflichtige (15 bis 17 Jahre),2018,201801,32839,33042,-0.19,-0.61,32947,2018-01-01,1,2018
86,Altersgruppen,Berufsschulpflichtige (15 bis 17 Jahre),2018,201802,32775,32985,-0.19,-0.64,32929,2018-02-01,2,2018
87,Altersgruppen,Berufsschulpflichtige (15 bis 17 Jahre),2018,201803,32745,32946,-0.09,-0.61,32913,2018-03-01,3,2018
88,Altersgruppen,Berufsschulpflichtige (15 bis 17 Jahre),2018,201804,32706,33001,-0.12,-0.89,32888,2018-04-01,4,2018
89,Altersgruppen,Berufsschulpflichtige (15 bis 17 Jahre),2018,201805,NA,32977,NA,NA,NA,2018-05-01,5,2018
90,Altersgruppen,Berufsschulpflichtige (15 bis 17 Jahre),2018,201806,32828,32968,NA,-0.42,32867,2018-06-01,6,2018
91,Altersgruppen,Berufsschulpflichtige (15 bis 17 Jahre),2018,201807,32886,32943,0.18,-0.17,32862,2018-07-01,7,2018
92,Altersgruppen,Berufsschulpflichtige (15 bis 17 Jahre),2018,201808,32909,32917,0.07,-0.02,32861,2018-08-01,8,2018
93,Altersgruppen,Berufsschulpflichtige (15 bis 17 Jahre),2018,201809,33065,32989,0.47,0.23,32868,2018-09-01,9,2018
94,Altersgruppen,Berufsschulpflichtige (15 bis 17 Jahre),2018,201810,33124,32942,0.18,0.55,32885,2018-10-01,10,2018
95,Altersgruppen,Berufsschulpflichtige (15 bis 17 Jahre),2018,201811,33203,32953,0.24,0.76,32907,2018-11-01,11,2018
96,Altersgruppen,Berufsschulpflichtige (15 bis 17 Jahre),2018,201812,33195,32901,-0.02,0.89,32934,2018-12-01,12,2018
97,Altersgruppen,Berufsschulpflichtige (15 bis 17 Jahre),2017,201701,33042,34323,-0.5,-3.73,33656,2017-01-01,1,2017
98,Altersgruppen,Berufsschulpflichtige (15 bis 17 Jahre),2017,201702,32985,34104,-0.17,-3.28,33563,2017-02-01,2,2017
99,Altersgruppen,Berufsschulpflichtige (15 bis 17 Jahre),2017,201703,32946,34019,-0.12,-3.15,33473,2017-03-01,3,2017
100,Altersgruppen,Berufsschulpflichtige (15 bis 17 Jahre),2017,201704,33001,33729,0.17,-2.16,33413,2017-04-01,4,2017
101,Altersgruppen,Berufsschulpflichtige (15 bis 17 Jahre),2017,201705,32977,33682,-0.07,-2.09,33354,2017-05-01,5,2017
102,Altersgruppen,Berufsschulpflichtige (15 bis 17 Jahre),2017,201706,32968,33705,-0.03,-2.19,33292,2017-06-01,6,2017
103,Altersgruppen,Berufsschulpflichtige (15 bis 17 Jahre),2017,201707,32943,33750,-0.08,-2.39,33225,2017-07-01,7,2017
104,Altersgruppen,Berufsschulpflichtige (15 bis 17 Jahre),2017,201708,32917,33772,-0.08,-2.53,33154,2017-08-01,8,2017
105,Altersgruppen,Berufsschulpflichtige (15 bis 17 Jahre),2017,201709,32989,33796,0.22,-2.39,33087,2017-09-01,9,2017
106,Altersgruppen,Berufsschulpflichtige (15 bis 17 Jahre),2017,201710,32942,33515,-0.14,-1.71,33039,2017-10-01,10,2017
107,Altersgruppen,Berufsschulpflichtige (15 bis 17 Jahre),2017,201711,32953,33549,0.03,-1.78,32989,2017-11-01,11,2017
108,Altersgruppen,Berufsschulpflichtige (15 bis 17 Jahre),2017,201712,32901,33207,-0.16,-0.92,32964,2017-12-01,12,2017
109,Altersgruppen,Berufsschulpflichtige (15 bis 17 Jahre),2016,201601,34323,33002,0.07,4,33669,2016-01-01,1,2016
110,Altersgruppen,Berufsschulpflichtige (15 bis 17 Jahre),2016,201602,34104,33031,-0.64,3.25,33758,2016-02-01,2,2016
111,Altersgruppen,Berufsschulpflichtige (15 bis 17 Jahre),2016,201603,34019,33040,-0.25,2.96,33840,2016-03-01,3,2016
112,Altersgruppen,Berufsschulpflichtige (15 bis 17 Jahre),2016,201604,33729,33145,-0.85,1.76,33888,2016-04-01,4,2016
113,Altersgruppen,Berufsschulpflichtige (15 bis 17 Jahre),2016,201605,33682,33202,-0.14,1.45,33928,2016-05-01,5,2016
114,Altersgruppen,Berufsschulpflichtige (15 bis 17 Jahre),2016,201606,33705,33488,0.07,0.65,33946,2016-06-01,6,2016
115,Altersgruppen,Berufsschulpflichtige (15 bis 17 Jahre),2016,201607,33750,33325,0.13,1.28,33982,2016-07-01,7,2016
116,Altersgruppen,Berufsschulpflichtige (15 bis 17 Jahre),2016,201608,33772,33670,0.07,0.3,33990,2016-08-01,8,2016
117,Altersgruppen,Berufsschulpflichtige (15 bis 17 Jahre),2016,201609,33796,33999,0.07,-0.6,33973,2016-09-01,9,2016
118,Altersgruppen,Berufsschulpflichtige (15 bis 17 Jahre),2016,201610,33515,34171,-0.83,-1.92,33919,2016-10-01,10,2016
119,Altersgruppen,Berufsschulpflichtige (15 bis 17 Jahre),2016,201611,33549,34332,0.1,-2.28,33854,2016-11-01,11,2016
120,Altersgruppen,Berufsschulpflichtige (15 bis 17 Jahre),2016,201612,33207,34298,-1.02,-3.18,33763,2016-12-01,12,2016
121,Altersgruppen,Berufsschulpflichtige (15 bis 17 Jahre),2015,201501,33002,31687,0.66,4.15,32126,2015-01-01,1,2015
122,Altersgruppen,Berufsschulpflichtige (15 bis 17 Jahre),2015,201502,33031,31674,0.09,4.28,32239,2015-02-01,2,2015
123,Altersgruppen,Berufsschulpflichtige (15 bis 17 Jahre),2015,201503,33040,31742,0.03,4.09,32347,2015-03-01,3,2015
124,Altersgruppen,Berufsschulpflichtige (15 bis 17 Jahre),2015,201504,33145,31733,0.32,4.45,32465,2015-04-01,4,2015
125,Altersgruppen,Berufsschulpflichtige (15 bis 17 Jahre),2015,201505,33202,31719,0.17,4.68,32588,2015-05-01,5,2015
126,Altersgruppen,Berufsschulpflichtige (15 bis 17 Jahre),2015,201506,33488,31788,0.86,5.35,32730,2015-06-01,6,2015
127,Altersgruppen,Berufsschulpflichtige (15 bis 17 Jahre),2015,201507,33325,31924,-0.49,4.39,32847,2015-07-01,7,2015
128,Altersgruppen,Berufsschulpflichtige (15 bis 17 Jahre),2015,201508,33670,32028,1.04,5.13,32984,2015-08-01,8,2015
129,Altersgruppen,Berufsschulpflichtige (15 bis 17 Jahre),2015,201509,33999,32252,0.98,5.42,33129,2015-09-01,9,2015
130,Altersgruppen,Berufsschulpflichtige (15 bis 17 Jahre),2015,201510,34171,32425,0.51,5.38,33275,2015-10-01,10,2015
131,Altersgruppen,Berufsschulpflichtige (15 bis 17 Jahre),2015,201511,34332,32438,0.47,5.84,33432,2015-11-01,11,2015
132,Altersgruppen,Berufsschulpflichtige (15 bis 17 Jahre),2015,201512,34298,32784,-0.1,4.62,33559,2015-12-01,12,2015
133,Altersgruppen,Berufsschulpflichtige (15 bis 17 Jahre),2014,201401,31687,30772,0.14,2.97,31250,2014-01-01,1,2014
134,Altersgruppen,Berufsschulpflichtige (15 bis 17 Jahre),2014,201402,31674,30804,-0.04,2.82,31322,2014-02-01,2,2014
135,Altersgruppen,Berufsschulpflichtige (15 bis 17 Jahre),2014,201403,31742,30807,0.21,3.04,31400,2014-03-01,3,2014
136,Altersgruppen,Berufsschulpflichtige (15 bis 17 Jahre),2014,201404,31733,31056,-0.03,2.18,31456,2014-04-01,4,2014
137,Altersgruppen,Berufsschulpflichtige (15 bis 17 Jahre),2014,201405,31719,30943,-0.04,2.51,31521,2014-05-01,5,2014
138,Altersgruppen,Berufsschulpflichtige (15 bis 17 Jahre),2014,201406,31788,30999,0.22,2.55,31587,2014-06-01,6,2014
139,Altersgruppen,Berufsschulpflichtige (15 bis 17 Jahre),2014,201407,31924,31135,0.43,2.53,31653,2014-07-01,7,2014
140,Altersgruppen,Berufsschulpflichtige (15 bis 17 Jahre),2014,201408,32028,31238,0.33,2.53,31718,2014-08-01,8,2014
141,Altersgruppen,Berufsschulpflichtige (15 bis 17 Jahre),2014,201409,32252,31552,0.7,2.22,31777,2014-09-01,9,2014
142,Altersgruppen,Berufsschulpflichtige (15 bis 17 Jahre),2014,201410,32425,31569,0.54,2.71,31848,2014-10-01,10,2014
143,Altersgruppen,Berufsschulpflichtige (15 bis 17 Jahre),2014,201411,32438,31562,0.04,2.78,31921,2014-11-01,11,2014
144,Altersgruppen,Berufsschulpflichtige (15 bis 17 Jahre),2014,201412,32784,31643,1.07,3.61,32016,2014-12-01,12,2014
145,Altersgruppen,Berufsschulpflichtige (15 bis 17 Jahre),2013,201301,30772,29864,0.45,3.04,30283,2013-01-01,1,2013
146,Altersgruppen,Berufsschulpflichtige (15 bis 17 Jahre),2013,201302,30804,29904,0.1,3.01,30358,2013-02-01,2,2013
147,Altersgruppen,Berufsschulpflichtige (15 bis 17 Jahre),2013,201303,30807,29864,0.01,3.16,30437,2013-03-01,3,2013
148,Altersgruppen,Berufsschulpflichtige (15 bis 17 Jahre),2013,201304,31056,29960,0.81,3.66,30528,2013-04-01,4,2013
149,Altersgruppen,Berufsschulpflichtige (15 bis 17 Jahre),2013,201305,30943,30004,-0.36,3.13,30607,2013-05-01,5,2013
150,Altersgruppen,Berufsschulpflichtige (15 bis 17 Jahre),2013,201306,30999,30058,0.18,3.13,30685,2013-06-01,6,2013
151,Altersgruppen,Berufsschulpflichtige (15 bis 17 Jahre),2013,201307,31135,30216,0.44,3.04,30762,2013-07-01,7,2013
152,Altersgruppen,Berufsschulpflichtige (15 bis 17 Jahre),2013,201308,31238,30269,0.33,3.2,30842,2013-08-01,8,2013
153,Altersgruppen,Berufsschulpflichtige (15 bis 17 Jahre),2013,201309,31552,30486,1.01,3.5,30931,2013-09-01,9,2013
154,Altersgruppen,Berufsschulpflichtige (15 bis 17 Jahre),2013,201310,31569,30632,0.05,3.06,31009,2013-10-01,10,2013
155,Altersgruppen,Berufsschulpflichtige (15 bis 17 Jahre),2013,201311,31562,30601,-0.02,3.14,31089,2013-11-01,11,2013
156,Altersgruppen,Berufsschulpflichtige (15 bis 17 Jahre),2013,201312,31643,30634,0.26,3.29,31173,2013-12-01,12,2013
157,Altersgruppen,Berufsschulpflichtige (15 bis 17 Jahre),2012,201201,29864,29019,0.07,2.91,29474,2012-01-01,1,2012
158,Altersgruppen,Berufsschulpflichtige (15 bis 17 Jahre),2012,201202,29904,29118,0.13,2.7,29539,2012-02-01,2,2012
159,Altersgruppen,Berufsschulpflichtige (15 bis 17 Jahre),2012,201203,29864,29149,-0.13,2.45,29599,2012-03-01,3,2012
160,Altersgruppen,Berufsschulpflichtige (15 bis 17 Jahre),2012,201204,29960,29215,0.32,2.55,29661,2012-04-01,4,2012
161,Altersgruppen,Berufsschulpflichtige (15 bis 17 Jahre),2012,201205,30004,29231,0.15,2.64,29725,2012-05-01,5,2012
162,Altersgruppen,Berufsschulpflichtige (15 bis 17 Jahre),2012,201206,30058,29252,0.18,2.76,29793,2012-06-01,6,2012
163,Altersgruppen,Berufsschulpflichtige (15 bis 17 Jahre),2012,201207,30216,29412,0.53,2.73,29860,2012-07-01,7,2012
164,Altersgruppen,Berufsschulpflichtige (15 bis 17 Jahre),2012,201208,30269,29458,0.18,2.75,29927,2012-08-01,8,2012
165,Altersgruppen,Berufsschulpflichtige (15 bis 17 Jahre),2012,201209,30486,29620,0.72,2.92,29999,2012-09-01,9,2012
166,Altersgruppen,Berufsschulpflichtige (15 bis 17 Jahre),2012,201210,30632,29735,0.48,3.02,30074,2012-10-01,10,2012
167,Altersgruppen,Berufsschulpflichtige (15 bis 17 Jahre),2012,201211,30601,29788,-0.1,2.73,30142,2012-11-01,11,2012
168,Altersgruppen,Berufsschulpflichtige (15 bis 17 Jahre),2012,201212,30634,29843,0.11,2.65,30208,2012-12-01,12,2012
169,Altersgruppen,Berufsschulpflichtige (15 bis 17 Jahre),2011,201101,29019,28744,-0.27,0.96,28830,2011-01-01,1,2011
170,Altersgruppen,Berufsschulpflichtige (15 bis 17 Jahre),2011,201102,29118,28677,0.34,1.54,28867,2011-02-01,2,2011
171,Altersgruppen,Berufsschulpflichtige (15 bis 17 Jahre),2011,201103,29149,28640,0.11,1.78,28909,2011-03-01,3,2011
172,Altersgruppen,Berufsschulpflichtige (15 bis 17 Jahre),2011,201104,29215,28577,0.23,2.23,28963,2011-04-01,4,2011
173,Altersgruppen,Berufsschulpflichtige (15 bis 17 Jahre),2011,201105,29231,28638,0.05,2.07,29012,2011-05-01,5,2011
174,Altersgruppen,Berufsschulpflichtige (15 bis 17 Jahre),2011,201106,29252,28665,0.07,2.05,29061,2011-06-01,6,2011
175,Altersgruppen,Berufsschulpflichtige (15 bis 17 Jahre),2011,201107,29412,28700,0.55,2.48,29120,2011-07-01,7,2011
176,Altersgruppen,Berufsschulpflichtige (15 bis 17 Jahre),2011,201108,29458,28817,0.16,2.22,29174,2011-08-01,8,2011
177,Altersgruppen,Berufsschulpflichtige (15 bis 17 Jahre),2011,201109,29620,28878,0.55,2.57,29236,2011-09-01,9,2011
178,Altersgruppen,Berufsschulpflichtige (15 bis 17 Jahre),2011,201110,29735,29089,0.39,2.22,29289,2011-10-01,10,2011
179,Altersgruppen,Berufsschulpflichtige (15 bis 17 Jahre),2011,201111,29788,29166,0.18,2.13,29341,2011-11-01,11,2011
180,Altersgruppen,Berufsschulpflichtige (15 bis 17 Jahre),2011,201112,29843,29097,0.18,2.56,29403,2011-12-01,12,2011
181,Altersgruppen,Berufsschulpflichtige (15 bis 17 Jahre),2010,201001,28744,29162,-0.06,-1.43,28829,2010-01-01,1,2010
182,Altersgruppen,Berufsschulpflichtige (15 bis 17 Jahre),2010,201002,28677,29105,-0.23,-1.47,28793,2010-02-01,2,2010
183,Altersgruppen,Berufsschulpflichtige (15 bis 17 Jahre),2010,201003,28640,28905,-0.13,-0.92,28771,2010-03-01,3,2010
184,Altersgruppen,Berufsschulpflichtige (15 bis 17 Jahre),2010,201004,28577,28787,-0.22,-0.73,28753,2010-04-01,4,2010
185,Altersgruppen,Berufsschulpflichtige (15 bis 17 Jahre),2010,201005,28638,28800,0.21,-0.56,28740,2010-05-01,5,2010
186,Altersgruppen,Berufsschulpflichtige (15 bis 17 Jahre),2010,201006,28665,28781,0.09,-0.4,28730,2010-06-01,6,2010
187,Altersgruppen,Berufsschulpflichtige (15 bis 17 Jahre),2010,201007,28700,28765,0.12,-0.23,28725,2010-07-01,7,2010
188,Altersgruppen,Berufsschulpflichtige (15 bis 17 Jahre),2010,201008,28817,28803,0.41,0.05,28726,2010-08-01,8,2010
189,Altersgruppen,Berufsschulpflichtige (15 bis 17 Jahre),2010,201009,28878,28853,0.21,0.09,28728,2010-09-01,9,2010
190,Altersgruppen,Berufsschulpflichtige (15 bis 17 Jahre),2010,201010,29089,28833,0.73,0.89,28749,2010-10-01,10,2010
191,Altersgruppen,Berufsschulpflichtige (15 bis 17 Jahre),2010,201011,29166,28807,0.26,1.25,28779,2010-11-01,11,2010
192,Altersgruppen,Berufsschulpflichtige (15 bis 17 Jahre),2010,201012,29097,28760,-0.24,1.17,28807,2010-12-01,12,2010
193,Altersgruppen,Berufsschulpflichtige (15 bis 17 Jahre),2009,200901,29162,29774,-0.35,-2.06,29418,2009-01-01,1,2009
194,Altersgruppen,Berufsschulpflichtige (15 bis 17 Jahre),2009,200902,29105,29682,-0.2,-1.94,29370,2009-02-01,2,2009
195,Altersgruppen,Berufsschulpflichtige (15 bis 17 Jahre),2009,200903,28905,29696,-0.69,-2.66,29304,2009-03-01,3,2009
196,Altersgruppen,Berufsschulpflichtige (15 bis 17 Jahre),2009,200904,28787,29601,-0.41,-2.75,29236,2009-04-01,4,2009
197,Altersgruppen,Berufsschulpflichtige (15 bis 17 Jahre),2009,200905,28800,29503,0.05,-2.38,29177,2009-05-01,5,2009
198,Altersgruppen,Berufsschulpflichtige (15 bis 17 Jahre),2009,200906,28781,29407,-0.07,-2.13,29125,2009-06-01,6,2009
199,Altersgruppen,Berufsschulpflichtige (15 bis 17 Jahre),2009,200907,28765,29338,-0.06,-1.95,29077,2009-07-01,7,2009
200,Altersgruppen,Berufsschulpflichtige (15 bis 17 Jahre),2009,200908,28803,29340,0.13,-1.83,29033,2009-08-01,8,2009
201,Altersgruppen,Berufsschulpflichtige (15 bis 17 Jahre),2009,200909,28853,29393,0.17,-1.84,28988,2009-09-01,9,2009
202,Altersgruppen,Berufsschulpflichtige (15 bis 17 Jahre),2009,200910,28833,29318,-0.07,-1.65,28947,2009-10-01,10,2009
203,Altersgruppen,Berufsschulpflichtige (15 bis 17 Jahre),2009,200911,28807,29309,-0.09,-1.71,28905,2009-11-01,11,2009
204,Altersgruppen,Berufsschulpflichtige (15 bis 17 Jahre),2009,200912,28760,29263,-0.16,-1.72,28863,2009-12-01,12,2009
205,Altersgruppen,Berufsschulpflichtige (15 bis 17 Jahre),2008,200801,29774,29905,-0.27,-0.44,29890,2008-01-01,1,2008
206,Altersgruppen,Berufsschulpflichtige (15 bis 17 Jahre),2008,200802,29682,29905,-0.31,-0.75,29871,2008-02-01,2,2008
207,Altersgruppen,Berufsschulpflichtige (15 bis 17 Jahre),2008,200803,29696,29890,0.05,-0.65,29855,2008-03-01,3,2008
208,Altersgruppen,Berufsschulpflichtige (15 bis 17 Jahre),2008,200804,29601,29907,-0.32,-1.02,29830,2008-04-01,4,2008
209,Altersgruppen,Berufsschulpflichtige (15 bis 17 Jahre),2008,200805,29503,29888,-0.33,-1.29,29798,2008-05-01,5,2008
210,Altersgruppen,Berufsschulpflichtige (15 bis 17 Jahre),2008,200806,29407,29872,-0.33,-1.56,29759,2008-06-01,6,2008
211,Altersgruppen,Berufsschulpflichtige (15 bis 17 Jahre),2008,200807,29338,29829,-0.23,-1.65,29718,2008-07-01,7,2008
212,Altersgruppen,Berufsschulpflichtige (15 bis 17 Jahre),2008,200808,29340,29880,0.01,-1.81,29673,2008-08-01,8,2008
213,Altersgruppen,Berufsschulpflichtige (15 bis 17 Jahre),2008,200809,29393,29984,0.18,-1.97,29624,2008-09-01,9,2008
214,Altersgruppen,Berufsschulpflichtige (15 bis 17 Jahre),2008,200810,29318,29961,-0.26,-2.15,29570,2008-10-01,10,2008
215,Altersgruppen,Berufsschulpflichtige (15 bis 17 Jahre),2008,200811,29309,29934,-0.03,-2.09,29518,2008-11-01,11,2008
216,Altersgruppen,Berufsschulpflichtige (15 bis 17 Jahre),2008,200812,29263,29854,-0.16,-1.98,29469,2008-12-01,12,2008
217,Altersgruppen,Berufsschulpflichtige (15 bis 17 Jahre),2007,200701,29905,29828,-0.03,0.26,29883,2007-01-01,1,2007
218,Altersgruppen,Berufsschulpflichtige (15 bis 17 Jahre),2007,200702,29905,29802,0,0.35,29892,2007-02-01,2,2007
219,Altersgruppen,Berufsschulpflichtige (15 bis 17 Jahre),2007,200703,29890,29808,-0.05,0.28,29898,2007-03-01,3,2007
220,Altersgruppen,Berufsschulpflichtige (15 bis 17 Jahre),2007,200704,29907,29806,0.06,0.34,29907,2007-04-01,4,2007
221,Altersgruppen,Berufsschulpflichtige (15 bis 17 Jahre),2007,200705,29888,29855,-0.06,0.11,29910,2007-05-01,5,2007
222,Altersgruppen,Berufsschulpflichtige (15 bis 17 Jahre),2007,200706,29872,29830,-0.05,0.14,29913,2007-06-01,6,2007
223,Altersgruppen,Berufsschulpflichtige (15 bis 17 Jahre),2007,200707,29829,29873,-0.14,-0.15,29909,2007-07-01,7,2007
224,Altersgruppen,Berufsschulpflichtige (15 bis 17 Jahre),2007,200708,29880,29871,0.17,0.03,29910,2007-08-01,8,2007
225,Altersgruppen,Berufsschulpflichtige (15 bis 17 Jahre),2007,200709,29984,29965,0.35,0.06,29912,2007-09-01,9,2007
226,Altersgruppen,Berufsschulpflichtige (15 bis 17 Jahre),2007,200710,29961,29979,-0.08,-0.06,29910,2007-10-01,10,2007
227,Altersgruppen,Berufsschulpflichtige (15 bis 17 Jahre),2007,200711,29934,29988,-0.09,-0.18,29906,2007-11-01,11,2007
228,Altersgruppen,Berufsschulpflichtige (15 bis 17 Jahre),2007,200712,29854,29914,-0.27,-0.2,29901,2007-12-01,12,2007
229,Altersgruppen,Berufsschulpflichtige (15 bis 17 Jahre),2006,200601,29828,29224,-0.18,2.07,29544,2006-01-01,1,2006
230,Altersgruppen,Berufsschulpflichtige (15 bis 17 Jahre),2006,200602,29802,29289,-0.09,1.75,29587,2006-02-01,2,2006
231,Altersgruppen,Berufsschulpflichtige (15 bis 17 Jahre),2006,200603,29808,29318,0.02,1.67,29627,2006-03-01,3,2006
232,Altersgruppen,Berufsschulpflichtige (15 bis 17 Jahre),2006,200604,29806,29344,-0.01,1.57,29666,2006-04-01,4,2006
233,Altersgruppen,Berufsschulpflichtige (15 bis 17 Jahre),2006,200605,29855,29356,0.16,1.7,29707,2006-05-01,5,2006
234,Altersgruppen,Berufsschulpflichtige (15 bis 17 Jahre),2006,200606,29830,29326,-0.08,1.72,29749,2006-06-01,6,2006
235,Altersgruppen,Berufsschulpflichtige (15 bis 17 Jahre),2006,200607,29873,29396,0.14,1.62,29789,2006-07-01,7,2006
236,Altersgruppen,Berufsschulpflichtige (15 bis 17 Jahre),2006,200608,29871,29533,-0.01,1.14,29817,2006-08-01,8,2006
237,Altersgruppen,Berufsschulpflichtige (15 bis 17 Jahre),2006,200609,29965,29681,0.31,0.96,29841,2006-09-01,9,2006
238,Altersgruppen,Berufsschulpflichtige (15 bis 17 Jahre),2006,200610,29979,29740,0.05,0.8,29861,2006-10-01,10,2006
239,Altersgruppen,Berufsschulpflichtige (15 bis 17 Jahre),2006,200611,29988,29832,0.03,0.52,29874,2006-11-01,11,2006
240,Altersgruppen,Berufsschulpflichtige (15 bis 17 Jahre),2006,200612,29914,29882,-0.25,0.11,29877,2006-12-01,12,2006
241,Altersgruppen,Berufsschulpflichtige (15 bis 17 Jahre),2005,200501,29224,28760,0.14,1.61,28950,2005-01-01,1,2005
242,Altersgruppen,Berufsschulpflichtige (15 bis 17 Jahre),2005,200502,29289,28826,0.22,1.61,28989,2005-02-01,2,2005
243,Altersgruppen,Berufsschulpflichtige (15 bis 17 Jahre),2005,200503,29318,28851,0.1,1.62,29028,2005-03-01,3,2005
244,Altersgruppen,Berufsschulpflichtige (15 bis 17 Jahre),2005,200504,29344,28801,0.09,1.89,29073,2005-04-01,4,2005
245,Altersgruppen,Berufsschulpflichtige (15 bis 17 Jahre),2005,200505,29356,28769,0.04,2.04,29122,2005-05-01,5,2005
246,Altersgruppen,Berufsschulpflichtige (15 bis 17 Jahre),2005,200506,29326,28747,-0.1,2.01,29170,2005-06-01,6,2005
247,Altersgruppen,Berufsschulpflichtige (15 bis 17 Jahre),2005,200507,29396,28874,0.24,1.81,29213,2005-07-01,7,2005
248,Altersgruppen,Berufsschulpflichtige (15 bis 17 Jahre),2005,200508,29533,28968,0.47,1.95,29261,2005-08-01,8,2005
249,Altersgruppen,Berufsschulpflichtige (15 bis 17 Jahre),2005,200509,29681,29028,0.5,2.25,29315,2005-09-01,9,2005
250,Altersgruppen,Berufsschulpflichtige (15 bis 17 Jahre),2005,200510,29740,29025,0.2,2.46,29375,2005-10-01,10,2005
251,Altersgruppen,Berufsschulpflichtige (15 bis 17 Jahre),2005,200511,29832,29105,0.31,2.5,29435,2005-11-01,11,2005
252,Altersgruppen,Berufsschulpflichtige (15 bis 17 Jahre),2005,200512,29882,29182,0.17,2.4,29493,2005-12-01,12,2005
253,Altersgruppen,Berufsschulpflichtige (15 bis 17 Jahre),2004,200401,28760,27740,-0.13,3.68,28300,2004-01-01,1,2004
254,Altersgruppen,Berufsschulpflichtige (15 bis 17 Jahre),2004,200402,28826,27786,0.23,3.74,28387,2004-02-01,2,2004
255,Altersgruppen,Berufsschulpflichtige (15 bis 17 Jahre),2004,200403,28851,27894,0.09,3.43,28467,2004-03-01,3,2004
256,Altersgruppen,Berufsschulpflichtige (15 bis 17 Jahre),2004,200404,28801,27945,-0.17,3.06,28538,2004-04-01,4,2004
257,Altersgruppen,Berufsschulpflichtige (15 bis 17 Jahre),2004,200405,28769,27968,-0.11,2.86,28605,2004-05-01,5,2004
258,Altersgruppen,Berufsschulpflichtige (15 bis 17 Jahre),2004,200406,28747,28101,-0.08,2.3,28659,2004-06-01,6,2004
259,Altersgruppen,Berufsschulpflichtige (15 bis 17 Jahre),2004,200407,28874,28192,0.44,2.42,28716,2004-07-01,7,2004
260,Altersgruppen,Berufsschulpflichtige (15 bis 17 Jahre),2004,200408,28968,28411,0.33,1.96,28762,2004-08-01,8,2004
261,Altersgruppen,Berufsschulpflichtige (15 bis 17 Jahre),2004,200409,29028,28510,0.21,1.82,28805,2004-09-01,9,2004
262,Altersgruppen,Berufsschulpflichtige (15 bis 17 Jahre),2004,200410,29025,28555,-0.01,1.65,28844,2004-10-01,10,2004
263,Altersgruppen,Berufsschulpflichtige (15 bis 17 Jahre),2004,200411,29105,28685,0.28,1.46,28879,2004-11-01,11,2004
264,Altersgruppen,Berufsschulpflichtige (15 bis 17 Jahre),2004,200412,29182,28798,0.26,1.33,28911,2004-12-01,12,2004
265,Altersgruppen,Berufsschulpflichtige (15 bis 17 Jahre),2003,200301,27740,27111,-0.01,2.32,27444,2003-01-01,1,2003
266,Altersgruppen,Berufsschulpflichtige (15 bis 17 Jahre),2003,200302,27786,27122,0.17,2.45,27499,2003-02-01,2,2003
267,Altersgruppen,Berufsschulpflichtige (15 bis 17 Jahre),2003,200303,27894,27142,0.39,2.77,27562,2003-03-01,3,2003
268,Altersgruppen,Berufsschulpflichtige (15 bis 17 Jahre),2003,200304,27945,27203,0.18,2.73,27624,2003-04-01,4,2003
269,Altersgruppen,Berufsschulpflichtige (15 bis 17 Jahre),2003,200305,27968,27235,0.08,2.69,27685,2003-05-01,5,2003
270,Altersgruppen,Berufsschulpflichtige (15 bis 17 Jahre),2003,200306,28101,27306,0.48,2.91,27751,2003-06-01,6,2003
271,Altersgruppen,Berufsschulpflichtige (15 bis 17 Jahre),2003,200307,28192,27445,0.32,2.72,27813,2003-07-01,7,2003
272,Altersgruppen,Berufsschulpflichtige (15 bis 17 Jahre),2003,200308,28411,27500,0.78,3.31,27889,2003-08-01,8,2003
273,Altersgruppen,Berufsschulpflichtige (15 bis 17 Jahre),2003,200309,28510,27580,0.35,3.37,27967,2003-09-01,9,2003
274,Altersgruppen,Berufsschulpflichtige (15 bis 17 Jahre),2003,200310,28555,27628,0.16,3.36,28044,2003-10-01,10,2003
275,Altersgruppen,Berufsschulpflichtige (15 bis 17 Jahre),2003,200311,28685,27680,0.46,3.63,28128,2003-11-01,11,2003
276,Altersgruppen,Berufsschulpflichtige (15 bis 17 Jahre),2003,200312,28798,27744,0.39,3.8,28215,2003-12-01,12,2003
277,Altersgruppen,Berufsschulpflichtige (15 bis 17 Jahre),2002,200201,27111,26744,-0.5,1.37,26915,2002-01-01,1,2002
278,Altersgruppen,Berufsschulpflichtige (15 bis 17 Jahre),2002,200202,27122,26725,0.04,1.49,26948,2002-02-01,2,2002
279,Altersgruppen,Berufsschulpflichtige (15 bis 17 Jahre),2002,200203,27142,26724,0.07,1.56,26983,2002-03-01,3,2002
280,Altersgruppen,Berufsschulpflichtige (15 bis 17 Jahre),2002,200204,27203,26747,0.22,1.7,27021,2002-04-01,4,2002
281,Altersgruppen,Berufsschulpflichtige (15 bis 17 Jahre),2002,200205,27235,26737,0.12,1.86,27063,2002-05-01,5,2002
282,Altersgruppen,Berufsschulpflichtige (15 bis 17 Jahre),2002,200206,27306,26810,0.26,1.85,27104,2002-06-01,6,2002
283,Altersgruppen,Berufsschulpflichtige (15 bis 17 Jahre),2002,200207,27445,26759,0.51,2.56,27161,2002-07-01,7,2002
284,Altersgruppen,Berufsschulpflichtige (15 bis 17 Jahre),2002,200208,27500,26810,0.2,2.57,27219,2002-08-01,8,2002
285,Altersgruppen,Berufsschulpflichtige (15 bis 17 Jahre),2002,200209,27580,27009,0.29,2.11,27266,2002-09-01,9,2002
286,Altersgruppen,Berufsschulpflichtige (15 bis 17 Jahre),2002,200210,27628,27135,0.17,1.82,27307,2002-10-01,10,2002
287,Altersgruppen,Berufsschulpflichtige (15 bis 17 Jahre),2002,200211,27680,27169,0.19,1.88,27350,2002-11-01,11,2002
288,Altersgruppen,Berufsschulpflichtige (15 bis 17 Jahre),2002,200212,27744,27246,0.23,1.83,27391,2002-12-01,12,2002
289,Altersgruppen,Berufsschulpflichtige (15 bis 17 Jahre),2001,200101,26744,27373,-0.25,-2.3,26993,2001-01-01,1,2001
290,Altersgruppen,Berufsschulpflichtige (15 bis 17 Jahre),2001,200102,26725,27255,-0.07,-1.94,26949,2001-02-01,2,2001
291,Altersgruppen,Berufsschulpflichtige (15 bis 17 Jahre),2001,200103,26724,27167,0,-1.63,26912,2001-03-01,3,2001
292,Altersgruppen,Berufsschulpflichtige (15 bis 17 Jahre),2001,200104,26747,27098,0.09,-1.3,26883,2001-04-01,4,2001
293,Altersgruppen,Berufsschulpflichtige (15 bis 17 Jahre),2001,200105,26737,27069,-0.04,-1.23,26855,2001-05-01,5,2001
294,Altersgruppen,Berufsschulpflichtige (15 bis 17 Jahre),2001,200106,26810,27003,0.27,-0.71,26839,2001-06-01,6,2001
295,Altersgruppen,Berufsschulpflichtige (15 bis 17 Jahre),2001,200107,26759,26944,-0.19,-0.69,26824,2001-07-01,7,2001
296,Altersgruppen,Berufsschulpflichtige (15 bis 17 Jahre),2001,200108,26810,26940,0.19,-0.48,26813,2001-08-01,8,2001
297,Altersgruppen,Berufsschulpflichtige (15 bis 17 Jahre),2001,200109,27009,26995,0.74,0.05,26814,2001-09-01,9,2001
298,Altersgruppen,Berufsschulpflichtige (15 bis 17 Jahre),2001,200110,27135,27001,0.47,0.5,26825,2001-10-01,10,2001
299,Altersgruppen,Berufsschulpflichtige (15 bis 17 Jahre),2001,200111,27169,26889,0.13,1.04,26848,2001-11-01,11,2001
300,Altersgruppen,Berufsschulpflichtige (15 bis 17 Jahre),2001,200112,27246,26811,0.28,1.62,26885,2001-12-01,12,2001
301,Altersgruppen,Berufsschulpflichtige (15 bis 17 Jahre),2000,200001,27373,NA,0.02,NA,27373,2000-01-01,1,2000
302,Altersgruppen,Berufsschulpflichtige (15 bis 17 Jahre),2000,200002,27255,NA,-0.43,NA,27314,2000-02-01,2,2000
303,Altersgruppen,Berufsschulpflichtige (15 bis 17 Jahre),2000,200003,27167,NA,-0.32,NA,27265,2000-03-01,3,2000
304,Altersgruppen,Berufsschulpflichtige (15 bis 17 Jahre),2000,200004,27098,NA,-0.25,NA,27223,2000-04-01,4,2000
305,Altersgruppen,Berufsschulpflichtige (15 bis 17 Jahre),2000,200005,27069,NA,-0.11,NA,27192,2000-05-01,5,2000
306,Altersgruppen,Berufsschulpflichtige (15 bis 17 Jahre),2000,200006,27003,NA,-0.24,NA,27161,2000-06-01,6,2000
307,Altersgruppen,Berufsschulpflichtige (15 bis 17 Jahre),2000,200007,26944,NA,-0.22,NA,27130,2000-07-01,7,2000
308,Altersgruppen,Berufsschulpflichtige (15 bis 17 Jahre),2000,200008,26940,27193,-0.01,-0.93,27106,2000-08-01,8,2000
309,Altersgruppen,Berufsschulpflichtige (15 bis 17 Jahre),2000,200009,26995,27443,0.2,-1.63,27094,2000-09-01,9,2000
310,Altersgruppen,Berufsschulpflichtige (15 bis 17 Jahre),2000,200010,27001,27416,0.02,-1.51,27085,2000-10-01,10,2000
311,Altersgruppen,Berufsschulpflichtige (15 bis 17 Jahre),2000,200011,26889,27438,-0.41,-2,27067,2000-11-01,11,2000
312,Altersgruppen,Berufsschulpflichtige (15 bis 17 Jahre),2000,200012,26811,27367,-0.29,-2.03,27045,2000-12-01,12,2000
313,Altersgruppen,Erwerbsfähige (15 bis 64 Jahre),2025,202501,1123627,1109648,0,1.26,1117343,2025-01-01,1,2025
314,Altersgruppen,Erwerbsfähige (15 bis 64 Jahre),2025,202502,1124535,1111184,0.08,1.2,1118456,2025-02-01,2,2025
315,Altersgruppen,Erwerbsfähige (15 bis 64 Jahre),2025,202503,1124653,1112037,0.01,1.13,1119507,2025-03-01,3,2025
316,Altersgruppen,Erwerbsfähige (15 bis 64 Jahre),2025,202504,1124565,1113707,-0.01,0.97,1120412,2025-04-01,4,2025
317,Altersgruppen,Erwerbsfähige (15 bis 64 Jahre),2025,202505,1124749,1114876,0.02,0.89,1121235,2025-05-01,5,2025
318,Altersgruppen,Erwerbsfähige (15 bis 64 Jahre),2025,202506,1124646,1115414,-0.01,0.83,1122004,2025-06-01,6,2025
319,Altersgruppen,Erwerbsfähige (15 bis 64 Jahre),2025,202507,1124412,1115715,-0.02,0.78,1122729,2025-07-01,7,2025
320,Altersgruppen,Erwerbsfähige (15 bis 64 Jahre),2025,202508,1123718,1114894,-0.06,0.79,1123464,2025-08-01,8,2025
321,Altersgruppen,Erwerbsfähige (15 bis 64 Jahre),2025,202509,NA,1117268,NA,NA,NA,2025-09-01,9,2025
322,Altersgruppen,Erwerbsfähige (15 bis 64 Jahre),2025,202510,NA,1121721,NA,NA,NA,2025-10-01,10,2025
323,Altersgruppen,Erwerbsfähige (15 bis 64 Jahre),2025,202511,NA,1124088,NA,NA,NA,2025-11-01,11,2025
324,Altersgruppen,Erwerbsfähige (15 bis 64 Jahre),2025,202512,NA,1123586,NA,NA,NA,2025-12-01,12,2025
325,Altersgruppen,Erwerbsfähige (15 bis 64 Jahre),2024,202401,1109648,1110451,-0.08,-0.07,1106573,2024-01-01,1,2024
326,Altersgruppen,Erwerbsfähige (15 bis 64 Jahre),2024,202402,1111184,1111042,0.14,0.01,1106585,2024-02-01,2,2024
327,Altersgruppen,Erwerbsfähige (15 bis 64 Jahre),2024,202403,1112037,1111309,0.08,0.07,1106645,2024-03-01,3,2024
328,Altersgruppen,Erwerbsfähige (15 bis 64 Jahre),2024,202404,1113707,1111973,0.15,0.16,1106790,2024-04-01,4,2024
329,Altersgruppen,Erwerbsfähige (15 bis 64 Jahre),2024,202405,1114876,1100116,0.1,1.34,1108020,2024-05-01,5,2024
330,Altersgruppen,Erwerbsfähige (15 bis 64 Jahre),2024,202406,1115414,1100453,0.05,1.36,1109267,2024-06-01,6,2024
331,Altersgruppen,Erwerbsfähige (15 bis 64 Jahre),2024,202407,1115715,1101069,0.03,1.33,1110487,2024-07-01,7,2024
332,Altersgruppen,Erwerbsfähige (15 bis 64 Jahre),2024,202408,1114894,1100958,-0.07,1.27,1111649,2024-08-01,8,2024
333,Altersgruppen,Erwerbsfähige (15 bis 64 Jahre),2024,202409,1117268,1103703,0.21,1.23,1112779,2024-09-01,9,2024
334,Altersgruppen,Erwerbsfähige (15 bis 64 Jahre),2024,202410,1121721,1108012,0.4,1.24,1113921,2024-10-01,10,2024
335,Altersgruppen,Erwerbsfähige (15 bis 64 Jahre),2024,202411,1124088,1110101,0.21,1.26,1115087,2024-11-01,11,2024
336,Altersgruppen,Erwerbsfähige (15 bis 64 Jahre),2024,202412,1123586,1110491,-0.04,1.18,1116178,2024-12-01,12,2024
337,Altersgruppen,Erwerbsfähige (15 bis 64 Jahre),2023,202301,1110451,1088969,0.07,1.97,1102708,2023-01-01,1,2023
338,Altersgruppen,Erwerbsfähige (15 bis 64 Jahre),2023,202302,1111042,1089802,0.05,1.95,1104478,2023-02-01,2,2023
339,Altersgruppen,Erwerbsfähige (15 bis 64 Jahre),2023,202303,1111309,1096756,0.02,1.33,1105691,2023-03-01,3,2023
340,Altersgruppen,Erwerbsfähige (15 bis 64 Jahre),2023,202304,1111973,1100498,0.06,1.04,1106647,2023-04-01,4,2023
341,Altersgruppen,Erwerbsfähige (15 bis 64 Jahre),2023,202305,1100116,1102201,-1.07,-0.19,1106473,2023-05-01,5,2023
342,Altersgruppen,Erwerbsfähige (15 bis 64 Jahre),2023,202306,1100453,1103144,0.03,-0.24,1106249,2023-06-01,6,2023
343,Altersgruppen,Erwerbsfähige (15 bis 64 Jahre),2023,202307,1101069,1104434,0.06,-0.3,1105969,2023-07-01,7,2023
344,Altersgruppen,Erwerbsfähige (15 bis 64 Jahre),2023,202308,1100958,1099617,-0.01,0.12,1106081,2023-08-01,8,2023
345,Altersgruppen,Erwerbsfähige (15 bis 64 Jahre),2023,202309,1103703,1101754,0.25,0.18,1106243,2023-09-01,9,2023
346,Altersgruppen,Erwerbsfähige (15 bis 64 Jahre),2023,202310,1108012,1106032,0.39,0.18,1106408,2023-10-01,10,2023
347,Altersgruppen,Erwerbsfähige (15 bis 64 Jahre),2023,202311,1110101,1108154,0.19,0.18,1106570,2023-11-01,11,2023
348,Altersgruppen,Erwerbsfähige (15 bis 64 Jahre),2023,202312,1110491,1109655,0.04,0.08,1106640,2023-12-01,12,2023
349,Altersgruppen,Erwerbsfähige (15 bis 64 Jahre),2022,202201,1088969,1088889,0.06,0.01,1088695,2022-01-01,1,2022
350,Altersgruppen,Erwerbsfähige (15 bis 64 Jahre),2022,202202,1089802,1089252,0.08,0.05,1088741,2022-02-01,2,2022
351,Altersgruppen,Erwerbsfähige (15 bis 64 Jahre),2022,202203,1096756,1088410,0.64,0.77,1089436,2022-03-01,3,2022
352,Altersgruppen,Erwerbsfähige (15 bis 64 Jahre),2022,202204,1100498,1088744,0.34,1.08,1090416,2022-04-01,4,2022
353,Altersgruppen,Erwerbsfähige (15 bis 64 Jahre),2022,202205,1102201,1088262,0.15,1.28,1091577,2022-05-01,5,2022
354,Altersgruppen,Erwerbsfähige (15 bis 64 Jahre),2022,202206,1103144,1087876,0.09,1.4,1092850,2022-06-01,6,2022
355,Altersgruppen,Erwerbsfähige (15 bis 64 Jahre),2022,202207,1104434,1087936,0.12,1.52,1094225,2022-07-01,7,2022
356,Altersgruppen,Erwerbsfähige (15 bis 64 Jahre),2022,202208,1099617,1087092,-0.44,1.15,1095268,2022-08-01,8,2022
357,Altersgruppen,Erwerbsfähige (15 bis 64 Jahre),2022,202209,1101754,1089991,0.19,1.08,1096249,2022-09-01,9,2022
358,Altersgruppen,Erwerbsfähige (15 bis 64 Jahre),2022,202210,1106032,1089316,0.39,1.53,1097642,2022-10-01,10,2022
359,Altersgruppen,Erwerbsfähige (15 bis 64 Jahre),2022,202211,1108154,1090166,0.19,1.65,1099141,2022-11-01,11,2022
360,Altersgruppen,Erwerbsfähige (15 bis 64 Jahre),2022,202212,1109655,1088325,0.14,1.96,1100918,2022-12-01,12,2022
361,Altersgruppen,Erwerbsfähige (15 bis 64 Jahre),2021,202101,1088889,1089877,0,-0.09,1087872,2021-01-01,1,2021
362,Altersgruppen,Erwerbsfähige (15 bis 64 Jahre),2021,202102,1089252,1090384,0.03,-0.1,1087778,2021-02-01,2,2021
363,Altersgruppen,Erwerbsfähige (15 bis 64 Jahre),2021,202103,1088410,1089872,-0.08,-0.13,1087656,2021-03-01,3,2021
364,Altersgruppen,Erwerbsfähige (15 bis 64 Jahre),2021,202104,1088744,1089436,0.03,-0.06,1087599,2021-04-01,4,2021
365,Altersgruppen,Erwerbsfähige (15 bis 64 Jahre),2021,202105,1088262,1087240,-0.04,0.09,1087684,2021-05-01,5,2021
366,Altersgruppen,Erwerbsfähige (15 bis 64 Jahre),2021,202106,1087876,1086138,-0.04,0.16,1087829,2021-06-01,6,2021
367,Altersgruppen,Erwerbsfähige (15 bis 64 Jahre),2021,202107,1087936,1085580,0.01,0.22,1088025,2021-07-01,7,2021
368,Altersgruppen,Erwerbsfähige (15 bis 64 Jahre),2021,202108,1087092,1084686,-0.08,0.22,1088225,2021-08-01,8,2021
369,Altersgruppen,Erwerbsfähige (15 bis 64 Jahre),2021,202109,1089991,1085325,0.27,0.43,1088614,2021-09-01,9,2021
370,Altersgruppen,Erwerbsfähige (15 bis 64 Jahre),2021,202110,1089316,1088419,-0.06,0.08,1088689,2021-10-01,10,2021
371,Altersgruppen,Erwerbsfähige (15 bis 64 Jahre),2021,202111,1090166,1089625,0.08,0.05,1088734,2021-11-01,11,2021
372,Altersgruppen,Erwerbsfähige (15 bis 64 Jahre),2021,202112,1088325,1088874,-0.17,-0.05,1088688,2021-12-01,12,2021
373,Altersgruppen,Erwerbsfähige (15 bis 64 Jahre),2020,202001,1089877,1076055,0.05,1.28,1082575,2020-01-01,1,2020
374,Altersgruppen,Erwerbsfähige (15 bis 64 Jahre),2020,202002,1090384,1076685,0.05,1.27,1083716,2020-02-01,2,2020
375,Altersgruppen,Erwerbsfähige (15 bis 64 Jahre),2020,202003,1089872,1076991,-0.05,1.2,1084790,2020-03-01,3,2020
376,Altersgruppen,Erwerbsfähige (15 bis 64 Jahre),2020,202004,1089436,1079311,-0.04,0.94,1085634,2020-04-01,4,2020
377,Altersgruppen,Erwerbsfähige (15 bis 64 Jahre),2020,202005,1087240,1079149,-0.2,0.75,1086308,2020-05-01,5,2020
378,Altersgruppen,Erwerbsfähige (15 bis 64 Jahre),2020,202006,1086138,1079847,-0.1,0.58,1086832,2020-06-01,6,2020
379,Altersgruppen,Erwerbsfähige (15 bis 64 Jahre),2020,202007,1085580,1080288,-0.05,0.49,1087273,2020-07-01,7,2020
380,Altersgruppen,Erwerbsfähige (15 bis 64 Jahre),2020,202008,1084686,1079911,-0.08,0.44,1087671,2020-08-01,8,2020
381,Altersgruppen,Erwerbsfähige (15 bis 64 Jahre),2020,202009,1085325,1083035,0.06,0.21,1087862,2020-09-01,9,2020
382,Altersgruppen,Erwerbsfähige (15 bis 64 Jahre),2020,202010,1088419,1087568,0.29,0.08,1087933,2020-10-01,10,2020
383,Altersgruppen,Erwerbsfähige (15 bis 64 Jahre),2020,202011,1089625,1088928,0.11,0.06,1087991,2020-11-01,11,2020
384,Altersgruppen,Erwerbsfähige (15 bis 64 Jahre),2020,202012,1088874,1089307,-0.07,-0.04,1087955,2020-12-01,12,2020
385,Altersgruppen,Erwerbsfähige (15 bis 64 Jahre),2019,201901,1076055,1063318,0.02,1.2,1069839,2019-01-01,1,2019
386,Altersgruppen,Erwerbsfähige (15 bis 64 Jahre),2019,201902,1076685,1064111,0.06,1.18,1070982,2019-02-01,2,2019
387,Altersgruppen,Erwerbsfähige (15 bis 64 Jahre),2019,201903,1076991,1064864,0.03,1.14,1072084,2019-03-01,3,2019
388,Altersgruppen,Erwerbsfähige (15 bis 64 Jahre),2019,201904,1079311,1066083,0.22,1.24,1073287,2019-04-01,4,2019
389,Altersgruppen,Erwerbsfähige (15 bis 64 Jahre),2019,201905,1079149,NA,-0.02,NA,1073775,2019-05-01,5,2019
390,Altersgruppen,Erwerbsfähige (15 bis 64 Jahre),2019,201906,1079847,1067388,0.06,1.17,1074814,2019-06-01,6,2019
391,Altersgruppen,Erwerbsfähige (15 bis 64 Jahre),2019,201907,1080288,1067632,0.04,1.19,1075868,2019-07-01,7,2019
392,Altersgruppen,Erwerbsfähige (15 bis 64 Jahre),2019,201908,1079911,1067559,-0.03,1.16,1076898,2019-08-01,8,2019
393,Altersgruppen,Erwerbsfähige (15 bis 64 Jahre),2019,201909,1083035,1069697,0.29,1.25,1078009,2019-09-01,9,2019
394,Altersgruppen,Erwerbsfähige (15 bis 64 Jahre),2019,201910,1087568,1073335,0.42,1.33,1079195,2019-10-01,10,2019
395,Altersgruppen,Erwerbsfähige (15 bis 64 Jahre),2019,201911,1088928,1075715,0.13,1.23,1080296,2019-11-01,11,2019
396,Altersgruppen,Erwerbsfähige (15 bis 64 Jahre),2019,201912,1089307,1075787,0.03,1.26,1081423,2019-12-01,12,2019
397,Altersgruppen,Erwerbsfähige (15 bis 64 Jahre),2018,201801,1063318,1081964,-0.05,-1.72,1075805,2018-01-01,1,2018
398,Altersgruppen,Erwerbsfähige (15 bis 64 Jahre),2018,201802,1064111,1081888,0.07,-1.64,1074323,2018-02-01,2,2018
399,Altersgruppen,Erwerbsfähige (15 bis 64 Jahre),2018,201803,1064864,1082606,0.07,-1.64,1072845,2018-03-01,3,2018
400,Altersgruppen,Erwerbsfähige (15 bis 64 Jahre),2018,201804,1066083,1083870,0.11,-1.64,1071362,2018-04-01,4,2018
401,Altersgruppen,Erwerbsfähige (15 bis 64 Jahre),2018,201805,NA,1084545,NA,NA,NA,2018-05-01,5,2018
402,Altersgruppen,Erwerbsfähige (15 bis 64 Jahre),2018,201806,1067388,1084256,NA,-1.56,1068631,2018-06-01,6,2018
403,Altersgruppen,Erwerbsfähige (15 bis 64 Jahre),2018,201807,1067632,1081951,0.02,-1.32,1067329,2018-07-01,7,2018
404,Altersgruppen,Erwerbsfähige (15 bis 64 Jahre),2018,201808,1067559,1076223,-0.01,-0.81,1066541,2018-08-01,8,2018
405,Altersgruppen,Erwerbsfähige (15 bis 64 Jahre),2018,201809,1069697,1068707,0.2,0.09,1066631,2018-09-01,9,2018
406,Altersgruppen,Erwerbsfähige (15 bis 64 Jahre),2018,201810,1073335,1070527,0.34,0.26,1066886,2018-10-01,10,2018
407,Altersgruppen,Erwerbsfähige (15 bis 64 Jahre),2018,201811,1075715,1067958,0.22,0.73,1067592,2018-11-01,11,2018
408,Altersgruppen,Erwerbsfähige (15 bis 64 Jahre),2018,201812,1075787,1063806,0.01,1.13,1068681,2018-12-01,12,2018
409,Altersgruppen,Erwerbsfähige (15 bis 64 Jahre),2017,201701,1081964,1068279,0.07,1.28,1076002,2017-01-01,1,2017
410,Altersgruppen,Erwerbsfähige (15 bis 64 Jahre),2017,201702,1081888,1069729,-0.01,1.14,1077015,2017-02-01,2,2017
411,Altersgruppen,Erwerbsfähige (15 bis 64 Jahre),2017,201703,1082606,1070196,0.07,1.16,1078049,2017-03-01,3,2017
412,Altersgruppen,Erwerbsfähige (15 bis 64 Jahre),2017,201704,1083870,1071786,0.12,1.13,1079056,2017-04-01,4,2017
413,Altersgruppen,Erwerbsfähige (15 bis 64 Jahre),2017,201705,1084545,1072596,0.06,1.11,1080052,2017-05-01,5,2017
414,Altersgruppen,Erwerbsfähige (15 bis 64 Jahre),2017,201706,1084256,1073250,-0.03,1.03,1080969,2017-06-01,6,2017
415,Altersgruppen,Erwerbsfähige (15 bis 64 Jahre),2017,201707,1081951,1074948,-0.21,0.65,1081553,2017-07-01,7,2017
416,Altersgruppen,Erwerbsfähige (15 bis 64 Jahre),2017,201708,1076223,1074965,-0.53,0.12,1081658,2017-08-01,8,2017
417,Altersgruppen,Erwerbsfähige (15 bis 64 Jahre),2017,201709,1068707,1077401,-0.7,-0.81,1080933,2017-09-01,9,2017
418,Altersgruppen,Erwerbsfähige (15 bis 64 Jahre),2017,201710,1070527,1081521,0.17,-1.02,1080017,2017-10-01,10,2017
419,Altersgruppen,Erwerbsfähige (15 bis 64 Jahre),2017,201711,1067958,1082497,-0.24,-1.34,1078805,2017-11-01,11,2017
420,Altersgruppen,Erwerbsfähige (15 bis 64 Jahre),2017,201712,1063806,1081168,-0.39,-1.61,1077358,2017-12-01,12,2017
421,Altersgruppen,Erwerbsfähige (15 bis 64 Jahre),2016,201601,1068279,1045967,0.14,2.13,1057183,2016-01-01,1,2016
422,Altersgruppen,Erwerbsfähige (15 bis 64 Jahre),2016,201602,1069729,1046694,0.14,2.2,1059102,2016-02-01,2,2016
423,Altersgruppen,Erwerbsfähige (15 bis 64 Jahre),2016,201603,1070196,1048534,0.04,2.07,1060908,2016-03-01,3,2016
424,Altersgruppen,Erwerbsfähige (15 bis 64 Jahre),2016,201604,1071786,1050164,0.15,2.06,1062709,2016-04-01,4,2016
425,Altersgruppen,Erwerbsfähige (15 bis 64 Jahre),2016,201605,1072596,1051606,0.08,2,1064459,2016-05-01,5,2016
426,Altersgruppen,Erwerbsfähige (15 bis 64 Jahre),2016,201606,1073250,1053302,0.06,1.89,1066121,2016-06-01,6,2016
427,Altersgruppen,Erwerbsfähige (15 bis 64 Jahre),2016,201607,1074948,1054514,0.16,1.94,1067824,2016-07-01,7,2016
428,Altersgruppen,Erwerbsfähige (15 bis 64 Jahre),2016,201608,1074965,1055896,0,1.81,1069413,2016-08-01,8,2016
429,Altersgruppen,Erwerbsfähige (15 bis 64 Jahre),2016,201609,1077401,1060065,0.23,1.64,1070858,2016-09-01,9,2016
430,Altersgruppen,Erwerbsfähige (15 bis 64 Jahre),2016,201610,1081521,1064318,0.38,1.62,1072291,2016-10-01,10,2016
431,Altersgruppen,Erwerbsfähige (15 bis 64 Jahre),2016,201611,1082497,1066051,0.09,1.54,1073662,2016-11-01,11,2016
432,Altersgruppen,Erwerbsfähige (15 bis 64 Jahre),2016,201612,1081168,1066771,-0.12,1.35,1074861,2016-12-01,12,2016
433,Altersgruppen,Erwerbsfähige (15 bis 64 Jahre),2015,201501,1045967,1027343,0.13,1.81,1037339,2015-01-01,1,2015
434,Altersgruppen,Erwerbsfähige (15 bis 64 Jahre),2015,201502,1046694,1028423,0.07,1.78,1038862,2015-02-01,2,2015
435,Altersgruppen,Erwerbsfähige (15 bis 64 Jahre),2015,201503,1048534,1030238,0.18,1.78,1040386,2015-03-01,3,2015
436,Altersgruppen,Erwerbsfähige (15 bis 64 Jahre),2015,201504,1050164,1031748,0.16,1.78,1041921,2015-04-01,4,2015
437,Altersgruppen,Erwerbsfähige (15 bis 64 Jahre),2015,201505,1051606,1032882,0.14,1.81,1043481,2015-05-01,5,2015
438,Altersgruppen,Erwerbsfähige (15 bis 64 Jahre),2015,201506,1053302,1033604,0.16,1.91,1045123,2015-06-01,6,2015
439,Altersgruppen,Erwerbsfähige (15 bis 64 Jahre),2015,201507,1054514,1034913,0.12,1.89,1046756,2015-07-01,7,2015
440,Altersgruppen,Erwerbsfähige (15 bis 64 Jahre),2015,201508,1055896,1036156,0.13,1.91,1048401,2015-08-01,8,2015
441,Altersgruppen,Erwerbsfähige (15 bis 64 Jahre),2015,201509,1060065,1040022,0.39,1.93,1050071,2015-09-01,9,2015
442,Altersgruppen,Erwerbsfähige (15 bis 64 Jahre),2015,201510,1064318,1044055,0.4,1.94,1051760,2015-10-01,10,2015
443,Altersgruppen,Erwerbsfähige (15 bis 64 Jahre),2015,201511,1066051,1045456,0.16,1.97,1053476,2015-11-01,11,2015
444,Altersgruppen,Erwerbsfähige (15 bis 64 Jahre),2015,201512,1066771,1044603,0.07,2.12,1055324,2015-12-01,12,2015
445,Altersgruppen,Erwerbsfähige (15 bis 64 Jahre),2014,201401,1027343,1009187,0.07,1.8,1018899,2014-01-01,1,2014
446,Altersgruppen,Erwerbsfähige (15 bis 64 Jahre),2014,201402,1028423,1009813,0.11,1.84,1020450,2014-02-01,2,2014
447,Altersgruppen,Erwerbsfähige (15 bis 64 Jahre),2014,201403,1030238,1010523,0.18,1.95,1022093,2014-03-01,3,2014
448,Altersgruppen,Erwerbsfähige (15 bis 64 Jahre),2014,201404,1031748,1013230,0.15,1.83,1023636,2014-04-01,4,2014
449,Altersgruppen,Erwerbsfähige (15 bis 64 Jahre),2014,201405,1032882,1014034,0.11,1.86,1025206,2014-05-01,5,2014
450,Altersgruppen,Erwerbsfähige (15 bis 64 Jahre),2014,201406,1033604,1015378,0.07,1.79,1026725,2014-06-01,6,2014
451,Altersgruppen,Erwerbsfähige (15 bis 64 Jahre),2014,201407,1034913,1017159,0.13,1.75,1028205,2014-07-01,7,2014
452,Altersgruppen,Erwerbsfähige (15 bis 64 Jahre),2014,201408,1036156,1017976,0.12,1.79,1029720,2014-08-01,8,2014
453,Altersgruppen,Erwerbsfähige (15 bis 64 Jahre),2014,201409,1040022,1021827,0.37,1.78,1031236,2014-09-01,9,2014
454,Altersgruppen,Erwerbsfähige (15 bis 64 Jahre),2014,201410,1044055,1025905,0.39,1.77,1032749,2014-10-01,10,2014
455,Altersgruppen,Erwerbsfähige (15 bis 64 Jahre),2014,201411,1045456,1026943,0.13,1.8,1034291,2014-11-01,11,2014
456,Altersgruppen,Erwerbsfähige (15 bis 64 Jahre),2014,201412,1044603,1026655,-0.08,1.75,1035787,2014-12-01,12,2014
457,Altersgruppen,Erwerbsfähige (15 bis 64 Jahre),2013,201301,1009187,989699,0.05,1.97,1000584,2013-01-01,1,2013
458,Altersgruppen,Erwerbsfähige (15 bis 64 Jahre),2013,201302,1009813,990721,0.06,1.93,1002175,2013-02-01,2,2013
459,Altersgruppen,Erwerbsfähige (15 bis 64 Jahre),2013,201303,1010523,992129,0.07,1.85,1003708,2013-03-01,3,2013
460,Altersgruppen,Erwerbsfähige (15 bis 64 Jahre),2013,201304,1013230,994121,0.27,1.92,1005300,2013-04-01,4,2013
461,Altersgruppen,Erwerbsfähige (15 bis 64 Jahre),2013,201305,1014034,998203,0.08,1.59,1006620,2013-05-01,5,2013
462,Altersgruppen,Erwerbsfähige (15 bis 64 Jahre),2013,201306,1015378,997250,0.13,1.82,1008130,2013-06-01,6,2013
463,Altersgruppen,Erwerbsfähige (15 bis 64 Jahre),2013,201307,1017159,999156,0.18,1.8,1009631,2013-07-01,7,2013
464,Altersgruppen,Erwerbsfähige (15 bis 64 Jahre),2013,201308,1017976,999546,0.08,1.84,1011166,2013-08-01,8,2013
465,Altersgruppen,Erwerbsfähige (15 bis 64 Jahre),2013,201309,1021827,1002589,0.38,1.92,1012770,2013-09-01,9,2013
466,Altersgruppen,Erwerbsfähige (15 bis 64 Jahre),2013,201310,1025905,1007134,0.4,1.86,1014334,2013-10-01,10,2013
467,Altersgruppen,Erwerbsfähige (15 bis 64 Jahre),2013,201311,1026943,1008261,0.1,1.85,1015891,2013-11-01,11,2013
468,Altersgruppen,Erwerbsfähige (15 bis 64 Jahre),2013,201312,1026655,1008712,-0.03,1.78,1017386,2013-12-01,12,2013
469,Altersgruppen,Erwerbsfähige (15 bis 64 Jahre),2012,201201,989699,967517,0.2,2.29,978951,2012-01-01,1,2012
470,Altersgruppen,Erwerbsfähige (15 bis 64 Jahre),2012,201202,990721,968665,0.1,2.28,980789,2012-02-01,2,2012
471,Altersgruppen,Erwerbsfähige (15 bis 64 Jahre),2012,201203,992129,970215,0.14,2.26,982615,2012-03-01,3,2012
472,Altersgruppen,Erwerbsfähige (15 bis 64 Jahre),2012,201204,994121,971891,0.2,2.29,984468,2012-04-01,4,2012
473,Altersgruppen,Erwerbsfähige (15 bis 64 Jahre),2012,201205,998203,973933,0.41,2.49,986490,2012-05-01,5,2012
474,Altersgruppen,Erwerbsfähige (15 bis 64 Jahre),2012,201206,997250,975435,-0.1,2.24,988308,2012-06-01,6,2012
475,Altersgruppen,Erwerbsfähige (15 bis 64 Jahre),2012,201207,999156,977273,0.19,2.24,990132,2012-07-01,7,2012
476,Altersgruppen,Erwerbsfähige (15 bis 64 Jahre),2012,201208,999546,977932,0.04,2.21,991933,2012-08-01,8,2012
477,Altersgruppen,Erwerbsfähige (15 bis 64 Jahre),2012,201209,1002589,980938,0.3,2.21,993737,2012-09-01,9,2012
478,Altersgruppen,Erwerbsfähige (15 bis 64 Jahre),2012,201210,1007134,986035,0.45,2.14,995496,2012-10-01,10,2012
479,Altersgruppen,Erwerbsfähige (15 bis 64 Jahre),2012,201211,1008261,987669,0.11,2.08,997212,2012-11-01,11,2012
480,Altersgruppen,Erwerbsfähige (15 bis 64 Jahre),2012,201212,1008712,987729,0.04,2.12,998960,2012-12-01,12,2012
481,Altersgruppen,Erwerbsfähige (15 bis 64 Jahre),2011,201101,967517,953275,0.14,1.49,958600,2011-01-01,1,2011
482,Altersgruppen,Erwerbsfähige (15 bis 64 Jahre),2011,201102,968665,952900,0.12,1.65,959914,2011-02-01,2,2011
483,Altersgruppen,Erwerbsfähige (15 bis 64 Jahre),2011,201103,970215,953049,0.16,1.8,961344,2011-03-01,3,2011
484,Altersgruppen,Erwerbsfähige (15 bis 64 Jahre),2011,201104,971891,953922,0.17,1.88,962842,2011-04-01,4,2011
485,Altersgruppen,Erwerbsfähige (15 bis 64 Jahre),2011,201105,973933,955276,0.21,1.95,964397,2011-05-01,5,2011
486,Altersgruppen,Erwerbsfähige (15 bis 64 Jahre),2011,201106,975435,953490,0.15,2.3,966225,2011-06-01,6,2011
487,Altersgruppen,Erwerbsfähige (15 bis 64 Jahre),2011,201107,977273,955050,0.19,2.33,968077,2011-07-01,7,2011
488,Altersgruppen,Erwerbsfähige (15 bis 64 Jahre),2011,201108,977932,957138,0.07,2.17,969810,2011-08-01,8,2011
489,Altersgruppen,Erwerbsfähige (15 bis 64 Jahre),2011,201109,980938,959249,0.31,2.26,971618,2011-09-01,9,2011
490,Altersgruppen,Erwerbsfähige (15 bis 64 Jahre),2011,201110,986035,963755,0.52,2.31,973474,2011-10-01,10,2011
491,Altersgruppen,Erwerbsfähige (15 bis 64 Jahre),2011,201111,987669,965671,0.17,2.28,975307,2011-11-01,11,2011
492,Altersgruppen,Erwerbsfähige (15 bis 64 Jahre),2011,201112,987729,966185,0.01,2.23,977103,2011-12-01,12,2011
493,Altersgruppen,Erwerbsfähige (15 bis 64 Jahre),2010,201001,953275,961061,0.01,-0.81,950523,2010-01-01,1,2010
494,Altersgruppen,Erwerbsfähige (15 bis 64 Jahre),2010,201002,952900,957495,-0.04,-0.48,950140,2010-02-01,2,2010
495,Altersgruppen,Erwerbsfähige (15 bis 64 Jahre),2010,201003,953049,945813,0.02,0.77,950743,2010-03-01,3,2010
496,Altersgruppen,Erwerbsfähige (15 bis 64 Jahre),2010,201004,953922,945658,0.09,0.87,951432,2010-04-01,4,2010
497,Altersgruppen,Erwerbsfähige (15 bis 64 Jahre),2010,201005,955276,946295,0.14,0.95,952180,2010-05-01,5,2010
498,Altersgruppen,Erwerbsfähige (15 bis 64 Jahre),2010,201006,953490,947544,-0.19,0.63,952676,2010-06-01,6,2010
499,Altersgruppen,Erwerbsfähige (15 bis 64 Jahre),2010,201007,955050,948585,0.16,0.68,953215,2010-07-01,7,2010
500,Altersgruppen,Erwerbsfähige (15 bis 64 Jahre),2010,201008,957138,949480,0.22,0.81,953853,2010-08-01,8,2010
501,Altersgruppen,Erwerbsfähige (15 bis 64 Jahre),2010,201009,959249,951248,0.22,0.84,954520,2010-09-01,9,2010
502,Altersgruppen,Erwerbsfähige (15 bis 64 Jahre),2010,201010,963755,954306,0.47,0.99,955307,2010-10-01,10,2010
503,Altersgruppen,Erwerbsfähige (15 bis 64 Jahre),2010,201011,965671,953399,0.2,1.29,956330,2010-11-01,11,2010
504,Altersgruppen,Erwerbsfähige (15 bis 64 Jahre),2010,201012,966185,953180,0.05,1.36,957413,2010-12-01,12,2010
505,Altersgruppen,Erwerbsfähige (15 bis 64 Jahre),2009,200901,961061,951996,0.07,0.95,955242,2009-01-01,1,2009
506,Altersgruppen,Erwerbsfähige (15 bis 64 Jahre),2009,200902,957495,951386,-0.37,0.64,955751,2009-02-01,2,2009
507,Altersgruppen,Erwerbsfähige (15 bis 64 Jahre),2009,200903,945813,952595,-1.22,-0.71,955186,2009-03-01,3,2009
508,Altersgruppen,Erwerbsfähige (15 bis 64 Jahre),2009,200904,945658,953258,-0.02,-0.8,954552,2009-04-01,4,2009
509,Altersgruppen,Erwerbsfähige (15 bis 64 Jahre),2009,200905,946295,954148,0.07,-0.82,953898,2009-05-01,5,2009
510,Altersgruppen,Erwerbsfähige (15 bis 64 Jahre),2009,200906,947544,950912,0.13,-0.35,953617,2009-06-01,6,2009
511,Altersgruppen,Erwerbsfähige (15 bis 64 Jahre),2009,200907,948585,952226,0.11,-0.38,953314,2009-07-01,7,2009
512,Altersgruppen,Erwerbsfähige (15 bis 64 Jahre),2009,200908,949480,952648,0.09,-0.33,953050,2009-08-01,8,2009
513,Altersgruppen,Erwerbsfähige (15 bis 64 Jahre),2009,200909,951248,955368,0.19,-0.43,952706,2009-09-01,9,2009
514,Altersgruppen,Erwerbsfähige (15 bis 64 Jahre),2009,200910,954306,959072,0.32,-0.5,952309,2009-10-01,10,2009
515,Altersgruppen,Erwerbsfähige (15 bis 64 Jahre),2009,200911,953399,959867,-0.1,-0.67,951770,2009-11-01,11,2009
516,Altersgruppen,Erwerbsfähige (15 bis 64 Jahre),2009,200912,953180,960359,-0.02,-0.75,951172,2009-12-01,12,2009
517,Altersgruppen,Erwerbsfähige (15 bis 64 Jahre),2008,200801,951996,936621,0.05,1.64,944406,2008-01-01,1,2008
518,Altersgruppen,Erwerbsfähige (15 bis 64 Jahre),2008,200802,951386,938321,-0.06,1.39,945495,2008-02-01,2,2008
519,Altersgruppen,Erwerbsfähige (15 bis 64 Jahre),2008,200803,952595,939025,0.13,1.45,946625,2008-03-01,3,2008
520,Altersgruppen,Erwerbsfähige (15 bis 64 Jahre),2008,200804,953258,940423,0.07,1.36,947695,2008-04-01,4,2008
521,Altersgruppen,Erwerbsfähige (15 bis 64 Jahre),2008,200805,954148,941520,0.09,1.34,948747,2008-05-01,5,2008
522,Altersgruppen,Erwerbsfähige (15 bis 64 Jahre),2008,200806,950912,942646,-0.34,0.88,949436,2008-06-01,6,2008
523,Altersgruppen,Erwerbsfähige (15 bis 64 Jahre),2008,200807,952226,940517,0.14,1.24,950412,2008-07-01,7,2008
524,Altersgruppen,Erwerbsfähige (15 bis 64 Jahre),2008,200808,952648,941733,0.04,1.16,951322,2008-08-01,8,2008
525,Altersgruppen,Erwerbsfähige (15 bis 64 Jahre),2008,200809,955368,944363,0.29,1.17,952239,2008-09-01,9,2008
526,Altersgruppen,Erwerbsfähige (15 bis 64 Jahre),2008,200810,959072,949886,0.39,0.97,953004,2008-10-01,10,2008
527,Altersgruppen,Erwerbsfähige (15 bis 64 Jahre),2008,200811,959867,950927,0.08,0.94,953749,2008-11-01,11,2008
528,Altersgruppen,Erwerbsfähige (15 bis 64 Jahre),2008,200812,960359,951513,0.05,0.93,954486,2008-12-01,12,2008
529,Altersgruppen,Erwerbsfähige (15 bis 64 Jahre),2007,200701,936621,908310,0.21,3.12,925048,2007-01-01,1,2007
530,Altersgruppen,Erwerbsfähige (15 bis 64 Jahre),2007,200702,938321,912063,0.18,2.88,927236,2007-02-01,2,2007
531,Altersgruppen,Erwerbsfähige (15 bis 64 Jahre),2007,200703,939025,912720,0.08,2.88,929428,2007-03-01,3,2007
532,Altersgruppen,Erwerbsfähige (15 bis 64 Jahre),2007,200704,940423,914884,0.15,2.79,931557,2007-04-01,4,2007
533,Altersgruppen,Erwerbsfähige (15 bis 64 Jahre),2007,200705,941520,919418,0.12,2.4,933399,2007-05-01,5,2007
534,Altersgruppen,Erwerbsfähige (15 bis 64 Jahre),2007,200706,942646,923206,0.12,2.11,935019,2007-06-01,6,2007
535,Altersgruppen,Erwerbsfähige (15 bis 64 Jahre),2007,200707,940517,925067,-0.23,1.67,936306,2007-07-01,7,2007
536,Altersgruppen,Erwerbsfähige (15 bis 64 Jahre),2007,200708,941733,925754,0.13,1.73,937638,2007-08-01,8,2007
537,Altersgruppen,Erwerbsfähige (15 bis 64 Jahre),2007,200709,944363,928310,0.28,1.73,938975,2007-09-01,9,2007
538,Altersgruppen,Erwerbsfähige (15 bis 64 Jahre),2007,200710,949886,933377,0.58,1.77,940351,2007-10-01,10,2007
539,Altersgruppen,Erwerbsfähige (15 bis 64 Jahre),2007,200711,950927,934534,0.11,1.75,941717,2007-11-01,11,2007
540,Altersgruppen,Erwerbsfähige (15 bis 64 Jahre),2007,200712,951513,934624,0.06,1.81,943125,2007-12-01,12,2007
541,Altersgruppen,Erwerbsfähige (15 bis 64 Jahre),2006,200601,908310,900134,0.29,0.91,903482,2006-01-01,1,2006
542,Altersgruppen,Erwerbsfähige (15 bis 64 Jahre),2006,200602,912063,900378,0.41,1.3,904456,2006-02-01,2,2006
543,Altersgruppen,Erwerbsfähige (15 bis 64 Jahre),2006,200603,912720,901110,0.07,1.29,905424,2006-03-01,3,2006
544,Altersgruppen,Erwerbsfähige (15 bis 64 Jahre),2006,200604,914884,901493,0.24,1.49,906540,2006-04-01,4,2006
545,Altersgruppen,Erwerbsfähige (15 bis 64 Jahre),2006,200605,919418,902078,0.5,1.92,907985,2006-05-01,5,2006
546,Altersgruppen,Erwerbsfähige (15 bis 64 Jahre),2006,200606,923206,902357,0.41,2.31,909722,2006-06-01,6,2006
547,Altersgruppen,Erwerbsfähige (15 bis 64 Jahre),2006,200607,925067,902369,0.2,2.52,911613,2006-07-01,7,2006
548,Altersgruppen,Erwerbsfähige (15 bis 64 Jahre),2006,200608,925754,902717,0.07,2.55,913533,2006-08-01,8,2006
549,Altersgruppen,Erwerbsfähige (15 bis 64 Jahre),2006,200609,928310,903507,0.28,2.75,915600,2006-09-01,9,2006
550,Altersgruppen,Erwerbsfähige (15 bis 64 Jahre),2006,200610,933377,905800,0.55,3.04,917898,2006-10-01,10,2006
551,Altersgruppen,Erwerbsfähige (15 bis 64 Jahre),2006,200611,934534,906022,0.12,3.15,920274,2006-11-01,11,2006
552,Altersgruppen,Erwerbsfähige (15 bis 64 Jahre),2006,200612,934624,905647,0.01,3.2,922689,2006-12-01,12,2006
553,Altersgruppen,Erwerbsfähige (15 bis 64 Jahre),2005,200501,900134,899868,0.07,0.03,898647,2005-01-01,1,2005
554,Altersgruppen,Erwerbsfähige (15 bis 64 Jahre),2005,200502,900378,899180,0.03,0.13,898747,2005-02-01,2,2005
555,Altersgruppen,Erwerbsfähige (15 bis 64 Jahre),2005,200503,901110,898614,0.08,0.28,898955,2005-03-01,3,2005
556,Altersgruppen,Erwerbsfähige (15 bis 64 Jahre),2005,200504,901493,897300,0.04,0.47,899304,2005-04-01,4,2005
557,Altersgruppen,Erwerbsfähige (15 bis 64 Jahre),2005,200505,902078,897576,0.06,0.5,899679,2005-05-01,5,2005
558,Altersgruppen,Erwerbsfähige (15 bis 64 Jahre),2005,200506,902357,898224,0.03,0.46,900024,2005-06-01,6,2005
559,Altersgruppen,Erwerbsfähige (15 bis 64 Jahre),2005,200507,902369,896291,0,0.68,900530,2005-07-01,7,2005
560,Altersgruppen,Erwerbsfähige (15 bis 64 Jahre),2005,200508,902717,897209,0.04,0.61,900989,2005-08-01,8,2005
561,Altersgruppen,Erwerbsfähige (15 bis 64 Jahre),2005,200509,903507,898479,0.09,0.56,901408,2005-09-01,9,2005
562,Altersgruppen,Erwerbsfähige (15 bis 64 Jahre),2005,200510,905800,900476,0.25,0.59,901852,2005-10-01,10,2005
563,Altersgruppen,Erwerbsfähige (15 bis 64 Jahre),2005,200511,906022,900768,0.02,0.58,902290,2005-11-01,11,2005
564,Altersgruppen,Erwerbsfähige (15 bis 64 Jahre),2005,200512,905647,899513,-0.04,0.68,902801,2005-12-01,12,2005
565,Altersgruppen,Erwerbsfähige (15 bis 64 Jahre),2004,200401,899868,903937,-0.18,-0.45,903566,2004-01-01,1,2004
566,Altersgruppen,Erwerbsfähige (15 bis 64 Jahre),2004,200402,899180,903868,-0.08,-0.52,903176,2004-02-01,2,2004
567,Altersgruppen,Erwerbsfähige (15 bis 64 Jahre),2004,200403,898614,903533,-0.06,-0.54,902766,2004-03-01,3,2004
568,Altersgruppen,Erwerbsfähige (15 bis 64 Jahre),2004,200404,897300,902887,-0.15,-0.62,902300,2004-04-01,4,2004
569,Altersgruppen,Erwerbsfähige (15 bis 64 Jahre),2004,200405,897576,903302,0.03,-0.63,901823,2004-05-01,5,2004
570,Altersgruppen,Erwerbsfähige (15 bis 64 Jahre),2004,200406,898224,903576,0.07,-0.59,901377,2004-06-01,6,2004
571,Altersgruppen,Erwerbsfähige (15 bis 64 Jahre),2004,200407,896291,904065,-0.22,-0.86,900729,2004-07-01,7,2004
572,Altersgruppen,Erwerbsfähige (15 bis 64 Jahre),2004,200408,897209,903950,0.1,-0.75,900168,2004-08-01,8,2004
573,Altersgruppen,Erwerbsfähige (15 bis 64 Jahre),2004,200409,898479,905245,0.14,-0.75,899604,2004-09-01,9,2004
574,Altersgruppen,Erwerbsfähige (15 bis 64 Jahre),2004,200410,900476,906255,0.22,-0.64,899122,2004-10-01,10,2004
575,Altersgruppen,Erwerbsfähige (15 bis 64 Jahre),2004,200411,900768,904764,0.03,-0.44,898789,2004-11-01,11,2004
576,Altersgruppen,Erwerbsfähige (15 bis 64 Jahre),2004,200412,899513,901484,-0.14,-0.22,898625,2004-12-01,12,2004
577,Altersgruppen,Erwerbsfähige (15 bis 64 Jahre),2003,200301,903937,902274,-0.03,0.18,904149,2003-01-01,1,2003
578,Altersgruppen,Erwerbsfähige (15 bis 64 Jahre),2003,200302,903868,902492,-0.01,0.15,904263,2003-02-01,2,2003
579,Altersgruppen,Erwerbsfähige (15 bis 64 Jahre),2003,200303,903533,903191,-0.04,0.04,904292,2003-03-01,3,2003
580,Altersgruppen,Erwerbsfähige (15 bis 64 Jahre),2003,200304,902887,904252,-0.07,-0.15,904178,2003-04-01,4,2003
581,Altersgruppen,Erwerbsfähige (15 bis 64 Jahre),2003,200305,903302,904833,0.05,-0.17,904050,2003-05-01,5,2003
582,Altersgruppen,Erwerbsfähige (15 bis 64 Jahre),2003,200306,903576,904144,0.03,-0.06,904003,2003-06-01,6,2003
583,Altersgruppen,Erwerbsfähige (15 bis 64 Jahre),2003,200307,904065,903663,0.05,0.04,904037,2003-07-01,7,2003
584,Altersgruppen,Erwerbsfähige (15 bis 64 Jahre),2003,200308,903950,903601,-0.01,0.04,904066,2003-08-01,8,2003
585,Altersgruppen,Erwerbsfähige (15 bis 64 Jahre),2003,200309,905245,904598,0.14,0.07,904120,2003-09-01,9,2003
586,Altersgruppen,Erwerbsfähige (15 bis 64 Jahre),2003,200310,906255,906023,0.11,0.03,904139,2003-10-01,10,2003
587,Altersgruppen,Erwerbsfähige (15 bis 64 Jahre),2003,200311,904764,904850,-0.16,-0.01,904132,2003-11-01,11,2003
588,Altersgruppen,Erwerbsfähige (15 bis 64 Jahre),2003,200312,901484,904198,-0.36,-0.3,903906,2003-12-01,12,2003
589,Altersgruppen,Erwerbsfähige (15 bis 64 Jahre),2002,200201,902274,900359,-0.35,0.21,902552,2002-01-01,1,2002
590,Altersgruppen,Erwerbsfähige (15 bis 64 Jahre),2002,200202,902492,900176,0.02,0.26,902745,2002-02-01,2,2002
591,Altersgruppen,Erwerbsfähige (15 bis 64 Jahre),2002,200203,903191,900401,0.08,0.31,902978,2002-03-01,3,2002
592,Altersgruppen,Erwerbsfähige (15 bis 64 Jahre),2002,200204,904252,901250,0.12,0.33,903228,2002-04-01,4,2002
593,Altersgruppen,Erwerbsfähige (15 bis 64 Jahre),2002,200205,904833,902066,0.06,0.31,903459,2002-05-01,5,2002
594,Altersgruppen,Erwerbsfähige (15 bis 64 Jahre),2002,200206,904144,902099,-0.08,0.23,903629,2002-06-01,6,2002
595,Altersgruppen,Erwerbsfähige (15 bis 64 Jahre),2002,200207,903663,901940,-0.05,0.19,903773,2002-07-01,7,2002
596,Altersgruppen,Erwerbsfähige (15 bis 64 Jahre),2002,200208,903601,901491,-0.01,0.23,903948,2002-08-01,8,2002
597,Altersgruppen,Erwerbsfähige (15 bis 64 Jahre),2002,200209,904598,902391,0.11,0.24,904132,2002-09-01,9,2002
598,Altersgruppen,Erwerbsfähige (15 bis 64 Jahre),2002,200210,906023,905314,0.16,0.08,904191,2002-10-01,10,2002
599,Altersgruppen,Erwerbsfähige (15 bis 64 Jahre),2002,200211,904850,905739,-0.13,-0.1,904117,2002-11-01,11,2002
600,Altersgruppen,Erwerbsfähige (15 bis 64 Jahre),2002,200212,904198,905487,-0.07,-0.14,904010,2002-12-01,12,2002
601,Altersgruppen,Erwerbsfähige (15 bis 64 Jahre),2001,200101,900359,888252,0.18,1.36,893819,2001-01-01,1,2001
602,Altersgruppen,Erwerbsfähige (15 bis 64 Jahre),2001,200102,900176,888432,-0.02,1.32,894798,2001-02-01,2,2001
603,Altersgruppen,Erwerbsfähige (15 bis 64 Jahre),2001,200103,900401,888420,0.02,1.35,895797,2001-03-01,3,2001
604,Altersgruppen,Erwerbsfähige (15 bis 64 Jahre),2001,200104,901250,889515,0.09,1.32,896774,2001-04-01,4,2001
605,Altersgruppen,Erwerbsfähige (15 bis 64 Jahre),2001,200105,902066,890635,0.09,1.28,897727,2001-05-01,5,2001
606,Altersgruppen,Erwerbsfähige (15 bis 64 Jahre),2001,200106,902099,891931,0,1.14,898574,2001-06-01,6,2001
607,Altersgruppen,Erwerbsfähige (15 bis 64 Jahre),2001,200107,901940,893452,-0.02,0.95,899282,2001-07-01,7,2001
608,Altersgruppen,Erwerbsfähige (15 bis 64 Jahre),2001,200108,901491,893724,-0.05,0.87,899929,2001-08-01,8,2001
609,Altersgruppen,Erwerbsfähige (15 bis 64 Jahre),2001,200109,902391,894576,0.1,0.87,900580,2001-09-01,9,2001
610,Altersgruppen,Erwerbsfähige (15 bis 64 Jahre),2001,200110,905314,897278,0.32,0.9,901250,2001-10-01,10,2001
611,Altersgruppen,Erwerbsfähige (15 bis 64 Jahre),2001,200111,905739,898795,0.05,0.77,901829,2001-11-01,11,2001
612,Altersgruppen,Erwerbsfähige (15 bis 64 Jahre),2001,200112,905487,898716,-0.03,0.75,902393,2001-12-01,12,2001
613,Altersgruppen,Erwerbsfähige (15 bis 64 Jahre),2000,200001,888252,NA,0.06,NA,888252,2000-01-01,1,2000
614,Altersgruppen,Erwerbsfähige (15 bis 64 Jahre),2000,200002,888432,NA,0.02,NA,888342,2000-02-01,2,2000
615,Altersgruppen,Erwerbsfähige (15 bis 64 Jahre),2000,200003,888420,NA,0,NA,888368,2000-03-01,3,2000
616,Altersgruppen,Erwerbsfähige (15 bis 64 Jahre),2000,200004,889515,NA,0.12,NA,888655,2000-04-01,4,2000
617,Altersgruppen,Erwerbsfähige (15 bis 64 Jahre),2000,200005,890635,NA,0.13,NA,889051,2000-05-01,5,2000
618,Altersgruppen,Erwerbsfähige (15 bis 64 Jahre),2000,200006,891931,NA,0.15,NA,889531,2000-06-01,6,2000
619,Altersgruppen,Erwerbsfähige (15 bis 64 Jahre),2000,200007,893452,NA,0.17,NA,890091,2000-07-01,7,2000
620,Altersgruppen,Erwerbsfähige (15 bis 64 Jahre),2000,200008,893724,882088,0.03,1.32,890545,2000-08-01,8,2000
621,Altersgruppen,Erwerbsfähige (15 bis 64 Jahre),2000,200009,894576,885765,0.1,0.99,890993,2000-09-01,9,2000
622,Altersgruppen,Erwerbsfähige (15 bis 64 Jahre),2000,200010,897278,887584,0.3,1.09,891622,2000-10-01,10,2000
623,Altersgruppen,Erwerbsfähige (15 bis 64 Jahre),2000,200011,898795,888192,0.17,1.19,892274,2000-11-01,11,2000
624,Altersgruppen,Erwerbsfähige (15 bis 64 Jahre),2000,200012,898716,887678,-0.01,1.24,892811,2000-12-01,12,2000
625,Altersgruppen,Minderjährige (0 bis 17 Jahre),2025,202501,246293,246468,-0.08,-0.07,246688,2025-01-01,1,2025
626,Altersgruppen,Minderjährige (0 bis 17 Jahre),2025,202502,246354,246673,0.02,-0.13,246661,2025-02-01,2,2025
627,Altersgruppen,Minderjährige (0 bis 17 Jahre),2025,202503,246248,246602,-0.04,-0.14,246632,2025-03-01,3,2025
628,Altersgruppen,Minderjährige (0 bis 17 Jahre),2025,202504,246060,246893,-0.08,-0.34,246562,2025-04-01,4,2025
629,Altersgruppen,Minderjährige (0 bis 17 Jahre),2025,202505,245725,246749,-0.14,-0.41,246477,2025-05-01,5,2025
630,Altersgruppen,Minderjährige (0 bis 17 Jahre),2025,202506,245298,246813,-0.17,-0.61,246351,2025-06-01,6,2025
631,Altersgruppen,Minderjährige (0 bis 17 Jahre),2025,202507,245468,247005,0.07,-0.62,246223,2025-07-01,7,2025
632,Altersgruppen,Minderjährige (0 bis 17 Jahre),2025,202508,245208,246661,-0.11,-0.59,246102,2025-08-01,8,2025
633,Altersgruppen,Minderjährige (0 bis 17 Jahre),2025,202509,NA,246529,NA,NA,NA,2025-09-01,9,2025
634,Altersgruppen,Minderjährige (0 bis 17 Jahre),2025,202510,NA,246647,NA,NA,NA,2025-10-01,10,2025
635,Altersgruppen,Minderjährige (0 bis 17 Jahre),2025,202511,NA,246902,NA,NA,NA,2025-11-01,11,2025
636,Altersgruppen,Minderjährige (0 bis 17 Jahre),2025,202512,NA,246486,NA,NA,NA,2025-12-01,12,2025
637,Altersgruppen,Minderjährige (0 bis 17 Jahre),2024,202401,246468,247020,0.03,-0.22,246495,2024-01-01,1,2024
638,Altersgruppen,Minderjährige (0 bis 17 Jahre),2024,202402,246673,246961,0.08,-0.12,246471,2024-02-01,2,2024
639,Altersgruppen,Minderjährige (0 bis 17 Jahre),2024,202403,246602,247005,-0.03,-0.16,246437,2024-03-01,3,2024
640,Altersgruppen,Minderjährige (0 bis 17 Jahre),2024,202404,246893,246777,0.12,0.05,246447,2024-04-01,4,2024
641,Altersgruppen,Minderjährige (0 bis 17 Jahre),2024,202405,246749,246156,-0.06,0.24,246496,2024-05-01,5,2024
642,Altersgruppen,Minderjährige (0 bis 17 Jahre),2024,202406,246813,246308,0.03,0.21,246538,2024-06-01,6,2024
643,Altersgruppen,Minderjährige (0 bis 17 Jahre),2024,202407,247005,246546,0.08,0.19,246577,2024-07-01,7,2024
644,Altersgruppen,Minderjährige (0 bis 17 Jahre),2024,202408,246661,246201,-0.14,0.19,246615,2024-08-01,8,2024
645,Altersgruppen,Minderjährige (0 bis 17 Jahre),2024,202409,246529,246316,-0.05,0.09,246633,2024-09-01,9,2024
646,Altersgruppen,Minderjährige (0 bis 17 Jahre),2024,202410,246647,246348,0.05,0.12,246658,2024-10-01,10,2024
647,Altersgruppen,Minderjährige (0 bis 17 Jahre),2024,202411,246902,246454,0.1,0.18,246695,2024-11-01,11,2024
648,Altersgruppen,Minderjährige (0 bis 17 Jahre),2024,202412,246486,246396,-0.17,0.04,246702,2024-12-01,12,2024
649,Altersgruppen,Minderjährige (0 bis 17 Jahre),2023,202301,247020,241131,-0.01,2.44,245844,2023-01-01,1,2023
650,Altersgruppen,Minderjährige (0 bis 17 Jahre),2023,202302,246961,241321,-0.02,2.34,246314,2023-02-01,2,2023
651,Altersgruppen,Minderjährige (0 bis 17 Jahre),2023,202303,247005,244538,0.02,1.01,246519,2023-03-01,3,2023
652,Altersgruppen,Minderjährige (0 bis 17 Jahre),2023,202304,246777,245679,-0.09,0.45,246611,2023-04-01,4,2023
653,Altersgruppen,Minderjährige (0 bis 17 Jahre),2023,202305,246156,246111,-0.25,0.02,246614,2023-05-01,5,2023
654,Altersgruppen,Minderjährige (0 bis 17 Jahre),2023,202306,246308,246322,0.06,-0.01,246613,2023-06-01,6,2023
655,Altersgruppen,Minderjährige (0 bis 17 Jahre),2023,202307,246546,246596,0.1,-0.02,246609,2023-07-01,7,2023
656,Altersgruppen,Minderjährige (0 bis 17 Jahre),2023,202308,246201,246142,-0.14,0.02,246614,2023-08-01,8,2023
657,Altersgruppen,Minderjährige (0 bis 17 Jahre),2023,202309,246316,246576,0.05,-0.11,246592,2023-09-01,9,2023
658,Altersgruppen,Minderjährige (0 bis 17 Jahre),2023,202310,246348,246183,0.01,0.07,246606,2023-10-01,10,2023
659,Altersgruppen,Minderjährige (0 bis 17 Jahre),2023,202311,246454,246592,0.04,-0.06,246595,2023-11-01,11,2023
660,Altersgruppen,Minderjährige (0 bis 17 Jahre),2023,202312,246396,247042,-0.02,-0.26,246541,2023-12-01,12,2023
661,Altersgruppen,Minderjährige (0 bis 17 Jahre),2022,202201,241131,238968,-0.04,0.91,240139,2022-01-01,1,2022
662,Altersgruppen,Minderjährige (0 bis 17 Jahre),2022,202202,241321,239182,0.08,0.89,240317,2022-02-01,2,2022
663,Altersgruppen,Minderjährige (0 bis 17 Jahre),2022,202203,244538,239385,1.33,2.15,240747,2022-03-01,3,2022
664,Altersgruppen,Minderjährige (0 bis 17 Jahre),2022,202204,245679,239618,0.47,2.53,241252,2022-04-01,4,2022
665,Altersgruppen,Minderjährige (0 bis 17 Jahre),2022,202205,246111,239594,0.18,2.72,241795,2022-05-01,5,2022
666,Altersgruppen,Minderjährige (0 bis 17 Jahre),2022,202206,246322,239709,0.09,2.76,242346,2022-06-01,6,2022
667,Altersgruppen,Minderjährige (0 bis 17 Jahre),2022,202207,246596,240057,0.11,2.72,242891,2022-07-01,7,2022
668,Altersgruppen,Minderjährige (0 bis 17 Jahre),2022,202208,246142,240072,-0.18,2.53,243397,2022-08-01,8,2022
669,Altersgruppen,Minderjährige (0 bis 17 Jahre),2022,202209,246576,240283,0.18,2.62,243921,2022-09-01,9,2022
670,Altersgruppen,Minderjährige (0 bis 17 Jahre),2022,202210,246183,240617,-0.16,2.31,244385,2022-10-01,10,2022
671,Altersgruppen,Minderjährige (0 bis 17 Jahre),2022,202211,246592,240790,0.17,2.41,244869,2022-11-01,11,2022
672,Altersgruppen,Minderjährige (0 bis 17 Jahre),2022,202212,247042,241232,0.18,2.41,245353,2022-12-01,12,2022
673,Altersgruppen,Minderjährige (0 bis 17 Jahre),2021,202101,238968,237403,0.02,0.66,238219,2021-01-01,1,2021
674,Altersgruppen,Minderjährige (0 bis 17 Jahre),2021,202102,239182,237523,0.09,0.7,238357,2021-02-01,2,2021
675,Altersgruppen,Minderjährige (0 bis 17 Jahre),2021,202103,239385,237698,0.08,0.71,238498,2021-03-01,3,2021
676,Altersgruppen,Minderjährige (0 bis 17 Jahre),2021,202104,239618,237801,0.1,0.76,238649,2021-04-01,4,2021
677,Altersgruppen,Minderjährige (0 bis 17 Jahre),2021,202105,239594,237568,-0.01,0.85,238818,2021-05-01,5,2021
678,Altersgruppen,Minderjährige (0 bis 17 Jahre),2021,202106,239709,237761,0.05,0.82,238980,2021-06-01,6,2021
679,Altersgruppen,Minderjährige (0 bis 17 Jahre),2021,202107,240057,238074,0.15,0.83,239146,2021-07-01,7,2021
680,Altersgruppen,Minderjährige (0 bis 17 Jahre),2021,202108,240072,238054,0.01,0.85,239314,2021-08-01,8,2021
681,Altersgruppen,Minderjährige (0 bis 17 Jahre),2021,202109,240283,238472,0.09,0.76,239465,2021-09-01,9,2021
682,Altersgruppen,Minderjährige (0 bis 17 Jahre),2021,202110,240617,238783,0.14,0.77,239617,2021-10-01,10,2021
683,Altersgruppen,Minderjährige (0 bis 17 Jahre),2021,202111,240790,239012,0.07,0.74,239766,2021-11-01,11,2021
684,Altersgruppen,Minderjährige (0 bis 17 Jahre),2021,202112,241232,238912,0.18,0.97,239959,2021-12-01,12,2021
685,Altersgruppen,Minderjährige (0 bis 17 Jahre),2020,202001,237403,233627,0.2,1.62,235558,2020-01-01,1,2020
686,Altersgruppen,Minderjährige (0 bis 17 Jahre),2020,202002,237523,233870,0.05,1.56,235863,2020-02-01,2,2020
687,Altersgruppen,Minderjährige (0 bis 17 Jahre),2020,202003,237698,233974,0.07,1.59,236173,2020-03-01,3,2020
688,Altersgruppen,Minderjährige (0 bis 17 Jahre),2020,202004,237801,234632,0.04,1.35,236437,2020-04-01,4,2020
689,Altersgruppen,Minderjährige (0 bis 17 Jahre),2020,202005,237568,234591,-0.1,1.27,236685,2020-05-01,5,2020
690,Altersgruppen,Minderjährige (0 bis 17 Jahre),2020,202006,237761,234793,0.08,1.26,236933,2020-06-01,6,2020
691,Altersgruppen,Minderjährige (0 bis 17 Jahre),2020,202007,238074,235589,0.13,1.05,237140,2020-07-01,7,2020
692,Altersgruppen,Minderjährige (0 bis 17 Jahre),2020,202008,238054,235719,-0.01,0.99,237334,2020-08-01,8,2020
693,Altersgruppen,Minderjährige (0 bis 17 Jahre),2020,202009,238472,236033,0.18,1.03,237538,2020-09-01,9,2020
694,Altersgruppen,Minderjährige (0 bis 17 Jahre),2020,202010,238783,236260,0.13,1.07,237748,2020-10-01,10,2020
695,Altersgruppen,Minderjährige (0 bis 17 Jahre),2020,202011,239012,236915,0.1,0.89,237923,2020-11-01,11,2020
696,Altersgruppen,Minderjährige (0 bis 17 Jahre),2020,202012,238912,236921,-0.04,0.84,238088,2020-12-01,12,2020
697,Altersgruppen,Minderjährige (0 bis 17 Jahre),2019,201901,233627,230178,0.12,1.5,232132,2019-01-01,1,2019
698,Altersgruppen,Minderjährige (0 bis 17 Jahre),2019,201902,233870,230472,0.1,1.47,232441,2019-02-01,2,2019
699,Altersgruppen,Minderjährige (0 bis 17 Jahre),2019,201903,233974,230498,0.04,1.51,232757,2019-03-01,3,2019
700,Altersgruppen,Minderjährige (0 bis 17 Jahre),2019,201904,234632,230833,0.28,1.65,233103,2019-04-01,4,2019
701,Altersgruppen,Minderjährige (0 bis 17 Jahre),2019,201905,234591,NA,-0.02,NA,233227,2019-05-01,5,2019
702,Altersgruppen,Minderjährige (0 bis 17 Jahre),2019,201906,234793,231634,0.09,1.36,233490,2019-06-01,6,2019
703,Altersgruppen,Minderjährige (0 bis 17 Jahre),2019,201907,235589,232183,0.34,1.47,233774,2019-07-01,7,2019
704,Altersgruppen,Minderjährige (0 bis 17 Jahre),2019,201908,235719,232044,0.06,1.58,234080,2019-08-01,8,2019
705,Altersgruppen,Minderjährige (0 bis 17 Jahre),2019,201909,236033,232360,0.13,1.58,234386,2019-09-01,9,2019
706,Altersgruppen,Minderjährige (0 bis 17 Jahre),2019,201910,236260,232978,0.1,1.41,234660,2019-10-01,10,2019
707,Altersgruppen,Minderjährige (0 bis 17 Jahre),2019,201911,236915,233474,0.28,1.47,234946,2019-11-01,11,2019
708,Altersgruppen,Minderjährige (0 bis 17 Jahre),2019,201912,236921,233354,0,1.53,235244,2019-12-01,12,2019
709,Altersgruppen,Minderjährige (0 bis 17 Jahre),2018,201801,230178,227699,0.07,1.09,229025,2018-01-01,1,2018
710,Altersgruppen,Minderjährige (0 bis 17 Jahre),2018,201802,230472,227968,0.13,1.1,229233,2018-02-01,2,2018
711,Altersgruppen,Minderjährige (0 bis 17 Jahre),2018,201803,230498,227918,0.01,1.13,229448,2018-03-01,3,2018
712,Altersgruppen,Minderjährige (0 bis 17 Jahre),2018,201804,230833,228096,0.15,1.2,229676,2018-04-01,4,2018
713,Altersgruppen,Minderjährige (0 bis 17 Jahre),2018,201805,NA,228421,NA,NA,NA,2018-05-01,5,2018
714,Altersgruppen,Minderjährige (0 bis 17 Jahre),2018,201806,231634,228827,NA,1.23,230046,2018-06-01,6,2018
715,Altersgruppen,Minderjährige (0 bis 17 Jahre),2018,201807,232183,228785,0.24,1.49,230354,2018-07-01,7,2018
716,Altersgruppen,Minderjährige (0 bis 17 Jahre),2018,201808,232044,229199,-0.06,1.24,230613,2018-08-01,8,2018
717,Altersgruppen,Minderjährige (0 bis 17 Jahre),2018,201809,232360,229470,0.14,1.26,230876,2018-09-01,9,2018
718,Altersgruppen,Minderjährige (0 bis 17 Jahre),2018,201810,232978,229359,0.27,1.58,231205,2018-10-01,10,2018
719,Altersgruppen,Minderjährige (0 bis 17 Jahre),2018,201811,233474,230055,0.21,1.49,231516,2018-11-01,11,2018
720,Altersgruppen,Minderjährige (0 bis 17 Jahre),2018,201812,233354,230018,-0.05,1.45,231819,2018-12-01,12,2018
721,Altersgruppen,Minderjährige (0 bis 17 Jahre),2017,201701,227699,224289,0.04,1.52,226179,2017-01-01,1,2017
722,Altersgruppen,Minderjährige (0 bis 17 Jahre),2017,201702,227968,224510,0.12,1.54,226467,2017-02-01,2,2017
723,Altersgruppen,Minderjährige (0 bis 17 Jahre),2017,201703,227918,224547,-0.02,1.5,226748,2017-03-01,3,2017
724,Altersgruppen,Minderjährige (0 bis 17 Jahre),2017,201704,228096,224410,0.08,1.64,227055,2017-04-01,4,2017
725,Altersgruppen,Minderjährige (0 bis 17 Jahre),2017,201705,228421,224760,0.14,1.63,227360,2017-05-01,5,2017
726,Altersgruppen,Minderjährige (0 bis 17 Jahre),2017,201706,228827,225374,0.18,1.53,227648,2017-06-01,6,2017
727,Altersgruppen,Minderjährige (0 bis 17 Jahre),2017,201707,228785,226123,-0.02,1.18,227869,2017-07-01,7,2017
728,Altersgruppen,Minderjährige (0 bis 17 Jahre),2017,201708,229199,226610,0.18,1.14,228085,2017-08-01,8,2017
729,Altersgruppen,Minderjährige (0 bis 17 Jahre),2017,201709,229470,227064,0.12,1.06,228286,2017-09-01,9,2017
730,Altersgruppen,Minderjährige (0 bis 17 Jahre),2017,201710,229359,227417,-0.05,0.85,228448,2017-10-01,10,2017
731,Altersgruppen,Minderjährige (0 bis 17 Jahre),2017,201711,230055,228031,0.3,0.89,228616,2017-11-01,11,2017
732,Altersgruppen,Minderjährige (0 bis 17 Jahre),2017,201712,230018,227597,-0.02,1.06,228818,2017-12-01,12,2017
733,Altersgruppen,Minderjährige (0 bis 17 Jahre),2016,201601,224289,217102,0.31,3.31,220502,2016-01-01,1,2016
734,Altersgruppen,Minderjährige (0 bis 17 Jahre),2016,201602,224510,217103,0.1,3.41,221119,2016-02-01,2,2016
735,Altersgruppen,Minderjährige (0 bis 17 Jahre),2016,201603,224547,217407,0.02,3.28,221714,2016-03-01,3,2016
736,Altersgruppen,Minderjährige (0 bis 17 Jahre),2016,201604,224410,218027,-0.06,2.93,222246,2016-04-01,4,2016
737,Altersgruppen,Minderjährige (0 bis 17 Jahre),2016,201605,224760,218196,0.16,3.01,222793,2016-05-01,5,2016
738,Altersgruppen,Minderjährige (0 bis 17 Jahre),2016,201606,225374,219297,0.27,2.77,223299,2016-06-01,6,2016
739,Altersgruppen,Minderjährige (0 bis 17 Jahre),2016,201607,226123,219741,0.33,2.9,223831,2016-07-01,7,2016
740,Altersgruppen,Minderjährige (0 bis 17 Jahre),2016,201608,226610,220606,0.22,2.72,224332,2016-08-01,8,2016
741,Altersgruppen,Minderjährige (0 bis 17 Jahre),2016,201609,227064,221984,0.2,2.29,224755,2016-09-01,9,2016
742,Altersgruppen,Minderjährige (0 bis 17 Jahre),2016,201610,227417,222575,0.16,2.18,225158,2016-10-01,10,2016
743,Altersgruppen,Minderjährige (0 bis 17 Jahre),2016,201611,228031,223199,0.27,2.16,225561,2016-11-01,11,2016
744,Altersgruppen,Minderjährige (0 bis 17 Jahre),2016,201612,227597,223598,-0.19,1.79,225894,2016-12-01,12,2016
745,Altersgruppen,Minderjährige (0 bis 17 Jahre),2015,201501,217102,211471,0.39,2.66,214080,2015-01-01,1,2015
746,Altersgruppen,Minderjährige (0 bis 17 Jahre),2015,201502,217103,211683,0,2.56,214531,2015-02-01,2,2015
747,Altersgruppen,Minderjährige (0 bis 17 Jahre),2015,201503,217407,211798,0.14,2.65,214999,2015-03-01,3,2015
748,Altersgruppen,Minderjährige (0 bis 17 Jahre),2015,201504,218027,212188,0.29,2.75,215485,2015-04-01,4,2015
749,Altersgruppen,Minderjährige (0 bis 17 Jahre),2015,201505,218196,212559,0.08,2.65,215955,2015-05-01,5,2015
750,Altersgruppen,Minderjährige (0 bis 17 Jahre),2015,201506,219297,213026,0.5,2.94,216478,2015-06-01,6,2015
751,Altersgruppen,Minderjährige (0 bis 17 Jahre),2015,201507,219741,213856,0.2,2.75,216968,2015-07-01,7,2015
752,Altersgruppen,Minderjährige (0 bis 17 Jahre),2015,201508,220606,214089,0.39,3.04,217511,2015-08-01,8,2015
753,Altersgruppen,Minderjährige (0 bis 17 Jahre),2015,201509,221984,214905,0.62,3.29,218101,2015-09-01,9,2015
754,Altersgruppen,Minderjährige (0 bis 17 Jahre),2015,201510,222575,215575,0.27,3.25,218684,2015-10-01,10,2015
755,Altersgruppen,Minderjährige (0 bis 17 Jahre),2015,201511,223199,215912,0.28,3.37,219292,2015-11-01,11,2015
756,Altersgruppen,Minderjährige (0 bis 17 Jahre),2015,201512,223598,216263,0.18,3.39,219903,2015-12-01,12,2015
757,Altersgruppen,Minderjährige (0 bis 17 Jahre),2014,201401,211471,207058,0.19,2.13,209373,2014-01-01,1,2014
758,Altersgruppen,Minderjährige (0 bis 17 Jahre),2014,201402,211683,207394,0.1,2.07,209730,2014-02-01,2,2014
759,Altersgruppen,Minderjährige (0 bis 17 Jahre),2014,201403,211798,207482,0.05,2.08,210090,2014-03-01,3,2014
760,Altersgruppen,Minderjährige (0 bis 17 Jahre),2014,201404,212188,208016,0.18,2.01,210437,2014-04-01,4,2014
761,Altersgruppen,Minderjährige (0 bis 17 Jahre),2014,201405,212559,207997,0.17,2.19,210817,2014-05-01,5,2014
762,Altersgruppen,Minderjährige (0 bis 17 Jahre),2014,201406,213026,208395,0.22,2.22,211203,2014-06-01,6,2014
763,Altersgruppen,Minderjährige (0 bis 17 Jahre),2014,201407,213856,209147,0.39,2.25,211596,2014-07-01,7,2014
764,Altersgruppen,Minderjährige (0 bis 17 Jahre),2014,201408,214089,209575,0.11,2.15,211972,2014-08-01,8,2014
765,Altersgruppen,Minderjährige (0 bis 17 Jahre),2014,201409,214905,210250,0.38,2.21,212360,2014-09-01,9,2014
766,Altersgruppen,Minderjährige (0 bis 17 Jahre),2014,201410,215575,210714,0.31,2.31,212765,2014-10-01,10,2014
767,Altersgruppen,Minderjährige (0 bis 17 Jahre),2014,201411,215912,210966,0.16,2.34,213177,2014-11-01,11,2014
768,Altersgruppen,Minderjährige (0 bis 17 Jahre),2014,201412,216263,211063,0.16,2.46,213610,2014-12-01,12,2014
769,Altersgruppen,Minderjährige (0 bis 17 Jahre),2013,201301,207058,202633,0.29,2.18,204908,2013-01-01,1,2013
770,Altersgruppen,Minderjährige (0 bis 17 Jahre),2013,201302,207394,202842,0.16,2.24,205287,2013-02-01,2,2013
771,Altersgruppen,Minderjährige (0 bis 17 Jahre),2013,201303,207482,203152,0.04,2.13,205648,2013-03-01,3,2013
772,Altersgruppen,Minderjährige (0 bis 17 Jahre),2013,201304,208016,203465,0.26,2.24,206027,2013-04-01,4,2013
773,Altersgruppen,Minderjährige (0 bis 17 Jahre),2013,201305,207997,203962,-0.01,1.98,206363,2013-05-01,5,2013
774,Altersgruppen,Minderjährige (0 bis 17 Jahre),2013,201306,208395,204097,0.19,2.11,206721,2013-06-01,6,2013
775,Altersgruppen,Minderjährige (0 bis 17 Jahre),2013,201307,209147,204712,0.36,2.17,207091,2013-07-01,7,2013
776,Altersgruppen,Minderjährige (0 bis 17 Jahre),2013,201308,209575,205019,0.2,2.22,207471,2013-08-01,8,2013
777,Altersgruppen,Minderjährige (0 bis 17 Jahre),2013,201309,210250,205460,0.32,2.33,207870,2013-09-01,9,2013
778,Altersgruppen,Minderjährige (0 bis 17 Jahre),2013,201310,210714,206191,0.22,2.19,208247,2013-10-01,10,2013
779,Altersgruppen,Minderjährige (0 bis 17 Jahre),2013,201311,210966,206483,0.12,2.17,208620,2013-11-01,11,2013
780,Altersgruppen,Minderjährige (0 bis 17 Jahre),2013,201312,211063,206449,0.05,2.23,209005,2013-12-01,12,2013
781,Altersgruppen,Minderjährige (0 bis 17 Jahre),2012,201201,202633,198477,0.07,2.09,200845,2012-01-01,1,2012
782,Altersgruppen,Minderjährige (0 bis 17 Jahre),2012,201202,202842,198836,0.1,2.01,201179,2012-02-01,2,2012
783,Altersgruppen,Minderjährige (0 bis 17 Jahre),2012,201203,203152,199270,0.15,1.95,201503,2012-03-01,3,2012
784,Altersgruppen,Minderjährige (0 bis 17 Jahre),2012,201204,203465,199412,0.15,2.03,201840,2012-04-01,4,2012
785,Altersgruppen,Minderjährige (0 bis 17 Jahre),2012,201205,203962,199792,0.24,2.09,202188,2012-05-01,5,2012
786,Altersgruppen,Minderjährige (0 bis 17 Jahre),2012,201206,204097,200040,0.07,2.03,202526,2012-06-01,6,2012
787,Altersgruppen,Minderjährige (0 bis 17 Jahre),2012,201207,204712,200804,0.3,1.95,202852,2012-07-01,7,2012
788,Altersgruppen,Minderjährige (0 bis 17 Jahre),2012,201208,205019,201136,0.15,1.93,203175,2012-08-01,8,2012
789,Altersgruppen,Minderjährige (0 bis 17 Jahre),2012,201209,205460,201543,0.22,1.94,203502,2012-09-01,9,2012
790,Altersgruppen,Minderjährige (0 bis 17 Jahre),2012,201210,206191,201949,0.36,2.1,203855,2012-10-01,10,2012
791,Altersgruppen,Minderjährige (0 bis 17 Jahre),2012,201211,206483,202226,0.14,2.11,204210,2012-11-01,11,2012
792,Altersgruppen,Minderjährige (0 bis 17 Jahre),2012,201212,206449,202501,-0.02,1.95,204539,2012-12-01,12,2012
793,Altersgruppen,Minderjährige (0 bis 17 Jahre),2011,201101,198477,194713,0.12,1.93,196602,2011-01-01,1,2011
794,Altersgruppen,Minderjährige (0 bis 17 Jahre),2011,201102,198836,194957,0.18,1.99,196925,2011-02-01,2,2011
795,Altersgruppen,Minderjährige (0 bis 17 Jahre),2011,201103,199270,195114,0.22,2.13,197272,2011-03-01,3,2011
796,Altersgruppen,Minderjährige (0 bis 17 Jahre),2011,201104,199412,195290,0.07,2.11,197615,2011-04-01,4,2011
797,Altersgruppen,Minderjährige (0 bis 17 Jahre),2011,201105,199792,195513,0.19,2.19,197972,2011-05-01,5,2011
798,Altersgruppen,Minderjährige (0 bis 17 Jahre),2011,201106,200040,195922,0.12,2.1,198315,2011-06-01,6,2011
799,Altersgruppen,Minderjährige (0 bis 17 Jahre),2011,201107,200804,196308,0.38,2.29,198690,2011-07-01,7,2011
800,Altersgruppen,Minderjährige (0 bis 17 Jahre),2011,201108,201136,196750,0.17,2.23,199055,2011-08-01,8,2011
801,Altersgruppen,Minderjährige (0 bis 17 Jahre),2011,201109,201543,197074,0.2,2.27,199428,2011-09-01,9,2011
802,Altersgruppen,Minderjährige (0 bis 17 Jahre),2011,201110,201949,197568,0.2,2.22,199793,2011-10-01,10,2011
803,Altersgruppen,Minderjährige (0 bis 17 Jahre),2011,201111,202226,198011,0.14,2.13,200144,2011-11-01,11,2011
804,Altersgruppen,Minderjährige (0 bis 17 Jahre),2011,201112,202501,198242,0.14,2.15,200499,2011-12-01,12,2011
805,Altersgruppen,Minderjährige (0 bis 17 Jahre),2010,201001,194713,193198,0.1,0.78,193541,2010-01-01,1,2010
806,Altersgruppen,Minderjährige (0 bis 17 Jahre),2010,201002,194957,192980,0.13,1.02,193706,2010-02-01,2,2010
807,Altersgruppen,Minderjährige (0 bis 17 Jahre),2010,201003,195114,192771,0.08,1.22,193901,2010-03-01,3,2010
808,Altersgruppen,Minderjährige (0 bis 17 Jahre),2010,201004,195290,192389,0.09,1.51,194143,2010-04-01,4,2010
809,Altersgruppen,Minderjährige (0 bis 17 Jahre),2010,201005,195513,192644,0.11,1.49,194382,2010-05-01,5,2010
810,Altersgruppen,Minderjährige (0 bis 17 Jahre),2010,201006,195922,192962,0.21,1.53,194629,2010-06-01,6,2010
811,Altersgruppen,Minderjährige (0 bis 17 Jahre),2010,201007,196308,193368,0.2,1.52,194874,2010-07-01,7,2010
812,Altersgruppen,Minderjährige (0 bis 17 Jahre),2010,201008,196750,193595,0.23,1.63,195137,2010-08-01,8,2010
813,Altersgruppen,Minderjährige (0 bis 17 Jahre),2010,201009,197074,193881,0.16,1.65,195403,2010-09-01,9,2010
814,Altersgruppen,Minderjährige (0 bis 17 Jahre),2010,201010,197568,194241,0.25,1.71,195680,2010-10-01,10,2010
815,Altersgruppen,Minderjährige (0 bis 17 Jahre),2010,201011,198011,194438,0.22,1.84,195978,2010-11-01,11,2010
816,Altersgruppen,Minderjährige (0 bis 17 Jahre),2010,201012,198242,194514,0.12,1.92,196289,2010-12-01,12,2010
817,Altersgruppen,Minderjährige (0 bis 17 Jahre),2009,200901,193198,192000,-0.04,0.62,192750,2009-01-01,1,2009
818,Altersgruppen,Minderjährige (0 bis 17 Jahre),2009,200902,192980,192073,-0.11,0.47,192826,2009-02-01,2,2009
819,Altersgruppen,Minderjährige (0 bis 17 Jahre),2009,200903,192771,192109,-0.11,0.34,192881,2009-03-01,3,2009
820,Altersgruppen,Minderjährige (0 bis 17 Jahre),2009,200904,192389,192366,-0.2,0.01,192883,2009-04-01,4,2009
821,Altersgruppen,Minderjährige (0 bis 17 Jahre),2009,200905,192644,192343,0.13,0.16,192908,2009-05-01,5,2009
822,Altersgruppen,Minderjährige (0 bis 17 Jahre),2009,200906,192962,192487,0.17,0.25,192948,2009-06-01,6,2009
823,Altersgruppen,Minderjährige (0 bis 17 Jahre),2009,200907,193368,192947,0.21,0.22,192983,2009-07-01,7,2009
824,Altersgruppen,Minderjährige (0 bis 17 Jahre),2009,200908,193595,192783,0.12,0.42,193050,2009-08-01,8,2009
825,Altersgruppen,Minderjährige (0 bis 17 Jahre),2009,200909,193881,192889,0.15,0.51,193133,2009-09-01,9,2009
826,Altersgruppen,Minderjährige (0 bis 17 Jahre),2009,200910,194241,193203,0.19,0.54,193219,2009-10-01,10,2009
827,Altersgruppen,Minderjährige (0 bis 17 Jahre),2009,200911,194438,193336,0.1,0.57,193311,2009-11-01,11,2009
828,Altersgruppen,Minderjährige (0 bis 17 Jahre),2009,200912,194514,193268,0.04,0.64,193415,2009-12-01,12,2009
829,Altersgruppen,Minderjährige (0 bis 17 Jahre),2008,200801,192000,188983,0.13,1.6,190666,2008-01-01,1,2008
830,Altersgruppen,Minderjährige (0 bis 17 Jahre),2008,200802,192073,189164,0.04,1.54,190908,2008-02-01,2,2008
831,Altersgruppen,Minderjährige (0 bis 17 Jahre),2008,200803,192109,189336,0.02,1.46,191139,2008-03-01,3,2008
832,Altersgruppen,Minderjährige (0 bis 17 Jahre),2008,200804,192366,189708,0.13,1.4,191361,2008-04-01,4,2008
833,Altersgruppen,Minderjährige (0 bis 17 Jahre),2008,200805,192343,190043,-0.01,1.21,191553,2008-05-01,5,2008
834,Altersgruppen,Minderjährige (0 bis 17 Jahre),2008,200806,192487,190324,0.07,1.14,191733,2008-06-01,6,2008
835,Altersgruppen,Minderjährige (0 bis 17 Jahre),2008,200807,192947,190525,0.24,1.27,191935,2008-07-01,7,2008
836,Altersgruppen,Minderjährige (0 bis 17 Jahre),2008,200808,192783,190865,-0.08,1,192094,2008-08-01,8,2008
837,Altersgruppen,Minderjährige (0 bis 17 Jahre),2008,200809,192889,190985,0.05,1,192253,2008-09-01,9,2008
838,Altersgruppen,Minderjährige (0 bis 17 Jahre),2008,200810,193203,191453,0.16,0.91,192399,2008-10-01,10,2008
839,Altersgruppen,Minderjährige (0 bis 17 Jahre),2008,200811,193336,191842,0.07,0.78,192523,2008-11-01,11,2008
840,Altersgruppen,Minderjährige (0 bis 17 Jahre),2008,200812,193268,191745,-0.04,0.79,192650,2008-12-01,12,2008
841,Altersgruppen,Minderjährige (0 bis 17 Jahre),2007,200701,188983,187248,0.21,0.93,188009,2007-01-01,1,2007
842,Altersgruppen,Minderjährige (0 bis 17 Jahre),2007,200702,189164,187324,0.1,0.98,188163,2007-02-01,2,2007
843,Altersgruppen,Minderjährige (0 bis 17 Jahre),2007,200703,189336,187371,0.09,1.05,188326,2007-03-01,3,2007
844,Altersgruppen,Minderjährige (0 bis 17 Jahre),2007,200704,189708,187286,0.2,1.29,188528,2007-04-01,4,2007
845,Altersgruppen,Minderjährige (0 bis 17 Jahre),2007,200705,190043,187357,0.18,1.43,188752,2007-05-01,5,2007
846,Altersgruppen,Minderjährige (0 bis 17 Jahre),2007,200706,190324,187579,0.15,1.46,188981,2007-06-01,6,2007
847,Altersgruppen,Minderjährige (0 bis 17 Jahre),2007,200707,190525,187906,0.11,1.39,189199,2007-07-01,7,2007
848,Altersgruppen,Minderjährige (0 bis 17 Jahre),2007,200708,190865,188170,0.18,1.43,189424,2007-08-01,8,2007
849,Altersgruppen,Minderjährige (0 bis 17 Jahre),2007,200709,190985,188271,0.06,1.44,189650,2007-09-01,9,2007
850,Altersgruppen,Minderjährige (0 bis 17 Jahre),2007,200710,191453,188575,0.25,1.53,189890,2007-10-01,10,2007
851,Altersgruppen,Minderjährige (0 bis 17 Jahre),2007,200711,191842,188702,0.2,1.66,190151,2007-11-01,11,2007
852,Altersgruppen,Minderjährige (0 bis 17 Jahre),2007,200712,191745,188586,-0.05,1.68,190414,2007-12-01,12,2007
853,Altersgruppen,Minderjährige (0 bis 17 Jahre),2006,200601,187248,184974,0,1.23,186290,2006-01-01,1,2006
854,Altersgruppen,Minderjährige (0 bis 17 Jahre),2006,200602,187324,185205,0.04,1.14,186466,2006-02-01,2,2006
855,Altersgruppen,Minderjährige (0 bis 17 Jahre),2006,200603,187371,185353,0.03,1.09,186634,2006-03-01,3,2006
856,Altersgruppen,Minderjährige (0 bis 17 Jahre),2006,200604,187286,185592,-0.05,0.91,186776,2006-04-01,4,2006
857,Altersgruppen,Minderjährige (0 bis 17 Jahre),2006,200605,187357,185776,0.04,0.85,186907,2006-05-01,5,2006
858,Altersgruppen,Minderjährige (0 bis 17 Jahre),2006,200606,187579,185973,0.12,0.86,187041,2006-06-01,6,2006
859,Altersgruppen,Minderjährige (0 bis 17 Jahre),2006,200607,187906,186169,0.17,0.93,187186,2006-07-01,7,2006
860,Altersgruppen,Minderjährige (0 bis 17 Jahre),2006,200608,188170,186396,0.14,0.95,187334,2006-08-01,8,2006
861,Altersgruppen,Minderjährige (0 bis 17 Jahre),2006,200609,188271,186589,0.05,0.9,187474,2006-09-01,9,2006
862,Altersgruppen,Minderjährige (0 bis 17 Jahre),2006,200610,188575,186802,0.16,0.95,187622,2006-10-01,10,2006
863,Altersgruppen,Minderjährige (0 bis 17 Jahre),2006,200611,188702,187120,0.07,0.85,187754,2006-11-01,11,2006
864,Altersgruppen,Minderjährige (0 bis 17 Jahre),2006,200612,188586,187253,-0.06,0.71,187865,2006-12-01,12,2006
865,Altersgruppen,Minderjährige (0 bis 17 Jahre),2005,200501,184974,183825,0.04,0.63,184379,2005-01-01,1,2005
866,Altersgruppen,Minderjährige (0 bis 17 Jahre),2005,200502,185205,183713,0.12,0.81,184503,2005-02-01,2,2005
867,Altersgruppen,Minderjährige (0 bis 17 Jahre),2005,200503,185353,184072,0.08,0.7,184610,2005-03-01,3,2005
868,Altersgruppen,Minderjährige (0 bis 17 Jahre),2005,200504,185592,184090,0.13,0.82,184735,2005-04-01,4,2005
869,Altersgruppen,Minderjährige (0 bis 17 Jahre),2005,200505,185776,183856,0.1,1.04,184895,2005-05-01,5,2005
870,Altersgruppen,Minderjährige (0 bis 17 Jahre),2005,200506,185973,183955,0.11,1.1,185063,2005-06-01,6,2005
871,Altersgruppen,Minderjährige (0 bis 17 Jahre),2005,200507,186169,184188,0.11,1.08,185228,2005-07-01,7,2005
872,Altersgruppen,Minderjährige (0 bis 17 Jahre),2005,200508,186396,184476,0.12,1.04,185388,2005-08-01,8,2005
873,Altersgruppen,Minderjährige (0 bis 17 Jahre),2005,200509,186589,184585,0.1,1.09,185555,2005-09-01,9,2005
874,Altersgruppen,Minderjährige (0 bis 17 Jahre),2005,200510,186802,184753,0.11,1.11,185726,2005-10-01,10,2005
875,Altersgruppen,Minderjährige (0 bis 17 Jahre),2005,200511,187120,184979,0.17,1.16,185905,2005-11-01,11,2005
876,Altersgruppen,Minderjährige (0 bis 17 Jahre),2005,200512,187253,184906,0.07,1.27,186100,2005-12-01,12,2005
877,Altersgruppen,Minderjährige (0 bis 17 Jahre),2004,200401,183825,181941,-0.03,1.04,183045,2004-01-01,1,2004
878,Altersgruppen,Minderjährige (0 bis 17 Jahre),2004,200402,183713,182055,-0.06,0.91,183183,2004-02-01,2,2004
879,Altersgruppen,Minderjährige (0 bis 17 Jahre),2004,200403,184072,182153,0.2,1.05,183343,2004-03-01,3,2004
880,Altersgruppen,Minderjährige (0 bis 17 Jahre),2004,200404,184090,182204,0.01,1.04,183500,2004-04-01,4,2004
881,Altersgruppen,Minderjährige (0 bis 17 Jahre),2004,200405,183856,182373,-0.13,0.81,183624,2004-05-01,5,2004
882,Altersgruppen,Minderjährige (0 bis 17 Jahre),2004,200406,183955,182588,0.05,0.75,183738,2004-06-01,6,2004
883,Altersgruppen,Minderjährige (0 bis 17 Jahre),2004,200407,184188,182968,0.13,0.67,183839,2004-07-01,7,2004
884,Altersgruppen,Minderjährige (0 bis 17 Jahre),2004,200408,184476,183144,0.16,0.73,183950,2004-08-01,8,2004
885,Altersgruppen,Minderjährige (0 bis 17 Jahre),2004,200409,184585,183397,0.06,0.65,184049,2004-09-01,9,2004
886,Altersgruppen,Minderjährige (0 bis 17 Jahre),2004,200410,184753,183770,0.09,0.53,184131,2004-10-01,10,2004
887,Altersgruppen,Minderjährige (0 bis 17 Jahre),2004,200411,184979,184176,0.12,0.44,184198,2004-11-01,11,2004
888,Altersgruppen,Minderjährige (0 bis 17 Jahre),2004,200412,184906,183887,-0.04,0.55,184283,2004-12-01,12,2004
889,Altersgruppen,Minderjährige (0 bis 17 Jahre),2003,200301,181941,180360,0.12,0.88,181256,2003-01-01,1,2003
890,Altersgruppen,Minderjährige (0 bis 17 Jahre),2003,200302,182055,180537,0.06,0.84,181383,2003-02-01,2,2003
891,Altersgruppen,Minderjährige (0 bis 17 Jahre),2003,200303,182153,180559,0.05,0.88,181515,2003-03-01,3,2003
892,Altersgruppen,Minderjährige (0 bis 17 Jahre),2003,200304,182204,180784,0.03,0.79,181634,2003-04-01,4,2003
893,Altersgruppen,Minderjährige (0 bis 17 Jahre),2003,200305,182373,180749,0.09,0.9,181769,2003-05-01,5,2003
894,Altersgruppen,Minderjährige (0 bis 17 Jahre),2003,200306,182588,180931,0.12,0.92,181907,2003-06-01,6,2003
895,Altersgruppen,Minderjährige (0 bis 17 Jahre),2003,200307,182968,181255,0.21,0.95,182050,2003-07-01,7,2003
896,Altersgruppen,Minderjährige (0 bis 17 Jahre),2003,200308,183144,181337,0.1,1,182201,2003-08-01,8,2003
897,Altersgruppen,Minderjährige (0 bis 17 Jahre),2003,200309,183397,181601,0.14,0.99,182350,2003-09-01,9,2003
898,Altersgruppen,Minderjährige (0 bis 17 Jahre),2003,200310,183770,181829,0.2,1.07,182512,2003-10-01,10,2003
899,Altersgruppen,Minderjährige (0 bis 17 Jahre),2003,200311,184176,181820,0.22,1.3,182708,2003-11-01,11,2003
900,Altersgruppen,Minderjährige (0 bis 17 Jahre),2003,200312,183887,181730,-0.16,1.19,182888,2003-12-01,12,2003
901,Altersgruppen,Minderjährige (0 bis 17 Jahre),2002,200201,180360,177840,0.13,1.42,179222,2002-01-01,1,2002
902,Altersgruppen,Minderjährige (0 bis 17 Jahre),2002,200202,180537,178192,0.1,1.32,179418,2002-02-01,2,2002
903,Altersgruppen,Minderjährige (0 bis 17 Jahre),2002,200203,180559,178237,0.01,1.3,179611,2002-03-01,3,2002
904,Altersgruppen,Minderjährige (0 bis 17 Jahre),2002,200204,180784,178321,0.12,1.38,179816,2002-04-01,4,2002
905,Altersgruppen,Minderjährige (0 bis 17 Jahre),2002,200205,180749,178664,-0.02,1.17,179990,2002-05-01,5,2002
906,Altersgruppen,Minderjährige (0 bis 17 Jahre),2002,200206,180931,178667,0.1,1.27,180179,2002-06-01,6,2002
907,Altersgruppen,Minderjährige (0 bis 17 Jahre),2002,200207,181255,179015,0.18,1.25,180365,2002-07-01,7,2002
908,Altersgruppen,Minderjährige (0 bis 17 Jahre),2002,200208,181337,179285,0.05,1.14,180536,2002-08-01,8,2002
909,Altersgruppen,Minderjährige (0 bis 17 Jahre),2002,200209,181601,179549,0.15,1.14,180707,2002-09-01,9,2002
910,Altersgruppen,Minderjährige (0 bis 17 Jahre),2002,200210,181829,179971,0.13,1.03,180862,2002-10-01,10,2002
911,Altersgruppen,Minderjährige (0 bis 17 Jahre),2002,200211,181820,180280,0,0.85,180991,2002-11-01,11,2002
912,Altersgruppen,Minderjährige (0 bis 17 Jahre),2002,200212,181730,180125,-0.05,0.89,181124,2002-12-01,12,2002
913,Altersgruppen,Minderjährige (0 bis 17 Jahre),2001,200101,177840,176784,0.11,0.6,177101,2001-01-01,1,2001
914,Altersgruppen,Minderjährige (0 bis 17 Jahre),2001,200102,178192,176581,0.2,0.91,177235,2001-02-01,2,2001
915,Altersgruppen,Minderjährige (0 bis 17 Jahre),2001,200103,178237,176612,0.03,0.92,177370,2001-03-01,3,2001
916,Altersgruppen,Minderjährige (0 bis 17 Jahre),2001,200104,178321,176528,0.05,1.02,177520,2001-04-01,4,2001
917,Altersgruppen,Minderjährige (0 bis 17 Jahre),2001,200105,178664,176709,0.19,1.11,177683,2001-05-01,5,2001
918,Altersgruppen,Minderjährige (0 bis 17 Jahre),2001,200106,178667,176674,0,1.13,177849,2001-06-01,6,2001
919,Altersgruppen,Minderjährige (0 bis 17 Jahre),2001,200107,179015,176769,0.19,1.27,178036,2001-07-01,7,2001
920,Altersgruppen,Minderjährige (0 bis 17 Jahre),2001,200108,179285,177136,0.15,1.21,178215,2001-08-01,8,2001
921,Altersgruppen,Minderjährige (0 bis 17 Jahre),2001,200109,179549,177382,0.15,1.22,178396,2001-09-01,9,2001
922,Altersgruppen,Minderjährige (0 bis 17 Jahre),2001,200110,179971,177528,0.24,1.38,178599,2001-10-01,10,2001
923,Altersgruppen,Minderjährige (0 bis 17 Jahre),2001,200111,180280,177813,0.17,1.39,178805,2001-11-01,11,2001
924,Altersgruppen,Minderjährige (0 bis 17 Jahre),2001,200112,180125,177637,-0.09,1.4,179012,2001-12-01,12,2001
925,Altersgruppen,Minderjährige (0 bis 17 Jahre),2000,200001,176784,NA,0.06,NA,176784,2000-01-01,1,2000
926,Altersgruppen,Minderjährige (0 bis 17 Jahre),2000,200002,176581,NA,-0.11,NA,176683,2000-02-01,2,2000
927,Altersgruppen,Minderjährige (0 bis 17 Jahre),2000,200003,176612,NA,0.02,NA,176659,2000-03-01,3,2000
928,Altersgruppen,Minderjährige (0 bis 17 Jahre),2000,200004,176528,NA,-0.05,NA,176626,2000-04-01,4,2000
929,Altersgruppen,Minderjährige (0 bis 17 Jahre),2000,200005,176709,NA,0.1,NA,176643,2000-05-01,5,2000
930,Altersgruppen,Minderjährige (0 bis 17 Jahre),2000,200006,176674,NA,-0.02,NA,176648,2000-06-01,6,2000
931,Altersgruppen,Minderjährige (0 bis 17 Jahre),2000,200007,176769,NA,0.05,NA,176665,2000-07-01,7,2000
932,Altersgruppen,Minderjährige (0 bis 17 Jahre),2000,200008,177136,173763,0.21,1.94,176724,2000-08-01,8,2000
933,Altersgruppen,Minderjährige (0 bis 17 Jahre),2000,200009,177382,176679,0.14,0.4,176797,2000-09-01,9,2000
934,Altersgruppen,Minderjährige (0 bis 17 Jahre),2000,200010,177528,176756,0.08,0.44,176870,2000-10-01,10,2000
935,Altersgruppen,Minderjährige (0 bis 17 Jahre),2000,200011,177813,176956,0.16,0.48,176956,2000-11-01,11,2000
936,Altersgruppen,Minderjährige (0 bis 17 Jahre),2000,200012,177637,176680,-0.1,0.54,177013,2000-12-01,12,2000
937,Altersgruppen,noch nicht Schulpflichtige (0 bis 5 Jahre),2025,202501,87806,89773,-0.18,-2.19,88899,2025-01-01,1,2025
938,Altersgruppen,noch nicht Schulpflichtige (0 bis 5 Jahre),2025,202502,87779,89726,-0.03,-2.17,88737,2025-02-01,2,2025
939,Altersgruppen,noch nicht Schulpflichtige (0 bis 5 Jahre),2025,202503,87683,89588,-0.11,-2.13,88578,2025-03-01,3,2025
940,Altersgruppen,noch nicht Schulpflichtige (0 bis 5 Jahre),2025,202504,87463,89727,-0.25,-2.52,88389,2025-04-01,4,2025
941,Altersgruppen,noch nicht Schulpflichtige (0 bis 5 Jahre),2025,202505,87134,89371,-0.38,-2.5,88203,2025-05-01,5,2025
942,Altersgruppen,noch nicht Schulpflichtige (0 bis 5 Jahre),2025,202506,86625,89283,-0.58,-2.98,87982,2025-06-01,6,2025
943,Altersgruppen,noch nicht Schulpflichtige (0 bis 5 Jahre),2025,202507,86656,89196,0.04,-2.85,87770,2025-07-01,7,2025
944,Altersgruppen,noch nicht Schulpflichtige (0 bis 5 Jahre),2025,202508,86385,88802,-0.31,-2.72,87568,2025-08-01,8,2025
945,Altersgruppen,noch nicht Schulpflichtige (0 bis 5 Jahre),2025,202509,NA,88542,NA,NA,NA,2025-09-01,9,2025
946,Altersgruppen,noch nicht Schulpflichtige (0 bis 5 Jahre),2025,202510,NA,88344,NA,NA,NA,2025-10-01,10,2025
947,Altersgruppen,noch nicht Schulpflichtige (0 bis 5 Jahre),2025,202511,NA,88438,NA,NA,NA,2025-11-01,11,2025
948,Altersgruppen,noch nicht Schulpflichtige (0 bis 5 Jahre),2025,202512,NA,87966,NA,NA,NA,2025-12-01,12,2025
949,Altersgruppen,noch nicht Schulpflichtige (0 bis 5 Jahre),2024,202401,89773,91834,-0.07,-2.24,90577,2024-01-01,1,2024
950,Altersgruppen,noch nicht Schulpflichtige (0 bis 5 Jahre),2024,202402,89726,91660,-0.05,-2.11,90416,2024-02-01,2,2024
951,Altersgruppen,noch nicht Schulpflichtige (0 bis 5 Jahre),2024,202403,89588,91696,-0.15,-2.3,90240,2024-03-01,3,2024
952,Altersgruppen,noch nicht Schulpflichtige (0 bis 5 Jahre),2024,202404,89727,91387,0.16,-1.82,90102,2024-04-01,4,2024
953,Altersgruppen,noch nicht Schulpflichtige (0 bis 5 Jahre),2024,202405,89371,90871,-0.4,-1.65,89977,2024-05-01,5,2024
954,Altersgruppen,noch nicht Schulpflichtige (0 bis 5 Jahre),2024,202406,89283,90719,-0.1,-1.58,89857,2024-06-01,6,2024
955,Altersgruppen,noch nicht Schulpflichtige (0 bis 5 Jahre),2024,202407,89196,90656,-0.1,-1.61,89735,2024-07-01,7,2024
956,Altersgruppen,noch nicht Schulpflichtige (0 bis 5 Jahre),2024,202408,88802,90347,-0.44,-1.71,89606,2024-08-01,8,2024
957,Altersgruppen,noch nicht Schulpflichtige (0 bis 5 Jahre),2024,202409,88542,90032,-0.29,-1.65,89482,2024-09-01,9,2024
958,Altersgruppen,noch nicht Schulpflichtige (0 bis 5 Jahre),2024,202410,88344,89938,-0.22,-1.77,89349,2024-10-01,10,2024
959,Altersgruppen,noch nicht Schulpflichtige (0 bis 5 Jahre),2024,202411,88438,90002,0.11,-1.74,89219,2024-11-01,11,2024
960,Altersgruppen,noch nicht Schulpflichtige (0 bis 5 Jahre),2024,202412,87966,89839,-0.53,-2.08,89063,2024-12-01,12,2024
961,Altersgruppen,noch nicht Schulpflichtige (0 bis 5 Jahre),2023,202301,91834,91852,-0.07,-0.02,92128,2023-01-01,1,2023
962,Altersgruppen,noch nicht Schulpflichtige (0 bis 5 Jahre),2023,202302,91660,91844,-0.19,-0.2,92113,2023-02-01,2,2023
963,Altersgruppen,noch nicht Schulpflichtige (0 bis 5 Jahre),2023,202303,91696,92692,0.04,-1.07,92030,2023-03-01,3,2023
964,Altersgruppen,noch nicht Schulpflichtige (0 bis 5 Jahre),2023,202304,91387,92715,-0.34,-1.43,91919,2023-04-01,4,2023
965,Altersgruppen,noch nicht Schulpflichtige (0 bis 5 Jahre),2023,202305,90871,92557,-0.56,-1.82,91779,2023-05-01,5,2023
966,Altersgruppen,noch nicht Schulpflichtige (0 bis 5 Jahre),2023,202306,90719,92425,-0.17,-1.85,91637,2023-06-01,6,2023
967,Altersgruppen,noch nicht Schulpflichtige (0 bis 5 Jahre),2023,202307,90656,92272,-0.07,-1.75,91502,2023-07-01,7,2023
968,Altersgruppen,noch nicht Schulpflichtige (0 bis 5 Jahre),2023,202308,90347,91911,-0.34,-1.7,91372,2023-08-01,8,2023
969,Altersgruppen,noch nicht Schulpflichtige (0 bis 5 Jahre),2023,202309,90032,92069,-0.35,-2.21,91202,2023-09-01,9,2023
970,Altersgruppen,noch nicht Schulpflichtige (0 bis 5 Jahre),2023,202310,89938,91540,-0.1,-1.75,91068,2023-10-01,10,2023
971,Altersgruppen,noch nicht Schulpflichtige (0 bis 5 Jahre),2023,202311,90002,91777,0.07,-1.93,90920,2023-11-01,11,2023
972,Altersgruppen,noch nicht Schulpflichtige (0 bis 5 Jahre),2023,202312,89839,91902,-0.18,-2.24,90748,2023-12-01,12,2023
973,Altersgruppen,noch nicht Schulpflichtige (0 bis 5 Jahre),2022,202201,91852,91764,-0.35,0.1,91890,2022-01-01,1,2022
974,Altersgruppen,noch nicht Schulpflichtige (0 bis 5 Jahre),2022,202202,91844,91843,-0.01,0,91890,2022-02-01,2,2022
975,Altersgruppen,noch nicht Schulpflichtige (0 bis 5 Jahre),2022,202203,92692,91959,0.92,0.8,91951,2022-03-01,3,2022
976,Altersgruppen,noch nicht Schulpflichtige (0 bis 5 Jahre),2022,202204,92715,92051,0.02,0.72,92006,2022-04-01,4,2022
977,Altersgruppen,noch nicht Schulpflichtige (0 bis 5 Jahre),2022,202205,92557,91842,-0.17,0.78,92066,2022-05-01,5,2022
978,Altersgruppen,noch nicht Schulpflichtige (0 bis 5 Jahre),2022,202206,92425,91814,-0.14,0.67,92117,2022-06-01,6,2022
979,Altersgruppen,noch nicht Schulpflichtige (0 bis 5 Jahre),2022,202207,92272,91779,-0.17,0.54,92158,2022-07-01,7,2022
980,Altersgruppen,noch nicht Schulpflichtige (0 bis 5 Jahre),2022,202208,91911,91739,-0.39,0.19,92172,2022-08-01,8,2022
981,Altersgruppen,noch nicht Schulpflichtige (0 bis 5 Jahre),2022,202209,92069,91782,0.17,0.31,92196,2022-09-01,9,2022
982,Altersgruppen,noch nicht Schulpflichtige (0 bis 5 Jahre),2022,202210,91540,91905,-0.57,-0.4,92165,2022-10-01,10,2022
983,Altersgruppen,noch nicht Schulpflichtige (0 bis 5 Jahre),2022,202211,91777,91936,0.26,-0.17,92152,2022-11-01,11,2022
984,Altersgruppen,noch nicht Schulpflichtige (0 bis 5 Jahre),2022,202212,91902,92172,0.14,-0.29,92130,2022-12-01,12,2022
985,Altersgruppen,noch nicht Schulpflichtige (0 bis 5 Jahre),2021,202101,91764,92236,-0.09,-0.51,92044,2021-01-01,1,2021
986,Altersgruppen,noch nicht Schulpflichtige (0 bis 5 Jahre),2021,202102,91843,92205,0.09,-0.39,92014,2021-02-01,2,2021
987,Altersgruppen,noch nicht Schulpflichtige (0 bis 5 Jahre),2021,202103,91959,92281,0.13,-0.35,91987,2021-03-01,3,2021
988,Altersgruppen,noch nicht Schulpflichtige (0 bis 5 Jahre),2021,202104,92051,92314,0.1,-0.28,91966,2021-04-01,4,2021
989,Altersgruppen,noch nicht Schulpflichtige (0 bis 5 Jahre),2021,202105,91842,92091,-0.23,-0.27,91945,2021-05-01,5,2021
990,Altersgruppen,noch nicht Schulpflichtige (0 bis 5 Jahre),2021,202106,91814,92104,-0.03,-0.31,91921,2021-06-01,6,2021
991,Altersgruppen,noch nicht Schulpflichtige (0 bis 5 Jahre),2021,202107,91779,92039,-0.04,-0.28,91899,2021-07-01,7,2021
992,Altersgruppen,noch nicht Schulpflichtige (0 bis 5 Jahre),2021,202108,91739,91842,-0.04,-0.11,91890,2021-08-01,8,2021
993,Altersgruppen,noch nicht Schulpflichtige (0 bis 5 Jahre),2021,202109,91782,92099,0.05,-0.34,91864,2021-09-01,9,2021
994,Altersgruppen,noch nicht Schulpflichtige (0 bis 5 Jahre),2021,202110,91905,92000,0.13,-0.1,91856,2021-10-01,10,2021
995,Altersgruppen,noch nicht Schulpflichtige (0 bis 5 Jahre),2021,202111,91936,91950,0.03,-0.02,91855,2021-11-01,11,2021
996,Altersgruppen,noch nicht Schulpflichtige (0 bis 5 Jahre),2021,202112,92172,91844,0.26,0.36,91882,2021-12-01,12,2021
997,Altersgruppen,noch nicht Schulpflichtige (0 bis 5 Jahre),2020,202001,92236,91495,0.29,0.81,91900,2020-01-01,1,2020
998,Altersgruppen,noch nicht Schulpflichtige (0 bis 5 Jahre),2020,202002,92205,91588,-0.03,0.67,91951,2020-02-01,2,2020
999,Altersgruppen,noch nicht Schulpflichtige (0 bis 5 Jahre),2020,202003,92281,91609,0.08,0.73,92007,2020-03-01,3,2020
1000,Altersgruppen,noch nicht Schulpflichtige (0 bis 5 Jahre),2020,202004,92314,92075,0.04,0.26,92027,2020-04-01,4,2020
1001,Altersgruppen,noch nicht Schulpflichtige (0 bis 5 Jahre),2020,202005,92091,91747,-0.24,0.37,92056,2020-05-01,5,2020
1002,Altersgruppen,noch nicht Schulpflichtige (0 bis 5 Jahre),2020,202006,92104,91642,0.01,0.5,92094,2020-06-01,6,2020
1003,Altersgruppen,noch nicht Schulpflichtige (0 bis 5 Jahre),2020,202007,92039,92023,-0.07,0.02,92096,2020-07-01,7,2020
1004,Altersgruppen,noch nicht Schulpflichtige (0 bis 5 Jahre),2020,202008,91842,91969,-0.21,-0.14,92085,2020-08-01,8,2020
1005,Altersgruppen,noch nicht Schulpflichtige (0 bis 5 Jahre),2020,202009,92099,91897,0.28,0.22,92102,2020-09-01,9,2020
1006,Altersgruppen,noch nicht Schulpflichtige (0 bis 5 Jahre),2020,202010,92000,91838,-0.11,0.18,92115,2020-10-01,10,2020
1007,Altersgruppen,noch nicht Schulpflichtige (0 bis 5 Jahre),2020,202011,91950,92204,-0.05,-0.28,92094,2020-11-01,11,2020
1008,Altersgruppen,noch nicht Schulpflichtige (0 bis 5 Jahre),2020,202012,91844,91968,-0.12,-0.13,92084,2020-12-01,12,2020
1009,Altersgruppen,noch nicht Schulpflichtige (0 bis 5 Jahre),2019,201901,91495,90164,0.21,1.48,90949,2019-01-01,1,2019
1010,Altersgruppen,noch nicht Schulpflichtige (0 bis 5 Jahre),2019,201902,91588,90369,0.1,1.35,91060,2019-02-01,2,2019
1011,Altersgruppen,noch nicht Schulpflichtige (0 bis 5 Jahre),2019,201903,91609,90359,0.02,1.38,91174,2019-03-01,3,2019
1012,Altersgruppen,noch nicht Schulpflichtige (0 bis 5 Jahre),2019,201904,92075,90540,0.51,1.7,91313,2019-04-01,4,2019
1013,Altersgruppen,noch nicht Schulpflichtige (0 bis 5 Jahre),2019,201905,91747,NA,-0.36,NA,91349,2019-05-01,5,2019
1014,Altersgruppen,noch nicht Schulpflichtige (0 bis 5 Jahre),2019,201906,91642,90905,-0.11,0.81,91411,2019-06-01,6,2019
1015,Altersgruppen,noch nicht Schulpflichtige (0 bis 5 Jahre),2019,201907,92023,91120,0.42,0.99,91486,2019-07-01,7,2019
1016,Altersgruppen,noch nicht Schulpflichtige (0 bis 5 Jahre),2019,201908,91969,90861,-0.06,1.22,91578,2019-08-01,8,2019
1017,Altersgruppen,noch nicht Schulpflichtige (0 bis 5 Jahre),2019,201909,91897,90811,-0.08,1.2,91669,2019-09-01,9,2019
1018,Altersgruppen,noch nicht Schulpflichtige (0 bis 5 Jahre),2019,201910,91838,91185,-0.06,0.72,91723,2019-10-01,10,2019
1019,Altersgruppen,noch nicht Schulpflichtige (0 bis 5 Jahre),2019,201911,92204,91496,0.4,0.77,91782,2019-11-01,11,2019
1020,Altersgruppen,noch nicht Schulpflichtige (0 bis 5 Jahre),2019,201912,91968,91301,-0.26,0.73,91838,2019-12-01,12,2019
1021,Altersgruppen,noch nicht Schulpflichtige (0 bis 5 Jahre),2018,201801,90164,88882,0.09,1.44,89582,2018-01-01,1,2018
1022,Altersgruppen,noch nicht Schulpflichtige (0 bis 5 Jahre),2018,201802,90369,89156,0.23,1.36,89683,2018-02-01,2,2018
1023,Altersgruppen,noch nicht Schulpflichtige (0 bis 5 Jahre),2018,201803,90359,89119,-0.01,1.39,89786,2018-03-01,3,2018
1024,Altersgruppen,noch nicht Schulpflichtige (0 bis 5 Jahre),2018,201804,90540,89133,0.2,1.58,89904,2018-04-01,4,2018
1025,Altersgruppen,noch nicht Schulpflichtige (0 bis 5 Jahre),2018,201805,NA,89325,NA,NA,NA,2018-05-01,5,2018
1026,Altersgruppen,noch nicht Schulpflichtige (0 bis 5 Jahre),2018,201806,90905,89562,NA,1.5,90078,2018-06-01,6,2018
1027,Altersgruppen,noch nicht Schulpflichtige (0 bis 5 Jahre),2018,201807,91120,89344,0.24,1.99,90240,2018-07-01,7,2018
1028,Altersgruppen,noch nicht Schulpflichtige (0 bis 5 Jahre),2018,201808,90861,89616,-0.28,1.39,90353,2018-08-01,8,2018
1029,Altersgruppen,noch nicht Schulpflichtige (0 bis 5 Jahre),2018,201809,90811,89778,-0.06,1.15,90447,2018-09-01,9,2018
1030,Altersgruppen,noch nicht Schulpflichtige (0 bis 5 Jahre),2018,201810,91185,89565,0.41,1.81,90594,2018-10-01,10,2018
1031,Altersgruppen,noch nicht Schulpflichtige (0 bis 5 Jahre),2018,201811,91496,90142,0.34,1.5,90717,2018-11-01,11,2018
1032,Altersgruppen,noch nicht Schulpflichtige (0 bis 5 Jahre),2018,201812,91301,90080,-0.21,1.36,90828,2018-12-01,12,2018
1033,Altersgruppen,noch nicht Schulpflichtige (0 bis 5 Jahre),2017,201701,88882,86514,0.1,2.74,87869,2017-01-01,1,2017
1034,Altersgruppen,noch nicht Schulpflichtige (0 bis 5 Jahre),2017,201702,89156,86786,0.31,2.73,88067,2017-02-01,2,2017
1035,Altersgruppen,noch nicht Schulpflichtige (0 bis 5 Jahre),2017,201703,89119,86737,-0.04,2.75,88265,2017-03-01,3,2017
1036,Altersgruppen,noch nicht Schulpflichtige (0 bis 5 Jahre),2017,201704,89133,86816,0.02,2.67,88459,2017-04-01,4,2017
1037,Altersgruppen,noch nicht Schulpflichtige (0 bis 5 Jahre),2017,201705,89325,87028,0.22,2.64,88650,2017-05-01,5,2017
1038,Altersgruppen,noch nicht Schulpflichtige (0 bis 5 Jahre),2017,201706,89562,87402,0.27,2.47,88830,2017-06-01,6,2017
1039,Altersgruppen,noch nicht Schulpflichtige (0 bis 5 Jahre),2017,201707,89344,87806,-0.24,1.75,88958,2017-07-01,7,2017
1040,Altersgruppen,noch nicht Schulpflichtige (0 bis 5 Jahre),2017,201708,89616,88124,0.3,1.69,89082,2017-08-01,8,2017
1041,Altersgruppen,noch nicht Schulpflichtige (0 bis 5 Jahre),2017,201709,89778,88278,0.18,1.7,89207,2017-09-01,9,2017
1042,Altersgruppen,noch nicht Schulpflichtige (0 bis 5 Jahre),2017,201710,89565,88656,-0.24,1.03,89283,2017-10-01,10,2017
1043,Altersgruppen,noch nicht Schulpflichtige (0 bis 5 Jahre),2017,201711,90142,89125,0.64,1.14,89368,2017-11-01,11,2017
1044,Altersgruppen,noch nicht Schulpflichtige (0 bis 5 Jahre),2017,201712,90080,88793,-0.07,1.45,89475,2017-12-01,12,2017
1045,Altersgruppen,noch nicht Schulpflichtige (0 bis 5 Jahre),2016,201601,86514,83425,0.53,3.7,84805,2016-01-01,1,2016
1046,Altersgruppen,noch nicht Schulpflichtige (0 bis 5 Jahre),2016,201602,86786,83320,0.31,4.16,85094,2016-02-01,2,2016
1047,Altersgruppen,noch nicht Schulpflichtige (0 bis 5 Jahre),2016,201603,86737,83471,-0.06,3.91,85366,2016-03-01,3,2016
1048,Altersgruppen,noch nicht Schulpflichtige (0 bis 5 Jahre),2016,201604,86816,83863,0.09,3.52,85612,2016-04-01,4,2016
1049,Altersgruppen,noch nicht Schulpflichtige (0 bis 5 Jahre),2016,201605,87028,83845,0.24,3.8,85877,2016-05-01,5,2016
1050,Altersgruppen,noch nicht Schulpflichtige (0 bis 5 Jahre),2016,201606,87402,84351,0.43,3.62,86131,2016-06-01,6,2016
1051,Altersgruppen,noch nicht Schulpflichtige (0 bis 5 Jahre),2016,201607,87806,84547,0.46,3.85,86403,2016-07-01,7,2016
1052,Altersgruppen,noch nicht Schulpflichtige (0 bis 5 Jahre),2016,201608,88124,84720,0.36,4.02,86687,2016-08-01,8,2016
1053,Altersgruppen,noch nicht Schulpflichtige (0 bis 5 Jahre),2016,201609,88278,85379,0.17,3.4,86928,2016-09-01,9,2016
1054,Altersgruppen,noch nicht Schulpflichtige (0 bis 5 Jahre),2016,201610,88656,85677,0.43,3.48,87177,2016-10-01,10,2016
1055,Altersgruppen,noch nicht Schulpflichtige (0 bis 5 Jahre),2016,201611,89125,85917,0.53,3.73,87444,2016-11-01,11,2016
1056,Altersgruppen,noch nicht Schulpflichtige (0 bis 5 Jahre),2016,201612,88793,86054,-0.37,3.18,87672,2016-12-01,12,2016
1057,Altersgruppen,noch nicht Schulpflichtige (0 bis 5 Jahre),2015,201501,83425,81612,0.46,2.22,82498,2015-01-01,1,2015
1058,Altersgruppen,noch nicht Schulpflichtige (0 bis 5 Jahre),2015,201502,83320,81694,-0.13,1.99,82634,2015-02-01,2,2015
1059,Altersgruppen,noch nicht Schulpflichtige (0 bis 5 Jahre),2015,201503,83471,81693,0.18,2.18,82782,2015-03-01,3,2015
1060,Altersgruppen,noch nicht Schulpflichtige (0 bis 5 Jahre),2015,201504,83863,81919,0.47,2.37,82944,2015-04-01,4,2015
1061,Altersgruppen,noch nicht Schulpflichtige (0 bis 5 Jahre),2015,201505,83845,82063,-0.02,2.17,83093,2015-05-01,5,2015
1062,Altersgruppen,noch nicht Schulpflichtige (0 bis 5 Jahre),2015,201506,84351,82230,0.6,2.58,83269,2015-06-01,6,2015
1063,Altersgruppen,noch nicht Schulpflichtige (0 bis 5 Jahre),2015,201507,84547,82514,0.23,2.46,83439,2015-07-01,7,2015
1064,Altersgruppen,noch nicht Schulpflichtige (0 bis 5 Jahre),2015,201508,84720,82383,0.2,2.84,83633,2015-08-01,8,2015
1065,Altersgruppen,noch nicht Schulpflichtige (0 bis 5 Jahre),2015,201509,85379,82751,0.78,3.18,83852,2015-09-01,9,2015
1066,Altersgruppen,noch nicht Schulpflichtige (0 bis 5 Jahre),2015,201510,85677,83077,0.35,3.13,84069,2015-10-01,10,2015
1067,Altersgruppen,noch nicht Schulpflichtige (0 bis 5 Jahre),2015,201511,85917,83191,0.28,3.28,84296,2015-11-01,11,2015
1068,Altersgruppen,noch nicht Schulpflichtige (0 bis 5 Jahre),2015,201512,86054,83040,0.16,3.63,84547,2015-12-01,12,2015
1069,Altersgruppen,noch nicht Schulpflichtige (0 bis 5 Jahre),2014,201401,81612,80145,0.3,1.83,80906,2014-01-01,1,2014
1070,Altersgruppen,noch nicht Schulpflichtige (0 bis 5 Jahre),2014,201402,81694,80291,0.1,1.75,81023,2014-02-01,2,2014
1071,Altersgruppen,noch nicht Schulpflichtige (0 bis 5 Jahre),2014,201403,81693,80277,0,1.76,81141,2014-03-01,3,2014
1072,Altersgruppen,noch nicht Schulpflichtige (0 bis 5 Jahre),2014,201404,81919,80432,0.28,1.85,81265,2014-04-01,4,2014
1073,Altersgruppen,noch nicht Schulpflichtige (0 bis 5 Jahre),2014,201405,82063,80452,0.18,2,81399,2014-05-01,5,2014
1074,Altersgruppen,noch nicht Schulpflichtige (0 bis 5 Jahre),2014,201406,82230,80588,0.2,2.04,81536,2014-06-01,6,2014
1075,Altersgruppen,noch nicht Schulpflichtige (0 bis 5 Jahre),2014,201407,82514,80889,0.35,2.01,81671,2014-07-01,7,2014
1076,Altersgruppen,noch nicht Schulpflichtige (0 bis 5 Jahre),2014,201408,82383,81031,-0.16,1.67,81784,2014-08-01,8,2014
1077,Altersgruppen,noch nicht Schulpflichtige (0 bis 5 Jahre),2014,201409,82751,81127,0.45,2,81919,2014-09-01,9,2014
1078,Altersgruppen,noch nicht Schulpflichtige (0 bis 5 Jahre),2014,201410,83077,81339,0.39,2.14,82064,2014-10-01,10,2014
1079,Altersgruppen,noch nicht Schulpflichtige (0 bis 5 Jahre),2014,201411,83191,81465,0.14,2.12,82208,2014-11-01,11,2014
1080,Altersgruppen,noch nicht Schulpflichtige (0 bis 5 Jahre),2014,201412,83040,81369,-0.18,2.05,82347,2014-12-01,12,2014
1081,Altersgruppen,noch nicht Schulpflichtige (0 bis 5 Jahre),2013,201301,80145,78203,0.49,2.48,79261,2013-01-01,1,2013
1082,Altersgruppen,noch nicht Schulpflichtige (0 bis 5 Jahre),2013,201302,80291,78330,0.18,2.5,79425,2013-02-01,2,2013
1083,Altersgruppen,noch nicht Schulpflichtige (0 bis 5 Jahre),2013,201303,80277,78605,-0.02,2.13,79564,2013-03-01,3,2013
1084,Altersgruppen,noch nicht Schulpflichtige (0 bis 5 Jahre),2013,201304,80432,78757,0.19,2.13,79704,2013-04-01,4,2013
1085,Altersgruppen,noch nicht Schulpflichtige (0 bis 5 Jahre),2013,201305,80452,79002,0.02,1.84,79825,2013-05-01,5,2013
1086,Altersgruppen,noch nicht Schulpflichtige (0 bis 5 Jahre),2013,201306,80588,78923,0.17,2.11,79963,2013-06-01,6,2013
1087,Altersgruppen,noch nicht Schulpflichtige (0 bis 5 Jahre),2013,201307,80889,79122,0.37,2.23,80111,2013-07-01,7,2013
1088,Altersgruppen,noch nicht Schulpflichtige (0 bis 5 Jahre),2013,201308,81031,79307,0.18,2.17,80254,2013-08-01,8,2013
1089,Altersgruppen,noch nicht Schulpflichtige (0 bis 5 Jahre),2013,201309,81127,79426,0.12,2.14,80396,2013-09-01,9,2013
1090,Altersgruppen,noch nicht Schulpflichtige (0 bis 5 Jahre),2013,201310,81339,79800,0.26,1.93,80524,2013-10-01,10,2013
1091,Altersgruppen,noch nicht Schulpflichtige (0 bis 5 Jahre),2013,201311,81465,79968,0.15,1.87,80649,2013-11-01,11,2013
1092,Altersgruppen,noch nicht Schulpflichtige (0 bis 5 Jahre),2013,201312,81369,79752,-0.12,2.03,80784,2013-12-01,12,2013
1093,Altersgruppen,noch nicht Schulpflichtige (0 bis 5 Jahre),2012,201201,78203,76550,0.11,2.16,77452,2012-01-01,1,2012
1094,Altersgruppen,noch nicht Schulpflichtige (0 bis 5 Jahre),2012,201202,78330,76657,0.16,2.18,77592,2012-02-01,2,2012
1095,Altersgruppen,noch nicht Schulpflichtige (0 bis 5 Jahre),2012,201203,78605,76929,0.35,2.18,77731,2012-03-01,3,2012
1096,Altersgruppen,noch nicht Schulpflichtige (0 bis 5 Jahre),2012,201204,78757,76849,0.19,2.48,77890,2012-04-01,4,2012
1097,Altersgruppen,noch nicht Schulpflichtige (0 bis 5 Jahre),2012,201205,79002,77117,0.31,2.44,78047,2012-05-01,5,2012
1098,Altersgruppen,noch nicht Schulpflichtige (0 bis 5 Jahre),2012,201206,78923,77085,-0.1,2.38,78200,2012-06-01,6,2012
1099,Altersgruppen,noch nicht Schulpflichtige (0 bis 5 Jahre),2012,201207,79122,77453,0.25,2.15,78340,2012-07-01,7,2012
1100,Altersgruppen,noch nicht Schulpflichtige (0 bis 5 Jahre),2012,201208,79307,77524,0.23,2.3,78488,2012-08-01,8,2012
1101,Altersgruppen,noch nicht Schulpflichtige (0 bis 5 Jahre),2012,201209,79426,77647,0.15,2.29,78636,2012-09-01,9,2012
1102,Altersgruppen,noch nicht Schulpflichtige (0 bis 5 Jahre),2012,201210,79800,77859,0.47,2.49,78798,2012-10-01,10,2012
1103,Altersgruppen,noch nicht Schulpflichtige (0 bis 5 Jahre),2012,201211,79968,77983,0.21,2.55,78964,2012-11-01,11,2012
1104,Altersgruppen,noch nicht Schulpflichtige (0 bis 5 Jahre),2012,201212,79752,78119,-0.27,2.09,79100,2012-12-01,12,2012
1105,Altersgruppen,noch nicht Schulpflichtige (0 bis 5 Jahre),2011,201101,76550,74936,0.2,2.15,75776,2011-01-01,1,2011
1106,Altersgruppen,noch nicht Schulpflichtige (0 bis 5 Jahre),2011,201102,76657,75165,0.14,1.98,75900,2011-02-01,2,2011
1107,Altersgruppen,noch nicht Schulpflichtige (0 bis 5 Jahre),2011,201103,76929,75327,0.35,2.13,76034,2011-03-01,3,2011
1108,Altersgruppen,noch nicht Schulpflichtige (0 bis 5 Jahre),2011,201104,76849,75369,-0.1,1.96,76157,2011-04-01,4,2011
1109,Altersgruppen,noch nicht Schulpflichtige (0 bis 5 Jahre),2011,201105,77117,75409,0.35,2.26,76299,2011-05-01,5,2011
1110,Altersgruppen,noch nicht Schulpflichtige (0 bis 5 Jahre),2011,201106,77085,75621,-0.04,1.94,76421,2011-06-01,6,2011
1111,Altersgruppen,noch nicht Schulpflichtige (0 bis 5 Jahre),2011,201107,77453,75706,0.48,2.31,76567,2011-07-01,7,2011
1112,Altersgruppen,noch nicht Schulpflichtige (0 bis 5 Jahre),2011,201108,77524,75720,0.09,2.38,76717,2011-08-01,8,2011
1113,Altersgruppen,noch nicht Schulpflichtige (0 bis 5 Jahre),2011,201109,77647,75777,0.16,2.47,76873,2011-09-01,9,2011
1114,Altersgruppen,noch nicht Schulpflichtige (0 bis 5 Jahre),2011,201110,77859,76008,0.27,2.44,77027,2011-10-01,10,2011
1115,Altersgruppen,noch nicht Schulpflichtige (0 bis 5 Jahre),2011,201111,77983,76264,0.16,2.25,77171,2011-11-01,11,2011
1116,Altersgruppen,noch nicht Schulpflichtige (0 bis 5 Jahre),2011,201112,78119,76395,0.17,2.26,77314,2011-12-01,12,2011
1117,Altersgruppen,noch nicht Schulpflichtige (0 bis 5 Jahre),2010,201001,74936,73712,0.17,1.66,74281,2010-01-01,1,2010
1118,Altersgruppen,noch nicht Schulpflichtige (0 bis 5 Jahre),2010,201002,75165,73706,0.31,1.98,74402,2010-02-01,2,2010
1119,Altersgruppen,noch nicht Schulpflichtige (0 bis 5 Jahre),2010,201003,75327,73800,0.22,2.07,74529,2010-03-01,3,2010
1120,Altersgruppen,noch nicht Schulpflichtige (0 bis 5 Jahre),2010,201004,75369,73717,0.06,2.24,74667,2010-04-01,4,2010
1121,Altersgruppen,noch nicht Schulpflichtige (0 bis 5 Jahre),2010,201005,75409,73884,0.05,2.06,74794,2010-05-01,5,2010
1122,Altersgruppen,noch nicht Schulpflichtige (0 bis 5 Jahre),2010,201006,75621,74068,0.28,2.1,74924,2010-06-01,6,2010
1123,Altersgruppen,noch nicht Schulpflichtige (0 bis 5 Jahre),2010,201007,75706,74269,0.11,1.93,75043,2010-07-01,7,2010
1124,Altersgruppen,noch nicht Schulpflichtige (0 bis 5 Jahre),2010,201008,75720,74324,0.02,1.88,75160,2010-08-01,8,2010
1125,Altersgruppen,noch nicht Schulpflichtige (0 bis 5 Jahre),2010,201009,75777,74427,0.08,1.81,75272,2010-09-01,9,2010
1126,Altersgruppen,noch nicht Schulpflichtige (0 bis 5 Jahre),2010,201010,76008,74653,0.3,1.82,75385,2010-10-01,10,2010
1127,Altersgruppen,noch nicht Schulpflichtige (0 bis 5 Jahre),2010,201011,76264,74777,0.34,1.99,75509,2010-11-01,11,2010
1128,Altersgruppen,noch nicht Schulpflichtige (0 bis 5 Jahre),2010,201012,76395,74806,0.17,2.12,75641,2010-12-01,12,2010
1129,Altersgruppen,noch nicht Schulpflichtige (0 bis 5 Jahre),2009,200901,73712,72457,0.15,1.73,73193,2009-01-01,1,2009
1130,Altersgruppen,noch nicht Schulpflichtige (0 bis 5 Jahre),2009,200902,73706,72570,-0.01,1.57,73287,2009-02-01,2,2009
1131,Altersgruppen,noch nicht Schulpflichtige (0 bis 5 Jahre),2009,200903,73800,72540,0.13,1.74,73392,2009-03-01,3,2009
1132,Altersgruppen,noch nicht Schulpflichtige (0 bis 5 Jahre),2009,200904,73717,72780,-0.11,1.29,73471,2009-04-01,4,2009
1133,Altersgruppen,noch nicht Schulpflichtige (0 bis 5 Jahre),2009,200905,73884,72790,0.23,1.5,73562,2009-05-01,5,2009
1134,Altersgruppen,noch nicht Schulpflichtige (0 bis 5 Jahre),2009,200906,74068,72997,0.25,1.47,73651,2009-06-01,6,2009
1135,Altersgruppen,noch nicht Schulpflichtige (0 bis 5 Jahre),2009,200907,74269,73380,0.27,1.21,73725,2009-07-01,7,2009
1136,Altersgruppen,noch nicht Schulpflichtige (0 bis 5 Jahre),2009,200908,74324,73278,0.07,1.43,73812,2009-08-01,8,2009
1137,Altersgruppen,noch nicht Schulpflichtige (0 bis 5 Jahre),2009,200909,74427,73279,0.14,1.57,73908,2009-09-01,9,2009
1138,Altersgruppen,noch nicht Schulpflichtige (0 bis 5 Jahre),2009,200910,74653,73659,0.3,1.35,73991,2009-10-01,10,2009
1139,Altersgruppen,noch nicht Schulpflichtige (0 bis 5 Jahre),2009,200911,74777,73725,0.17,1.43,74078,2009-11-01,11,2009
1140,Altersgruppen,noch nicht Schulpflichtige (0 bis 5 Jahre),2009,200912,74806,73603,0.04,1.63,74179,2009-12-01,12,2009
1141,Altersgruppen,noch nicht Schulpflichtige (0 bis 5 Jahre),2008,200801,72457,69990,0.43,3.52,71318,2008-01-01,1,2008
1142,Altersgruppen,noch nicht Schulpflichtige (0 bis 5 Jahre),2008,200802,72570,70134,0.16,3.47,71521,2008-02-01,2,2008
1143,Altersgruppen,noch nicht Schulpflichtige (0 bis 5 Jahre),2008,200803,72540,70424,-0.04,3,71698,2008-03-01,3,2008
1144,Altersgruppen,noch nicht Schulpflichtige (0 bis 5 Jahre),2008,200804,72780,70640,0.33,3.03,71876,2008-04-01,4,2008
1145,Altersgruppen,noch nicht Schulpflichtige (0 bis 5 Jahre),2008,200805,72790,70918,0.01,2.64,72032,2008-05-01,5,2008
1146,Altersgruppen,noch nicht Schulpflichtige (0 bis 5 Jahre),2008,200806,72997,71044,0.28,2.75,72195,2008-06-01,6,2008
1147,Altersgruppen,noch nicht Schulpflichtige (0 bis 5 Jahre),2008,200807,73380,71191,0.52,3.07,72377,2008-07-01,7,2008
1148,Altersgruppen,noch nicht Schulpflichtige (0 bis 5 Jahre),2008,200808,73278,71458,-0.14,2.55,72529,2008-08-01,8,2008
1149,Altersgruppen,noch nicht Schulpflichtige (0 bis 5 Jahre),2008,200809,73279,71455,0,2.55,72681,2008-09-01,9,2008
1150,Altersgruppen,noch nicht Schulpflichtige (0 bis 5 Jahre),2008,200810,73659,71811,0.52,2.57,72835,2008-10-01,10,2008
1151,Altersgruppen,noch nicht Schulpflichtige (0 bis 5 Jahre),2008,200811,73725,72143,0.09,2.19,72967,2008-11-01,11,2008
1152,Altersgruppen,noch nicht Schulpflichtige (0 bis 5 Jahre),2008,200812,73603,72144,-0.17,2.02,73088,2008-12-01,12,2008
1153,Altersgruppen,noch nicht Schulpflichtige (0 bis 5 Jahre),2007,200701,69990,68865,0.36,1.63,69333,2007-01-01,1,2007
1154,Altersgruppen,noch nicht Schulpflichtige (0 bis 5 Jahre),2007,200702,70134,68843,0.21,1.88,69441,2007-02-01,2,2007
1155,Altersgruppen,noch nicht Schulpflichtige (0 bis 5 Jahre),2007,200703,70424,68935,0.41,2.16,69565,2007-03-01,3,2007
1156,Altersgruppen,noch nicht Schulpflichtige (0 bis 5 Jahre),2007,200704,70640,68814,0.31,2.65,69717,2007-04-01,4,2007
1157,Altersgruppen,noch nicht Schulpflichtige (0 bis 5 Jahre),2007,200705,70918,68811,0.39,3.06,69892,2007-05-01,5,2007
1158,Altersgruppen,noch nicht Schulpflichtige (0 bis 5 Jahre),2007,200706,71044,69066,0.18,2.86,70057,2007-06-01,6,2007
1159,Altersgruppen,noch nicht Schulpflichtige (0 bis 5 Jahre),2007,200707,71191,69313,0.21,2.71,70214,2007-07-01,7,2007
1160,Altersgruppen,noch nicht Schulpflichtige (0 bis 5 Jahre),2007,200708,71458,69579,0.38,2.7,70370,2007-08-01,8,2007
1161,Altersgruppen,noch nicht Schulpflichtige (0 bis 5 Jahre),2007,200709,71455,69489,0,2.83,70534,2007-09-01,9,2007
1162,Altersgruppen,noch nicht Schulpflichtige (0 bis 5 Jahre),2007,200710,71811,69648,0.5,3.11,70714,2007-10-01,10,2007
1163,Altersgruppen,noch nicht Schulpflichtige (0 bis 5 Jahre),2007,200711,72143,69766,0.46,3.41,70913,2007-11-01,11,2007
1164,Altersgruppen,noch nicht Schulpflichtige (0 bis 5 Jahre),2007,200712,72144,69742,0,3.44,71113,2007-12-01,12,2007
1165,Altersgruppen,noch nicht Schulpflichtige (0 bis 5 Jahre),2006,200601,68865,67564,0.02,1.93,68337,2006-01-01,1,2006
1166,Altersgruppen,noch nicht Schulpflichtige (0 bis 5 Jahre),2006,200602,68843,67694,-0.03,1.7,68432,2006-02-01,2,2006
1167,Altersgruppen,noch nicht Schulpflichtige (0 bis 5 Jahre),2006,200603,68935,67730,0.13,1.78,68533,2006-03-01,3,2006
1168,Altersgruppen,noch nicht Schulpflichtige (0 bis 5 Jahre),2006,200604,68814,67928,-0.18,1.3,68607,2006-04-01,4,2006
1169,Altersgruppen,noch nicht Schulpflichtige (0 bis 5 Jahre),2006,200605,68811,68107,0,1.03,68665,2006-05-01,5,2006
1170,Altersgruppen,noch nicht Schulpflichtige (0 bis 5 Jahre),2006,200606,69066,68306,0.37,1.11,68729,2006-06-01,6,2006
1171,Altersgruppen,noch nicht Schulpflichtige (0 bis 5 Jahre),2006,200607,69313,68358,0.36,1.4,68808,2006-07-01,7,2006
1172,Altersgruppen,noch nicht Schulpflichtige (0 bis 5 Jahre),2006,200608,69579,68403,0.38,1.72,68906,2006-08-01,8,2006
1173,Altersgruppen,noch nicht Schulpflichtige (0 bis 5 Jahre),2006,200609,69489,68432,-0.13,1.54,68994,2006-09-01,9,2006
1174,Altersgruppen,noch nicht Schulpflichtige (0 bis 5 Jahre),2006,200610,69648,68555,0.23,1.59,69085,2006-10-01,10,2006
1175,Altersgruppen,noch nicht Schulpflichtige (0 bis 5 Jahre),2006,200611,69766,68807,0.17,1.39,69165,2006-11-01,11,2006
1176,Altersgruppen,noch nicht Schulpflichtige (0 bis 5 Jahre),2006,200612,69742,68853,-0.03,1.29,69239,2006-12-01,12,2006
1177,Altersgruppen,noch nicht Schulpflichtige (0 bis 5 Jahre),2005,200501,67564,67431,-0.04,0.2,67502,2005-01-01,1,2005
1178,Altersgruppen,noch nicht Schulpflichtige (0 bis 5 Jahre),2005,200502,67694,67309,0.19,0.57,67535,2005-02-01,2,2005
1179,Altersgruppen,noch nicht Schulpflichtige (0 bis 5 Jahre),2005,200503,67730,67577,0.05,0.23,67547,2005-03-01,3,2005
1180,Altersgruppen,noch nicht Schulpflichtige (0 bis 5 Jahre),2005,200504,67928,67541,0.29,0.57,67580,2005-04-01,4,2005
1181,Altersgruppen,noch nicht Schulpflichtige (0 bis 5 Jahre),2005,200505,68107,67348,0.26,1.13,67643,2005-05-01,5,2005
1182,Altersgruppen,noch nicht Schulpflichtige (0 bis 5 Jahre),2005,200506,68306,67401,0.29,1.34,67718,2005-06-01,6,2005
1183,Altersgruppen,noch nicht Schulpflichtige (0 bis 5 Jahre),2005,200507,68358,67431,0.08,1.37,67795,2005-07-01,7,2005
1184,Altersgruppen,noch nicht Schulpflichtige (0 bis 5 Jahre),2005,200508,68403,67570,0.07,1.23,67865,2005-08-01,8,2005
1185,Altersgruppen,noch nicht Schulpflichtige (0 bis 5 Jahre),2005,200509,68432,67507,0.04,1.37,67942,2005-09-01,9,2005
1186,Altersgruppen,noch nicht Schulpflichtige (0 bis 5 Jahre),2005,200510,68555,67533,0.18,1.51,68027,2005-10-01,10,2005
1187,Altersgruppen,noch nicht Schulpflichtige (0 bis 5 Jahre),2005,200511,68807,67660,0.37,1.7,68123,2005-11-01,11,2005
1188,Altersgruppen,noch nicht Schulpflichtige (0 bis 5 Jahre),2005,200512,68853,67588,0.07,1.87,68228,2005-12-01,12,2005
1189,Altersgruppen,noch nicht Schulpflichtige (0 bis 5 Jahre),2004,200401,67431,67292,-0.09,0.21,67355,2004-01-01,1,2004
1190,Altersgruppen,noch nicht Schulpflichtige (0 bis 5 Jahre),2004,200402,67309,67295,-0.18,0.02,67356,2004-02-01,2,2004
1191,Altersgruppen,noch nicht Schulpflichtige (0 bis 5 Jahre),2004,200403,67577,67257,0.4,0.48,67383,2004-03-01,3,2004
1192,Altersgruppen,noch nicht Schulpflichtige (0 bis 5 Jahre),2004,200404,67541,67174,-0.05,0.55,67413,2004-04-01,4,2004
1193,Altersgruppen,noch nicht Schulpflichtige (0 bis 5 Jahre),2004,200405,67348,67235,-0.29,0.17,67423,2004-05-01,5,2004
1194,Altersgruppen,noch nicht Schulpflichtige (0 bis 5 Jahre),2004,200406,67401,67231,0.08,0.25,67437,2004-06-01,6,2004
1195,Altersgruppen,noch nicht Schulpflichtige (0 bis 5 Jahre),2004,200407,67431,67326,0.04,0.16,67445,2004-07-01,7,2004
1196,Altersgruppen,noch nicht Schulpflichtige (0 bis 5 Jahre),2004,200408,67570,67258,0.21,0.46,67471,2004-08-01,8,2004
1197,Altersgruppen,noch nicht Schulpflichtige (0 bis 5 Jahre),2004,200409,67507,67227,-0.09,0.42,67495,2004-09-01,9,2004
1198,Altersgruppen,noch nicht Schulpflichtige (0 bis 5 Jahre),2004,200410,67533,67528,0.04,0.01,67495,2004-10-01,10,2004
1199,Altersgruppen,noch nicht Schulpflichtige (0 bis 5 Jahre),2004,200411,67660,67804,0.19,-0.21,67483,2004-11-01,11,2004
1200,Altersgruppen,noch nicht Schulpflichtige (0 bis 5 Jahre),2004,200412,67588,67490,-0.11,0.15,67491,2004-12-01,12,2004
1201,Altersgruppen,noch nicht Schulpflichtige (0 bis 5 Jahre),2003,200301,67292,67016,0.25,0.41,67271,2003-01-01,1,2003
1202,Altersgruppen,noch nicht Schulpflichtige (0 bis 5 Jahre),2003,200302,67295,67068,0,0.34,67290,2003-02-01,2,2003
1203,Altersgruppen,noch nicht Schulpflichtige (0 bis 5 Jahre),2003,200303,67257,66994,-0.06,0.39,67312,2003-03-01,3,2003
1204,Altersgruppen,noch nicht Schulpflichtige (0 bis 5 Jahre),2003,200304,67174,67150,-0.12,0.04,67314,2003-04-01,4,2003
1205,Altersgruppen,noch nicht Schulpflichtige (0 bis 5 Jahre),2003,200305,67235,67157,0.09,0.12,67321,2003-05-01,5,2003
1206,Altersgruppen,noch nicht Schulpflichtige (0 bis 5 Jahre),2003,200306,67231,67270,-0.01,-0.06,67318,2003-06-01,6,2003
1207,Altersgruppen,noch nicht Schulpflichtige (0 bis 5 Jahre),2003,200307,67326,67407,0.14,-0.12,67311,2003-07-01,7,2003
1208,Altersgruppen,noch nicht Schulpflichtige (0 bis 5 Jahre),2003,200308,67258,67374,-0.1,-0.17,67301,2003-08-01,8,2003
1209,Altersgruppen,noch nicht Schulpflichtige (0 bis 5 Jahre),2003,200309,67227,67425,-0.05,-0.29,67285,2003-09-01,9,2003
1210,Altersgruppen,noch nicht Schulpflichtige (0 bis 5 Jahre),2003,200310,67528,67546,0.45,-0.03,67283,2003-10-01,10,2003
1211,Altersgruppen,noch nicht Schulpflichtige (0 bis 5 Jahre),2003,200311,67804,67447,0.41,0.53,67313,2003-11-01,11,2003
1212,Altersgruppen,noch nicht Schulpflichtige (0 bis 5 Jahre),2003,200312,67490,67127,-0.46,0.54,67343,2003-12-01,12,2003
1213,Altersgruppen,noch nicht Schulpflichtige (0 bis 5 Jahre),2002,200201,67016,65741,0.42,1.94,66559,2002-01-01,1,2002
1214,Altersgruppen,noch nicht Schulpflichtige (0 bis 5 Jahre),2002,200202,67068,66059,0.08,1.53,66643,2002-02-01,2,2002
1215,Altersgruppen,noch nicht Schulpflichtige (0 bis 5 Jahre),2002,200203,66994,66086,-0.11,1.37,66719,2002-03-01,3,2002
1216,Altersgruppen,noch nicht Schulpflichtige (0 bis 5 Jahre),2002,200204,67150,66193,0.23,1.45,66799,2002-04-01,4,2002
1217,Altersgruppen,noch nicht Schulpflichtige (0 bis 5 Jahre),2002,200205,67157,66466,0.01,1.04,66856,2002-05-01,5,2002
1218,Altersgruppen,noch nicht Schulpflichtige (0 bis 5 Jahre),2002,200206,67270,66365,0.17,1.36,66932,2002-06-01,6,2002
1219,Altersgruppen,noch nicht Schulpflichtige (0 bis 5 Jahre),2002,200207,67407,66609,0.2,1.2,66998,2002-07-01,7,2002
1220,Altersgruppen,noch nicht Schulpflichtige (0 bis 5 Jahre),2002,200208,67374,66724,-0.05,0.97,67052,2002-08-01,8,2002
1221,Altersgruppen,noch nicht Schulpflichtige (0 bis 5 Jahre),2002,200209,67425,66697,0.08,1.09,67113,2002-09-01,9,2002
1222,Altersgruppen,noch nicht Schulpflichtige (0 bis 5 Jahre),2002,200210,67546,66795,0.18,1.12,67176,2002-10-01,10,2002
1223,Altersgruppen,noch nicht Schulpflichtige (0 bis 5 Jahre),2002,200211,67447,66965,-0.15,0.72,67216,2002-11-01,11,2002
1224,Altersgruppen,noch nicht Schulpflichtige (0 bis 5 Jahre),2002,200212,67127,66734,-0.47,0.59,67248,2002-12-01,12,2002
1225,Altersgruppen,noch nicht Schulpflichtige (0 bis 5 Jahre),2001,200101,65741,64876,0.27,1.33,65169,2001-01-01,1,2001
1226,Altersgruppen,noch nicht Schulpflichtige (0 bis 5 Jahre),2001,200102,66059,64708,0.48,2.09,65282,2001-02-01,2,2001
1227,Altersgruppen,noch nicht Schulpflichtige (0 bis 5 Jahre),2001,200103,66086,64787,0.04,2.01,65390,2001-03-01,3,2001
1228,Altersgruppen,noch nicht Schulpflichtige (0 bis 5 Jahre),2001,200104,66193,64744,0.16,2.24,65511,2001-04-01,4,2001
1229,Altersgruppen,noch nicht Schulpflichtige (0 bis 5 Jahre),2001,200105,66466,64897,0.41,2.42,65641,2001-05-01,5,2001
1230,Altersgruppen,noch nicht Schulpflichtige (0 bis 5 Jahre),2001,200106,66365,64858,-0.15,2.32,65767,2001-06-01,6,2001
1231,Altersgruppen,noch nicht Schulpflichtige (0 bis 5 Jahre),2001,200107,66609,64965,0.37,2.53,65904,2001-07-01,7,2001
1232,Altersgruppen,noch nicht Schulpflichtige (0 bis 5 Jahre),2001,200108,66724,65216,0.17,2.31,66030,2001-08-01,8,2001
1233,Altersgruppen,noch nicht Schulpflichtige (0 bis 5 Jahre),2001,200109,66697,65318,-0.04,2.11,66145,2001-09-01,9,2001
1234,Altersgruppen,noch nicht Schulpflichtige (0 bis 5 Jahre),2001,200110,66795,65516,0.15,1.95,66251,2001-10-01,10,2001
1235,Altersgruppen,noch nicht Schulpflichtige (0 bis 5 Jahre),2001,200111,66965,65716,0.25,1.9,66355,2001-11-01,11,2001
1236,Altersgruppen,noch nicht Schulpflichtige (0 bis 5 Jahre),2001,200112,66734,65563,-0.34,1.79,66453,2001-12-01,12,2001
1237,Altersgruppen,noch nicht Schulpflichtige (0 bis 5 Jahre),2000,200001,64876,NA,0.1,NA,64876,2000-01-01,1,2000
1238,Altersgruppen,noch nicht Schulpflichtige (0 bis 5 Jahre),2000,200002,64708,NA,-0.26,NA,64792,2000-02-01,2,2000
1239,Altersgruppen,noch nicht Schulpflichtige (0 bis 5 Jahre),2000,200003,64787,NA,0.12,NA,64790,2000-03-01,3,2000
1240,Altersgruppen,noch nicht Schulpflichtige (0 bis 5 Jahre),2000,200004,64744,NA,-0.07,NA,64779,2000-04-01,4,2000
1241,Altersgruppen,noch nicht Schulpflichtige (0 bis 5 Jahre),2000,200005,64897,NA,0.24,NA,64802,2000-05-01,5,2000
1242,Altersgruppen,noch nicht Schulpflichtige (0 bis 5 Jahre),2000,200006,64858,NA,-0.06,NA,64812,2000-06-01,6,2000
1243,Altersgruppen,noch nicht Schulpflichtige (0 bis 5 Jahre),2000,200007,64965,NA,0.16,NA,64834,2000-07-01,7,2000
1244,Altersgruppen,noch nicht Schulpflichtige (0 bis 5 Jahre),2000,200008,65216,62078,0.39,5.05,64881,2000-08-01,8,2000
1245,Altersgruppen,noch nicht Schulpflichtige (0 bis 5 Jahre),2000,200009,65318,64774,0.16,0.84,64930,2000-09-01,9,2000
1246,Altersgruppen,noch nicht Schulpflichtige (0 bis 5 Jahre),2000,200010,65516,64841,0.3,1.04,64989,2000-10-01,10,2000
1247,Altersgruppen,noch nicht Schulpflichtige (0 bis 5 Jahre),2000,200011,65716,65006,0.31,1.09,65055,2000-11-01,11,2000
1248,Altersgruppen,noch nicht Schulpflichtige (0 bis 5 Jahre),2000,200012,65563,64808,-0.23,1.16,65097,2000-12-01,12,2000
1249,Altersgruppen,Rentner*innen (65 Jahre und älter),2025,202501,272210,269477,0.05,1.01,271173,2025-01-01,1,2025
1250,Altersgruppen,Rentner*innen (65 Jahre und älter),2025,202502,272320,269714,0.04,0.97,271390,2025-02-01,2,2025
1251,Altersgruppen,Rentner*innen (65 Jahre und älter),2025,202503,272668,270091,0.13,0.95,271605,2025-03-01,3,2025
1252,Altersgruppen,Rentner*innen (65 Jahre und älter),2025,202504,272701,270306,0.01,0.89,271805,2025-04-01,4,2025
1253,Altersgruppen,Rentner*innen (65 Jahre und älter),2025,202505,273101,270837,0.15,0.84,271993,2025-05-01,5,2025
1254,Altersgruppen,Rentner*innen (65 Jahre und älter),2025,202506,273443,271113,0.13,0.86,272187,2025-06-01,6,2025
1255,Altersgruppen,Rentner*innen (65 Jahre und älter),2025,202507,273784,271243,0.12,0.94,272399,2025-07-01,7,2025
1256,Altersgruppen,Rentner*innen (65 Jahre und älter),2025,202508,274198,271519,0.15,0.99,272622,2025-08-01,8,2025
1257,Altersgruppen,Rentner*innen (65 Jahre und älter),2025,202509,NA,271496,NA,NA,NA,2025-09-01,9,2025
1258,Altersgruppen,Rentner*innen (65 Jahre und älter),2025,202510,NA,271707,NA,NA,NA,2025-10-01,10,2025
1259,Altersgruppen,Rentner*innen (65 Jahre und älter),2025,202511,NA,271762,NA,NA,NA,2025-11-01,11,2025
1260,Altersgruppen,Rentner*innen (65 Jahre und älter),2025,202512,NA,272079,NA,NA,NA,2025-12-01,12,2025
1261,Altersgruppen,Rentner*innen (65 Jahre und älter),2024,202401,269477,268686,-0.15,0.29,269269,2024-01-01,1,2024
1262,Altersgruppen,Rentner*innen (65 Jahre und älter),2024,202402,269714,268837,0.09,0.33,269342,2024-02-01,2,2024
1263,Altersgruppen,Rentner*innen (65 Jahre und älter),2024,202403,270091,268999,0.14,0.41,269433,2024-03-01,3,2024
1264,Altersgruppen,Rentner*innen (65 Jahre und älter),2024,202404,270306,269234,0.08,0.4,269522,2024-04-01,4,2024
1265,Altersgruppen,Rentner*innen (65 Jahre und älter),2024,202405,270837,268959,0.2,0.7,269678,2024-05-01,5,2024
1266,Altersgruppen,Rentner*innen (65 Jahre und älter),2024,202406,271113,268955,0.1,0.8,269858,2024-06-01,6,2024
1267,Altersgruppen,Rentner*innen (65 Jahre und älter),2024,202407,271243,269022,0.05,0.83,270043,2024-07-01,7,2024
1268,Altersgruppen,Rentner*innen (65 Jahre und älter),2024,202408,271519,269125,0.1,0.89,270243,2024-08-01,8,2024
1269,Altersgruppen,Rentner*innen (65 Jahre und älter),2024,202409,271496,269513,-0.01,0.74,270408,2024-09-01,9,2024
1270,Altersgruppen,Rentner*innen (65 Jahre und älter),2024,202410,271707,269606,0.08,0.78,270583,2024-10-01,10,2024
1271,Altersgruppen,Rentner*innen (65 Jahre und älter),2024,202411,271762,269614,0.02,0.8,270762,2024-11-01,11,2024
1272,Altersgruppen,Rentner*innen (65 Jahre und älter),2024,202412,272079,269881,0.12,0.81,270945,2024-12-01,12,2024
1273,Altersgruppen,Rentner*innen (65 Jahre und älter),2023,202301,268686,267870,-0.02,0.3,269152,2023-01-01,1,2023
1274,Altersgruppen,Rentner*innen (65 Jahre und älter),2023,202302,268837,267925,0.06,0.34,269228,2023-02-01,2,2023
1275,Altersgruppen,Rentner*innen (65 Jahre und älter),2023,202303,268999,268750,0.06,0.09,269249,2023-03-01,3,2023
1276,Altersgruppen,Rentner*innen (65 Jahre und älter),2023,202304,269234,269385,0.09,-0.06,269237,2023-04-01,4,2023
1277,Altersgruppen,Rentner*innen (65 Jahre und älter),2023,202305,268959,269859,-0.1,-0.33,269162,2023-05-01,5,2023
1278,Altersgruppen,Rentner*innen (65 Jahre und älter),2023,202306,268955,270102,0,-0.42,269066,2023-06-01,6,2023
1279,Altersgruppen,Rentner*innen (65 Jahre und älter),2023,202307,269022,270256,0.02,-0.46,268963,2023-07-01,7,2023
1280,Altersgruppen,Rentner*innen (65 Jahre und älter),2023,202308,269125,269465,0.04,-0.13,268935,2023-08-01,8,2023
1281,Altersgruppen,Rentner*innen (65 Jahre und älter),2023,202309,269513,268854,0.14,0.25,268990,2023-09-01,9,2023
1282,Altersgruppen,Rentner*innen (65 Jahre und älter),2023,202310,269606,269019,0.03,0.22,269039,2023-10-01,10,2023
1283,Altersgruppen,Rentner*innen (65 Jahre und älter),2023,202311,269614,268799,0,0.3,269107,2023-11-01,11,2023
1284,Altersgruppen,Rentner*innen (65 Jahre und älter),2023,202312,269881,268729,0.1,0.43,269203,2023-12-01,12,2023
1285,Altersgruppen,Rentner*innen (65 Jahre und älter),2022,202201,267870,268678,0.07,-0.3,268153,2022-01-01,1,2022
1286,Altersgruppen,Rentner*innen (65 Jahre und älter),2022,202202,267925,267780,0.02,0.05,268165,2022-02-01,2,2022
1287,Altersgruppen,Rentner*innen (65 Jahre und älter),2022,202203,268750,267786,0.31,0.36,268246,2022-03-01,3,2022
1288,Altersgruppen,Rentner*innen (65 Jahre und älter),2022,202204,269385,267881,0.24,0.56,268371,2022-04-01,4,2022
1289,Altersgruppen,Rentner*innen (65 Jahre und älter),2022,202205,269859,268219,0.18,0.61,268508,2022-05-01,5,2022
1290,Altersgruppen,Rentner*innen (65 Jahre und älter),2022,202206,270102,268321,0.09,0.66,268656,2022-06-01,6,2022
1291,Altersgruppen,Rentner*innen (65 Jahre und älter),2022,202207,270256,268469,0.06,0.67,268805,2022-07-01,7,2022
1292,Altersgruppen,Rentner*innen (65 Jahre und älter),2022,202208,269465,268548,-0.29,0.34,268881,2022-08-01,8,2022
1293,Altersgruppen,Rentner*innen (65 Jahre und älter),2022,202209,268854,268713,-0.23,0.05,268893,2022-09-01,9,2022
1294,Altersgruppen,Rentner*innen (65 Jahre und älter),2022,202210,269019,268397,0.06,0.23,268945,2022-10-01,10,2022
1295,Altersgruppen,Rentner*innen (65 Jahre und älter),2022,202211,268799,268161,-0.08,0.24,268998,2022-11-01,11,2022
1296,Altersgruppen,Rentner*innen (65 Jahre und älter),2022,202212,268729,267692,-0.03,0.39,269084,2022-12-01,12,2022
1297,Altersgruppen,Rentner*innen (65 Jahre und älter),2021,202101,268678,267508,-0.03,0.44,268554,2021-01-01,1,2021
1298,Altersgruppen,Rentner*innen (65 Jahre und älter),2021,202102,267780,267779,-0.33,0,268554,2021-02-01,2,2021
1299,Altersgruppen,Rentner*innen (65 Jahre und älter),2021,202103,267786,268072,0,-0.11,268530,2021-03-01,3,2021
1300,Altersgruppen,Rentner*innen (65 Jahre und älter),2021,202104,267881,268175,0.04,-0.11,268506,2021-04-01,4,2021
1301,Altersgruppen,Rentner*innen (65 Jahre und älter),2021,202105,268219,268403,0.13,-0.07,268490,2021-05-01,5,2021
1302,Altersgruppen,Rentner*innen (65 Jahre und älter),2021,202106,268321,268571,0.04,-0.09,268470,2021-06-01,6,2021
1303,Altersgruppen,Rentner*innen (65 Jahre und älter),2021,202107,268469,268707,0.06,-0.09,268450,2021-07-01,7,2021
1304,Altersgruppen,Rentner*innen (65 Jahre und älter),2021,202108,268548,268855,0.03,-0.11,268424,2021-08-01,8,2021
1305,Altersgruppen,Rentner*innen (65 Jahre und älter),2021,202109,268713,268806,0.06,-0.03,268416,2021-09-01,9,2021
1306,Altersgruppen,Rentner*innen (65 Jahre und älter),2021,202110,268397,268947,-0.12,-0.2,268371,2021-10-01,10,2021
1307,Altersgruppen,Rentner*innen (65 Jahre und älter),2021,202111,268161,268888,-0.09,-0.27,268310,2021-11-01,11,2021
1308,Altersgruppen,Rentner*innen (65 Jahre und älter),2021,202112,267692,268766,-0.17,-0.4,268220,2021-12-01,12,2021
1309,Altersgruppen,Rentner*innen (65 Jahre und älter),2020,202001,267508,266235,-0.04,0.48,267010,2020-01-01,1,2020
1310,Altersgruppen,Rentner*innen (65 Jahre und älter),2020,202002,267779,266239,0.1,0.58,267138,2020-02-01,2,2020
1311,Altersgruppen,Rentner*innen (65 Jahre und älter),2020,202003,268072,266350,0.11,0.65,267282,2020-03-01,3,2020
1312,Altersgruppen,Rentner*innen (65 Jahre und älter),2020,202004,268175,266324,0.04,0.7,267436,2020-04-01,4,2020
1313,Altersgruppen,Rentner*innen (65 Jahre und älter),2020,202005,268403,266806,0.09,0.6,267569,2020-05-01,5,2020
1314,Altersgruppen,Rentner*innen (65 Jahre und älter),2020,202006,268571,266963,0.06,0.6,267703,2020-06-01,6,2020
1315,Altersgruppen,Rentner*innen (65 Jahre und älter),2020,202007,268707,267004,0.05,0.64,267845,2020-07-01,7,2020
1316,Altersgruppen,Rentner*innen (65 Jahre und älter),2020,202008,268855,267109,0.06,0.65,267991,2020-08-01,8,2020
1317,Altersgruppen,Rentner*innen (65 Jahre und älter),2020,202009,268806,267300,-0.02,0.56,268116,2020-09-01,9,2020
1318,Altersgruppen,Rentner*innen (65 Jahre und älter),2020,202010,268947,267489,0.05,0.55,268238,2020-10-01,10,2020
1319,Altersgruppen,Rentner*innen (65 Jahre und älter),2020,202011,268888,267407,-0.02,0.55,268361,2020-11-01,11,2020
1320,Altersgruppen,Rentner*innen (65 Jahre und älter),2020,202012,268766,267622,-0.05,0.43,268456,2020-12-01,12,2020
1321,Altersgruppen,Rentner*innen (65 Jahre und älter),2019,201901,266235,264961,-0.01,0.48,265859,2019-01-01,1,2019
1322,Altersgruppen,Rentner*innen (65 Jahre und älter),2019,201902,266239,265146,0,0.41,265958,2019-02-01,2,2019
1323,Altersgruppen,Rentner*innen (65 Jahre und älter),2019,201903,266350,265264,0.04,0.41,266057,2019-03-01,3,2019
1324,Altersgruppen,Rentner*innen (65 Jahre und älter),2019,201904,266324,265362,-0.01,0.36,266144,2019-04-01,4,2019
1325,Altersgruppen,Rentner*innen (65 Jahre und älter),2019,201905,266806,NA,0.18,NA,266200,2019-05-01,5,2019
1326,Altersgruppen,Rentner*innen (65 Jahre und älter),2019,201906,266963,265777,0.06,0.45,266298,2019-06-01,6,2019
1327,Altersgruppen,Rentner*innen (65 Jahre und älter),2019,201907,267004,265954,0.02,0.39,266386,2019-07-01,7,2019
1328,Altersgruppen,Rentner*innen (65 Jahre und älter),2019,201908,267109,266012,0.04,0.41,266477,2019-08-01,8,2019
1329,Altersgruppen,Rentner*innen (65 Jahre und älter),2019,201909,267300,266286,0.07,0.38,266562,2019-09-01,9,2019
1330,Altersgruppen,Rentner*innen (65 Jahre und älter),2019,201910,267489,266109,0.07,0.52,266677,2019-10-01,10,2019
1331,Altersgruppen,Rentner*innen (65 Jahre und älter),2019,201911,267407,266038,-0.03,0.51,266791,2019-11-01,11,2019
1332,Altersgruppen,Rentner*innen (65 Jahre und älter),2019,201912,267622,266265,0.08,0.51,266904,2019-12-01,12,2019
1333,Altersgruppen,Rentner*innen (65 Jahre und älter),2018,201801,264961,267317,-0.06,-0.88,267171,2018-01-01,1,2018
1334,Altersgruppen,Rentner*innen (65 Jahre und älter),2018,201802,265146,267121,0.07,-0.74,267006,2018-02-01,2,2018
1335,Altersgruppen,Rentner*innen (65 Jahre und älter),2018,201803,265264,267527,0.04,-0.85,266818,2018-03-01,3,2018
1336,Altersgruppen,Rentner*innen (65 Jahre und älter),2018,201804,265362,267800,0.04,-0.91,266615,2018-04-01,4,2018
1337,Altersgruppen,Rentner*innen (65 Jahre und älter),2018,201805,NA,267973,NA,NA,NA,2018-05-01,5,2018
1338,Altersgruppen,Rentner*innen (65 Jahre und älter),2018,201806,265777,268204,NA,-0.9,266270,2018-06-01,6,2018
1339,Altersgruppen,Rentner*innen (65 Jahre und älter),2018,201807,265954,268476,0.07,-0.94,266041,2018-07-01,7,2018
1340,Altersgruppen,Rentner*innen (65 Jahre und älter),2018,201808,266012,268010,0.02,-0.75,265859,2018-08-01,8,2018
1341,Altersgruppen,Rentner*innen (65 Jahre und älter),2018,201809,266286,267066,0.1,-0.29,265789,2018-09-01,9,2018
1342,Altersgruppen,Rentner*innen (65 Jahre und älter),2018,201810,266109,267231,-0.07,-0.42,265687,2018-10-01,10,2018
1343,Altersgruppen,Rentner*innen (65 Jahre und älter),2018,201811,266038,266548,-0.03,-0.19,265640,2018-11-01,11,2018
1344,Altersgruppen,Rentner*innen (65 Jahre und älter),2018,201812,266265,265133,0.09,0.43,265743,2018-12-01,12,2018
1345,Altersgruppen,Rentner*innen (65 Jahre und älter),2017,201701,267317,265779,0.01,0.58,266898,2017-01-01,1,2017
1346,Altersgruppen,Rentner*innen (65 Jahre und älter),2017,201702,267121,266014,-0.07,0.42,266990,2017-02-01,2,2017
1347,Altersgruppen,Rentner*innen (65 Jahre und älter),2017,201703,267527,266203,0.15,0.5,267101,2017-03-01,3,2017
1348,Altersgruppen,Rentner*innen (65 Jahre und älter),2017,201704,267800,266382,0.1,0.53,267219,2017-04-01,4,2017
1349,Altersgruppen,Rentner*innen (65 Jahre und älter),2017,201705,267973,266685,0.06,0.48,267326,2017-05-01,5,2017
1350,Altersgruppen,Rentner*innen (65 Jahre und älter),2017,201706,268204,266818,0.09,0.52,267442,2017-06-01,6,2017
1351,Altersgruppen,Rentner*innen (65 Jahre und älter),2017,201707,268476,267082,0.1,0.52,267558,2017-07-01,7,2017
1352,Altersgruppen,Rentner*innen (65 Jahre und älter),2017,201708,268010,267132,-0.17,0.33,267631,2017-08-01,8,2017
1353,Altersgruppen,Rentner*innen (65 Jahre und älter),2017,201709,267066,267318,-0.35,-0.09,267610,2017-09-01,9,2017
1354,Altersgruppen,Rentner*innen (65 Jahre und älter),2017,201710,267231,267463,0.06,-0.09,267591,2017-10-01,10,2017
1355,Altersgruppen,Rentner*innen (65 Jahre und älter),2017,201711,266548,267062,-0.26,-0.19,267548,2017-11-01,11,2017
1356,Altersgruppen,Rentner*innen (65 Jahre und älter),2017,201712,265133,267302,-0.53,-0.81,267367,2017-12-01,12,2017
1357,Altersgruppen,Rentner*innen (65 Jahre und älter),2016,201601,265779,262971,0.06,1.07,264540,2016-01-01,1,2016
1358,Altersgruppen,Rentner*innen (65 Jahre und älter),2016,201602,266014,263134,0.09,1.09,264780,2016-02-01,2,2016
1359,Altersgruppen,Rentner*innen (65 Jahre und älter),2016,201603,266203,263289,0.07,1.11,265023,2016-03-01,3,2016
1360,Altersgruppen,Rentner*innen (65 Jahre und älter),2016,201604,266382,263625,0.07,1.05,265253,2016-04-01,4,2016
1361,Altersgruppen,Rentner*innen (65 Jahre und älter),2016,201605,266685,263960,0.11,1.03,265480,2016-05-01,5,2016
1362,Altersgruppen,Rentner*innen (65 Jahre und älter),2016,201606,266818,264077,0.05,1.04,265708,2016-06-01,6,2016
1363,Altersgruppen,Rentner*innen (65 Jahre und älter),2016,201607,267082,264659,0.1,0.92,265910,2016-07-01,7,2016
1364,Altersgruppen,Rentner*innen (65 Jahre und älter),2016,201608,267132,264855,0.02,0.86,266100,2016-08-01,8,2016
1365,Altersgruppen,Rentner*innen (65 Jahre und älter),2016,201609,267318,264862,0.07,0.93,266305,2016-09-01,9,2016
1366,Altersgruppen,Rentner*innen (65 Jahre und älter),2016,201610,267463,265146,0.05,0.87,266498,2016-10-01,10,2016
1367,Altersgruppen,Rentner*innen (65 Jahre und älter),2016,201611,267062,265490,-0.15,0.59,266629,2016-11-01,11,2016
1368,Altersgruppen,Rentner*innen (65 Jahre und älter),2016,201612,267302,265607,0.09,0.64,266770,2016-12-01,12,2016
1369,Altersgruppen,Rentner*innen (65 Jahre und älter),2015,201501,262971,259137,0.14,1.48,261262,2015-01-01,1,2015
1370,Altersgruppen,Rentner*innen (65 Jahre und älter),2015,201502,263134,259424,0.06,1.43,261571,2015-02-01,2,2015
1371,Altersgruppen,Rentner*innen (65 Jahre und älter),2015,201503,263289,259913,0.06,1.3,261853,2015-03-01,3,2015
1372,Altersgruppen,Rentner*innen (65 Jahre und älter),2015,201504,263625,260171,0.13,1.33,262140,2015-04-01,4,2015
1373,Altersgruppen,Rentner*innen (65 Jahre und älter),2015,201505,263960,260501,0.13,1.33,262429,2015-05-01,5,2015
1374,Altersgruppen,Rentner*innen (65 Jahre und älter),2015,201506,264077,260727,0.04,1.28,262708,2015-06-01,6,2015
1375,Altersgruppen,Rentner*innen (65 Jahre und älter),2015,201507,264659,261106,0.22,1.36,263004,2015-07-01,7,2015
1376,Altersgruppen,Rentner*innen (65 Jahre und älter),2015,201508,264855,261496,0.07,1.28,263284,2015-08-01,8,2015
1377,Altersgruppen,Rentner*innen (65 Jahre und älter),2015,201509,264862,261860,0,1.15,263534,2015-09-01,9,2015
1378,Altersgruppen,Rentner*innen (65 Jahre und älter),2015,201510,265146,262127,0.11,1.15,263786,2015-10-01,10,2015
1379,Altersgruppen,Rentner*innen (65 Jahre und älter),2015,201511,265490,262249,0.13,1.24,264056,2015-11-01,11,2015
1380,Altersgruppen,Rentner*innen (65 Jahre und älter),2015,201512,265607,262599,0.04,1.15,264306,2015-12-01,12,2015
1381,Altersgruppen,Rentner*innen (65 Jahre und älter),2014,201401,259137,255105,0.1,1.58,257409,2014-01-01,1,2014
1382,Altersgruppen,Rentner*innen (65 Jahre und älter),2014,201402,259424,255527,0.11,1.53,257734,2014-02-01,2,2014
1383,Altersgruppen,Rentner*innen (65 Jahre und älter),2014,201403,259913,255924,0.19,1.56,258067,2014-03-01,3,2014
1384,Altersgruppen,Rentner*innen (65 Jahre und älter),2014,201404,260171,256137,0.1,1.57,258403,2014-04-01,4,2014
1385,Altersgruppen,Rentner*innen (65 Jahre und älter),2014,201405,260501,256526,0.13,1.55,258734,2014-05-01,5,2014
1386,Altersgruppen,Rentner*innen (65 Jahre und älter),2014,201406,260727,256929,0.09,1.48,259050,2014-06-01,6,2014
1387,Altersgruppen,Rentner*innen (65 Jahre und älter),2014,201407,261106,257379,0.15,1.45,259361,2014-07-01,7,2014
1388,Altersgruppen,Rentner*innen (65 Jahre und älter),2014,201408,261496,257662,0.15,1.49,259681,2014-08-01,8,2014
1389,Altersgruppen,Rentner*innen (65 Jahre und älter),2014,201409,261860,257983,0.14,1.5,260004,2014-09-01,9,2014
1390,Altersgruppen,Rentner*innen (65 Jahre und älter),2014,201410,262127,258312,0.1,1.48,260322,2014-10-01,10,2014
1391,Altersgruppen,Rentner*innen (65 Jahre und älter),2014,201411,262249,258509,0.05,1.45,260633,2014-11-01,11,2014
1392,Altersgruppen,Rentner*innen (65 Jahre und älter),2014,201412,262599,258887,0.13,1.43,260943,2014-12-01,12,2014
1393,Altersgruppen,Rentner*innen (65 Jahre und älter),2013,201301,255105,251034,0.06,1.62,253410,2013-01-01,1,2013
1394,Altersgruppen,Rentner*innen (65 Jahre und älter),2013,201302,255527,251433,0.17,1.63,253752,2013-02-01,2,2013
1395,Altersgruppen,Rentner*innen (65 Jahre und älter),2013,201303,255924,251698,0.16,1.68,254104,2013-03-01,3,2013
1396,Altersgruppen,Rentner*innen (65 Jahre und älter),2013,201304,256137,252155,0.08,1.58,254436,2013-04-01,4,2013
1397,Altersgruppen,Rentner*innen (65 Jahre und älter),2013,201305,256526,252736,0.15,1.5,254751,2013-05-01,5,2013
1398,Altersgruppen,Rentner*innen (65 Jahre und älter),2013,201306,256929,252891,0.16,1.6,255088,2013-06-01,6,2013
1399,Altersgruppen,Rentner*innen (65 Jahre und älter),2013,201307,257379,253279,0.18,1.62,255430,2013-07-01,7,2013
1400,Altersgruppen,Rentner*innen (65 Jahre und älter),2013,201308,257662,253660,0.11,1.58,255763,2013-08-01,8,2013
1401,Altersgruppen,Rentner*innen (65 Jahre und älter),2013,201309,257983,254061,0.12,1.54,256090,2013-09-01,9,2013
1402,Altersgruppen,Rentner*innen (65 Jahre und älter),2013,201310,258312,254417,0.13,1.53,256414,2013-10-01,10,2013
1403,Altersgruppen,Rentner*innen (65 Jahre und älter),2013,201311,258509,254542,0.08,1.56,256745,2013-11-01,11,2013
1404,Altersgruppen,Rentner*innen (65 Jahre und älter),2013,201312,258887,254947,0.15,1.55,257073,2013-12-01,12,2013
1405,Altersgruppen,Rentner*innen (65 Jahre und älter),2012,201201,251034,246941,0.27,1.66,248955,2012-01-01,1,2012
1406,Altersgruppen,Rentner*innen (65 Jahre und älter),2012,201202,251433,247027,0.16,1.78,249322,2012-02-01,2,2012
1407,Altersgruppen,Rentner*innen (65 Jahre und älter),2012,201203,251698,247215,0.11,1.81,249695,2012-03-01,3,2012
1408,Altersgruppen,Rentner*innen (65 Jahre und älter),2012,201204,252155,247622,0.18,1.83,250073,2012-04-01,4,2012
1409,Altersgruppen,Rentner*innen (65 Jahre und älter),2012,201205,252736,248000,0.23,1.91,250468,2012-05-01,5,2012
1410,Altersgruppen,Rentner*innen (65 Jahre und älter),2012,201206,252891,248493,0.06,1.77,250834,2012-06-01,6,2012
1411,Altersgruppen,Rentner*innen (65 Jahre und älter),2012,201207,253279,248857,0.15,1.78,251203,2012-07-01,7,2012
1412,Altersgruppen,Rentner*innen (65 Jahre und älter),2012,201208,253660,249195,0.15,1.79,251575,2012-08-01,8,2012
1413,Altersgruppen,Rentner*innen (65 Jahre und älter),2012,201209,254061,249591,0.16,1.79,251947,2012-09-01,9,2012
1414,Altersgruppen,Rentner*innen (65 Jahre und älter),2012,201210,254417,249916,0.14,1.8,252323,2012-10-01,10,2012
1415,Altersgruppen,Rentner*innen (65 Jahre und älter),2012,201211,254542,250152,0.05,1.75,252688,2012-11-01,11,2012
1416,Altersgruppen,Rentner*innen (65 Jahre und älter),2012,201212,254947,250354,0.16,1.83,253071,2012-12-01,12,2012
1417,Altersgruppen,Rentner*innen (65 Jahre und älter),2011,201101,246941,245676,0,0.51,246728,2011-01-01,1,2011
1418,Altersgruppen,Rentner*innen (65 Jahre und älter),2011,201102,247027,246016,0.03,0.41,246812,2011-02-01,2,2011
1419,Altersgruppen,Rentner*innen (65 Jahre und älter),2011,201103,247215,246230,0.08,0.4,246894,2011-03-01,3,2011
1420,Altersgruppen,Rentner*innen (65 Jahre und älter),2011,201104,247622,246377,0.16,0.51,246998,2011-04-01,4,2011
1421,Altersgruppen,Rentner*innen (65 Jahre und älter),2011,201105,248000,246724,0.15,0.52,247104,2011-05-01,5,2011
1422,Altersgruppen,Rentner*innen (65 Jahre und älter),2011,201106,248493,246418,0.2,0.84,247277,2011-06-01,6,2011
1423,Altersgruppen,Rentner*innen (65 Jahre und älter),2011,201107,248857,246661,0.15,0.89,247460,2011-07-01,7,2011
1424,Altersgruppen,Rentner*innen (65 Jahre und älter),2011,201108,249195,246936,0.14,0.91,247648,2011-08-01,8,2011
1425,Altersgruppen,Rentner*innen (65 Jahre und älter),2011,201109,249591,247117,0.16,1,247854,2011-09-01,9,2011
1426,Altersgruppen,Rentner*innen (65 Jahre und älter),2011,201110,249916,247272,0.13,1.07,248075,2011-10-01,10,2011
1427,Altersgruppen,Rentner*innen (65 Jahre und älter),2011,201111,250152,247096,0.09,1.24,248329,2011-11-01,11,2011
1428,Altersgruppen,Rentner*innen (65 Jahre und älter),2011,201112,250354,246943,0.08,1.38,248614,2011-12-01,12,2011
1429,Altersgruppen,Rentner*innen (65 Jahre und älter),2010,201001,245676,243743,0.17,0.79,243988,2010-01-01,1,2010
1430,Altersgruppen,Rentner*innen (65 Jahre und älter),2010,201002,246016,243610,0.14,0.99,244189,2010-02-01,2,2010
1431,Altersgruppen,Rentner*innen (65 Jahre und älter),2010,201003,246230,242068,0.09,1.72,244536,2010-03-01,3,2010
1432,Altersgruppen,Rentner*innen (65 Jahre und älter),2010,201004,246377,242599,0.06,1.56,244851,2010-04-01,4,2010
1433,Altersgruppen,Rentner*innen (65 Jahre und älter),2010,201005,246724,242904,0.14,1.57,245169,2010-05-01,5,2010
1434,Altersgruppen,Rentner*innen (65 Jahre und älter),2010,201006,246418,243371,-0.12,1.25,245423,2010-06-01,6,2010
1435,Altersgruppen,Rentner*innen (65 Jahre und älter),2010,201007,246661,243617,0.1,1.25,245676,2010-07-01,7,2010
1436,Altersgruppen,Rentner*innen (65 Jahre und älter),2010,201008,246936,244129,0.11,1.15,245910,2010-08-01,8,2010
1437,Altersgruppen,Rentner*innen (65 Jahre und älter),2010,201009,247117,244591,0.07,1.03,246121,2010-09-01,9,2010
1438,Altersgruppen,Rentner*innen (65 Jahre und älter),2010,201010,247272,244907,0.06,0.97,246318,2010-10-01,10,2010
1439,Altersgruppen,Rentner*innen (65 Jahre und älter),2010,201011,247096,245128,-0.07,0.8,246482,2010-11-01,11,2010
1440,Altersgruppen,Rentner*innen (65 Jahre und älter),2010,201012,246943,245260,-0.06,0.69,246622,2010-12-01,12,2010
1441,Altersgruppen,Rentner*innen (65 Jahre und älter),2009,200901,243743,238248,0.33,2.31,241126,2009-01-01,1,2009
1442,Altersgruppen,Rentner*innen (65 Jahre und älter),2009,200902,243610,238636,-0.05,2.08,241541,2009-02-01,2,2009
1443,Altersgruppen,Rentner*innen (65 Jahre und älter),2009,200903,242068,239525,-0.63,1.06,241752,2009-03-01,3,2009
1444,Altersgruppen,Rentner*innen (65 Jahre und älter),2009,200904,242599,239675,0.22,1.22,241996,2009-04-01,4,2009
1445,Altersgruppen,Rentner*innen (65 Jahre und älter),2009,200905,242904,240343,0.13,1.07,242210,2009-05-01,5,2009
1446,Altersgruppen,Rentner*innen (65 Jahre und älter),2009,200906,243371,240359,0.19,1.25,242461,2009-06-01,6,2009
1447,Altersgruppen,Rentner*innen (65 Jahre und älter),2009,200907,243617,240759,0.1,1.19,242699,2009-07-01,7,2009
1448,Altersgruppen,Rentner*innen (65 Jahre und älter),2009,200908,244129,241187,0.21,1.22,242944,2009-08-01,8,2009
1449,Altersgruppen,Rentner*innen (65 Jahre und älter),2009,200909,244591,241779,0.19,1.16,243178,2009-09-01,9,2009
1450,Altersgruppen,Rentner*innen (65 Jahre und älter),2009,200910,244907,242095,0.13,1.16,243413,2009-10-01,10,2009
1451,Altersgruppen,Rentner*innen (65 Jahre und älter),2009,200911,245128,242461,0.09,1.1,243635,2009-11-01,11,2009
1452,Altersgruppen,Rentner*innen (65 Jahre und älter),2009,200912,245260,242950,0.05,0.95,243827,2009-12-01,12,2009
1453,Altersgruppen,Rentner*innen (65 Jahre und älter),2008,200801,238248,233320,0.09,2.11,236141,2008-01-01,1,2008
1454,Altersgruppen,Rentner*innen (65 Jahre und älter),2008,200802,238636,233930,0.16,2.01,236533,2008-02-01,2,2008
1455,Altersgruppen,Rentner*innen (65 Jahre und älter),2008,200803,239525,234179,0.37,2.28,236979,2008-03-01,3,2008
1456,Altersgruppen,Rentner*innen (65 Jahre und älter),2008,200804,239675,234769,0.06,2.09,237387,2008-04-01,4,2008
1457,Altersgruppen,Rentner*innen (65 Jahre und älter),2008,200805,240343,235308,0.28,2.14,237807,2008-05-01,5,2008
1458,Altersgruppen,Rentner*innen (65 Jahre und älter),2008,200806,240359,235704,0.01,1.97,238195,2008-06-01,6,2008
1459,Altersgruppen,Rentner*innen (65 Jahre und älter),2008,200807,240759,235817,0.17,2.1,238607,2008-07-01,7,2008
1460,Altersgruppen,Rentner*innen (65 Jahre und älter),2008,200808,241187,236208,0.18,2.11,239022,2008-08-01,8,2008
1461,Altersgruppen,Rentner*innen (65 Jahre und älter),2008,200809,241779,236802,0.25,2.1,239436,2008-09-01,9,2008
1462,Altersgruppen,Rentner*innen (65 Jahre und älter),2008,200810,242095,237272,0.13,2.03,239838,2008-10-01,10,2008
1463,Altersgruppen,Rentner*innen (65 Jahre und älter),2008,200811,242461,237413,0.15,2.13,240259,2008-11-01,11,2008
1464,Altersgruppen,Rentner*innen (65 Jahre und älter),2008,200812,242950,238041,0.2,2.06,240668,2008-12-01,12,2008
1465,Altersgruppen,Rentner*innen (65 Jahre und älter),2007,200701,233320,225992,0.18,3.24,230142,2007-01-01,1,2007
1466,Altersgruppen,Rentner*innen (65 Jahre und älter),2007,200702,233930,226565,0.26,3.25,230756,2007-02-01,2,2007
1467,Altersgruppen,Rentner*innen (65 Jahre und älter),2007,200703,234179,226996,0.11,3.16,231355,2007-03-01,3,2007
1468,Altersgruppen,Rentner*innen (65 Jahre und älter),2007,200704,234769,227562,0.25,3.17,231955,2007-04-01,4,2007
1469,Altersgruppen,Rentner*innen (65 Jahre und älter),2007,200705,235308,228602,0.23,2.93,232514,2007-05-01,5,2007
1470,Altersgruppen,Rentner*innen (65 Jahre und älter),2007,200706,235704,229366,0.17,2.76,233042,2007-06-01,6,2007
1471,Altersgruppen,Rentner*innen (65 Jahre und älter),2007,200707,235817,229993,0.05,2.53,233528,2007-07-01,7,2007
1472,Altersgruppen,Rentner*innen (65 Jahre und älter),2007,200708,236208,230498,0.17,2.48,234003,2007-08-01,8,2007
1473,Altersgruppen,Rentner*innen (65 Jahre und älter),2007,200709,236802,231317,0.25,2.37,234461,2007-09-01,9,2007
1474,Altersgruppen,Rentner*innen (65 Jahre und älter),2007,200710,237272,232130,0.2,2.22,234889,2007-10-01,10,2007
1475,Altersgruppen,Rentner*innen (65 Jahre und älter),2007,200711,237413,232449,0.06,2.14,235303,2007-11-01,11,2007
1476,Altersgruppen,Rentner*innen (65 Jahre und älter),2007,200712,238041,232910,0.26,2.2,235730,2007-12-01,12,2007
1477,Altersgruppen,Rentner*innen (65 Jahre und älter),2006,200601,225992,218850,0.31,3.26,222912,2006-01-01,1,2006
1478,Altersgruppen,Rentner*innen (65 Jahre und älter),2006,200602,226565,219602,0.25,3.17,223492,2006-02-01,2,2006
1479,Altersgruppen,Rentner*innen (65 Jahre und älter),2006,200603,226996,220392,0.19,3,224043,2006-03-01,3,2006
1480,Altersgruppen,Rentner*innen (65 Jahre und älter),2006,200604,227562,221017,0.25,2.96,224588,2006-04-01,4,2006
1481,Altersgruppen,Rentner*innen (65 Jahre und älter),2006,200605,228602,221790,0.46,3.07,225156,2006-05-01,5,2006
1482,Altersgruppen,Rentner*innen (65 Jahre und älter),2006,200606,229366,221978,0.33,3.33,225771,2006-06-01,6,2006
1483,Altersgruppen,Rentner*innen (65 Jahre und älter),2006,200607,229993,222638,0.27,3.3,226384,2006-07-01,7,2006
1484,Altersgruppen,Rentner*innen (65 Jahre und älter),2006,200608,230498,223196,0.22,3.27,226993,2006-08-01,8,2006
1485,Altersgruppen,Rentner*innen (65 Jahre und älter),2006,200609,231317,223832,0.36,3.34,227617,2006-09-01,9,2006
1486,Altersgruppen,Rentner*innen (65 Jahre und älter),2006,200610,232130,224463,0.35,3.42,228255,2006-10-01,10,2006
1487,Altersgruppen,Rentner*innen (65 Jahre und älter),2006,200611,232449,224755,0.14,3.42,228897,2006-11-01,11,2006
1488,Altersgruppen,Rentner*innen (65 Jahre und älter),2006,200612,232910,225289,0.2,3.38,229532,2006-12-01,12,2006
1489,Altersgruppen,Rentner*innen (65 Jahre und älter),2005,200501,218850,211618,0.41,3.42,215419,2005-01-01,1,2005
1490,Altersgruppen,Rentner*innen (65 Jahre und älter),2005,200502,219602,212090,0.34,3.54,216045,2005-02-01,2,2005
1491,Altersgruppen,Rentner*innen (65 Jahre und älter),2005,200503,220392,212702,0.36,3.62,216685,2005-03-01,3,2005
1492,Altersgruppen,Rentner*innen (65 Jahre und älter),2005,200504,221017,213253,0.28,3.64,217332,2005-04-01,4,2005
1493,Altersgruppen,Rentner*innen (65 Jahre und älter),2005,200505,221790,214018,0.35,3.63,217980,2005-05-01,5,2005
1494,Altersgruppen,Rentner*innen (65 Jahre und älter),2005,200506,221978,214758,0.08,3.36,218582,2005-06-01,6,2005
1495,Altersgruppen,Rentner*innen (65 Jahre und älter),2005,200507,222638,215048,0.3,3.53,219214,2005-07-01,7,2005
1496,Altersgruppen,Rentner*innen (65 Jahre und älter),2005,200508,223196,215636,0.25,3.51,219844,2005-08-01,8,2005
1497,Altersgruppen,Rentner*innen (65 Jahre und älter),2005,200509,223832,216337,0.28,3.46,220469,2005-09-01,9,2005
1498,Altersgruppen,Rentner*innen (65 Jahre und älter),2005,200510,224463,216903,0.28,3.49,221099,2005-10-01,10,2005
1499,Altersgruppen,Rentner*innen (65 Jahre und älter),2005,200511,224755,217480,0.13,3.35,221705,2005-11-01,11,2005
1500,Altersgruppen,Rentner*innen (65 Jahre und älter),2005,200512,225289,217948,0.24,3.37,222317,2005-12-01,12,2005
1501,Altersgruppen,Rentner*innen (65 Jahre und älter),2004,200401,211618,206474,0.18,2.49,209307,2004-01-01,1,2004
1502,Altersgruppen,Rentner*innen (65 Jahre und älter),2004,200402,212090,206856,0.22,2.53,209743,2004-02-01,2,2004
1503,Altersgruppen,Rentner*innen (65 Jahre und älter),2004,200403,212702,207103,0.29,2.7,210210,2004-03-01,3,2004
1504,Altersgruppen,Rentner*innen (65 Jahre und älter),2004,200404,213253,207666,0.26,2.69,210676,2004-04-01,4,2004
1505,Altersgruppen,Rentner*innen (65 Jahre und älter),2004,200405,214018,208212,0.36,2.79,211159,2004-05-01,5,2004
1506,Altersgruppen,Rentner*innen (65 Jahre und älter),2004,200406,214758,208751,0.35,2.88,211660,2004-06-01,6,2004
1507,Altersgruppen,Rentner*innen (65 Jahre und älter),2004,200407,215048,209225,0.14,2.78,212145,2004-07-01,7,2004
1508,Altersgruppen,Rentner*innen (65 Jahre und älter),2004,200408,215636,209724,0.27,2.82,212638,2004-08-01,8,2004
1509,Altersgruppen,Rentner*innen (65 Jahre und älter),2004,200409,216337,210142,0.33,2.95,213154,2004-09-01,9,2004
1510,Altersgruppen,Rentner*innen (65 Jahre und älter),2004,200410,216903,210519,0.26,3.03,213686,2004-10-01,10,2004
1511,Altersgruppen,Rentner*innen (65 Jahre und älter),2004,200411,217480,210632,0.27,3.25,214257,2004-11-01,11,2004
1512,Altersgruppen,Rentner*innen (65 Jahre und älter),2004,200412,217948,211238,0.22,3.18,214816,2004-12-01,12,2004
1513,Altersgruppen,Rentner*innen (65 Jahre und älter),2003,200301,206474,202155,0.17,2.14,204506,2003-01-01,1,2003
1514,Altersgruppen,Rentner*innen (65 Jahre und älter),2003,200302,206856,202398,0.19,2.2,204878,2003-02-01,2,2003
1515,Altersgruppen,Rentner*innen (65 Jahre und älter),2003,200303,207103,202938,0.12,2.05,205225,2003-03-01,3,2003
1516,Altersgruppen,Rentner*innen (65 Jahre und älter),2003,200304,207666,203275,0.27,2.16,205591,2003-04-01,4,2003
1517,Altersgruppen,Rentner*innen (65 Jahre und älter),2003,200305,208212,203892,0.26,2.12,205951,2003-05-01,5,2003
1518,Altersgruppen,Rentner*innen (65 Jahre und älter),2003,200306,208751,204120,0.26,2.27,206337,2003-06-01,6,2003
1519,Altersgruppen,Rentner*innen (65 Jahre und älter),2003,200307,209225,204229,0.23,2.45,206753,2003-07-01,7,2003
1520,Altersgruppen,Rentner*innen (65 Jahre und älter),2003,200308,209724,204619,0.24,2.49,207179,2003-08-01,8,2003
1521,Altersgruppen,Rentner*innen (65 Jahre und älter),2003,200309,210142,205049,0.2,2.48,207603,2003-09-01,9,2003
1522,Altersgruppen,Rentner*innen (65 Jahre und älter),2003,200310,210519,205398,0.18,2.49,208030,2003-10-01,10,2003
1523,Altersgruppen,Rentner*innen (65 Jahre und älter),2003,200311,210632,205560,0.05,2.47,208452,2003-11-01,11,2003
1524,Altersgruppen,Rentner*innen (65 Jahre und älter),2003,200312,211238,206125,0.29,2.48,208879,2003-12-01,12,2003
1525,Altersgruppen,Rentner*innen (65 Jahre und älter),2002,200201,202155,198870,-0.04,1.65,200878,2002-01-01,1,2002
1526,Altersgruppen,Rentner*innen (65 Jahre und älter),2002,200202,202398,198997,0.12,1.71,201161,2002-02-01,2,2002
1527,Altersgruppen,Rentner*innen (65 Jahre und älter),2002,200203,202938,199488,0.27,1.73,201449,2002-03-01,3,2002
1528,Altersgruppen,Rentner*innen (65 Jahre und älter),2002,200204,203275,199944,0.17,1.67,201726,2002-04-01,4,2002
1529,Altersgruppen,Rentner*innen (65 Jahre und älter),2002,200205,203892,200417,0.3,1.73,202016,2002-05-01,5,2002
1530,Altersgruppen,Rentner*innen (65 Jahre und älter),2002,200206,204120,200728,0.11,1.69,202298,2002-06-01,6,2002
1531,Altersgruppen,Rentner*innen (65 Jahre und älter),2002,200207,204229,200847,0.05,1.68,202580,2002-07-01,7,2002
1532,Altersgruppen,Rentner*innen (65 Jahre und älter),2002,200208,204619,201014,0.19,1.79,202881,2002-08-01,8,2002
1533,Altersgruppen,Rentner*innen (65 Jahre und älter),2002,200209,205049,201385,0.21,1.82,203186,2002-09-01,9,2002
1534,Altersgruppen,Rentner*innen (65 Jahre und älter),2002,200210,205398,201580,0.17,1.89,203504,2002-10-01,10,2002
1535,Altersgruppen,Rentner*innen (65 Jahre und älter),2002,200211,205560,201746,0.08,1.89,203822,2002-11-01,11,2002
1536,Altersgruppen,Rentner*innen (65 Jahre und älter),2002,200212,206125,202231,0.27,1.93,204147,2002-12-01,12,2002
1537,Altersgruppen,Rentner*innen (65 Jahre und älter),2001,200101,198870,195079,0.24,1.94,197085,2001-01-01,1,2001
1538,Altersgruppen,Rentner*innen (65 Jahre und älter),2001,200102,198997,195163,0.06,1.96,197405,2001-02-01,2,2001
1539,Altersgruppen,Rentner*innen (65 Jahre und älter),2001,200103,199488,195500,0.25,2.04,197737,2001-03-01,3,2001
1540,Altersgruppen,Rentner*innen (65 Jahre und älter),2001,200104,199944,195960,0.23,2.03,198069,2001-04-01,4,2001
1541,Altersgruppen,Rentner*innen (65 Jahre und älter),2001,200105,200417,196315,0.24,2.09,198411,2001-05-01,5,2001
1542,Altersgruppen,Rentner*innen (65 Jahre und älter),2001,200106,200728,196830,0.16,1.98,198736,2001-06-01,6,2001
1543,Altersgruppen,Rentner*innen (65 Jahre und älter),2001,200107,200847,197159,0.06,1.87,199043,2001-07-01,7,2001
1544,Altersgruppen,Rentner*innen (65 Jahre und älter),2001,200108,201014,197352,0.08,1.86,199348,2001-08-01,8,2001
1545,Altersgruppen,Rentner*innen (65 Jahre und älter),2001,200109,201385,197609,0.18,1.91,199663,2001-09-01,9,2001
1546,Altersgruppen,Rentner*innen (65 Jahre und älter),2001,200110,201580,197922,0.1,1.85,199968,2001-10-01,10,2001
1547,Altersgruppen,Rentner*innen (65 Jahre und älter),2001,200111,201746,197951,0.08,1.92,200284,2001-11-01,11,2001
1548,Altersgruppen,Rentner*innen (65 Jahre und älter),2001,200112,202231,198392,0.24,1.94,200604,2001-12-01,12,2001
1549,Altersgruppen,Rentner*innen (65 Jahre und älter),2000,200001,195079,NA,0.16,NA,195079,2000-01-01,1,2000
1550,Altersgruppen,Rentner*innen (65 Jahre und älter),2000,200002,195163,NA,0.04,NA,195121,2000-02-01,2,2000
1551,Altersgruppen,Rentner*innen (65 Jahre und älter),2000,200003,195500,NA,0.17,NA,195247,2000-03-01,3,2000
1552,Altersgruppen,Rentner*innen (65 Jahre und älter),2000,200004,195960,NA,0.24,NA,195426,2000-04-01,4,2000
1553,Altersgruppen,Rentner*innen (65 Jahre und älter),2000,200005,196315,NA,0.18,NA,195603,2000-05-01,5,2000
1554,Altersgruppen,Rentner*innen (65 Jahre und älter),2000,200006,196830,NA,0.26,NA,195808,2000-06-01,6,2000
1555,Altersgruppen,Rentner*innen (65 Jahre und älter),2000,200007,197159,NA,0.17,NA,196001,2000-07-01,7,2000
1556,Altersgruppen,Rentner*innen (65 Jahre und älter),2000,200008,197352,196326,0.1,0.52,196170,2000-08-01,8,2000
1557,Altersgruppen,Rentner*innen (65 Jahre und älter),2000,200009,197609,194041,0.13,1.84,196330,2000-09-01,9,2000
1558,Altersgruppen,Rentner*innen (65 Jahre und älter),2000,200010,197922,194420,0.16,1.8,196489,2000-10-01,10,2000
1559,Altersgruppen,Rentner*innen (65 Jahre und älter),2000,200011,197951,194414,0.01,1.82,196622,2000-11-01,11,2000
1560,Altersgruppen,Rentner*innen (65 Jahre und älter),2000,200012,198392,194764,0.22,1.86,196769,2000-12-01,12,2000
1561,Altersgruppen,Säuglinge (0 Jahre),2025,202501,14298,14696,0.81,-2.71,14533,2025-01-01,1,2025
1562,Altersgruppen,Säuglinge (0 Jahre),2025,202502,14397,14669,0.69,-1.85,14510,2025-02-01,2,2025
1563,Altersgruppen,Säuglinge (0 Jahre),2025,202503,14284,14644,-0.78,-2.46,14480,2025-03-01,3,2025
1564,Altersgruppen,Säuglinge (0 Jahre),2025,202504,14107,14882,-1.24,-5.21,14416,2025-04-01,4,2025
1565,Altersgruppen,Säuglinge (0 Jahre),2025,202505,13917,14579,-1.35,-4.54,14361,2025-05-01,5,2025
1566,Altersgruppen,Säuglinge (0 Jahre),2025,202506,13556,14545,-2.59,-6.8,14278,2025-06-01,6,2025
1567,Altersgruppen,Säuglinge (0 Jahre),2025,202507,13853,14585,2.19,-5.02,14217,2025-07-01,7,2025
1568,Altersgruppen,Säuglinge (0 Jahre),2025,202508,13709,14510,-1.04,-5.52,14150,2025-08-01,8,2025
1569,Altersgruppen,Säuglinge (0 Jahre),2025,202509,NA,14588,NA,NA,NA,2025-09-01,9,2025
1570,Altersgruppen,Säuglinge (0 Jahre),2025,202510,NA,14404,NA,NA,NA,2025-10-01,10,2025
1571,Altersgruppen,Säuglinge (0 Jahre),2025,202511,NA,14508,NA,NA,NA,2025-11-01,11,2025
1572,Altersgruppen,Säuglinge (0 Jahre),2025,202512,NA,14183,NA,NA,NA,2025-12-01,12,2025
1573,Altersgruppen,Säuglinge (0 Jahre),2024,202401,14696,15313,1.51,-4.03,14768,2024-01-01,1,2024
1574,Altersgruppen,Säuglinge (0 Jahre),2024,202402,14669,15254,-0.18,-3.84,14719,2024-02-01,2,2024
1575,Altersgruppen,Säuglinge (0 Jahre),2024,202403,14644,15299,-0.17,-4.28,14665,2024-03-01,3,2024
1576,Altersgruppen,Säuglinge (0 Jahre),2024,202404,14882,15073,1.63,-1.27,14649,2024-04-01,4,2024
1577,Altersgruppen,Säuglinge (0 Jahre),2024,202405,14579,14816,-2.04,-1.6,14629,2024-05-01,5,2024
1578,Altersgruppen,Säuglinge (0 Jahre),2024,202406,14545,14722,-0.23,-1.2,14614,2024-06-01,6,2024
1579,Altersgruppen,Säuglinge (0 Jahre),2024,202407,14585,14676,0.28,-0.62,14607,2024-07-01,7,2024
1580,Altersgruppen,Säuglinge (0 Jahre),2024,202408,14510,14649,-0.51,-0.95,14595,2024-08-01,8,2024
1581,Altersgruppen,Säuglinge (0 Jahre),2024,202409,14588,14487,0.54,0.7,14603,2024-09-01,9,2024
1582,Altersgruppen,Säuglinge (0 Jahre),2024,202410,14404,14461,-1.26,-0.39,14599,2024-10-01,10,2024
1583,Altersgruppen,Säuglinge (0 Jahre),2024,202411,14508,14604,0.72,-0.66,14591,2024-11-01,11,2024
1584,Altersgruppen,Säuglinge (0 Jahre),2024,202412,14183,14478,-2.24,-2.04,14566,2024-12-01,12,2024
1585,Altersgruppen,Säuglinge (0 Jahre),2023,202301,15313,16549,0.49,-7.47,15523,2023-01-01,1,2023
1586,Altersgruppen,Säuglinge (0 Jahre),2023,202302,15254,16404,-0.39,-7.01,15427,2023-02-01,2,2023
1587,Altersgruppen,Säuglinge (0 Jahre),2023,202303,15299,16449,0.3,-6.99,15331,2023-03-01,3,2023
1588,Altersgruppen,Säuglinge (0 Jahre),2023,202304,15073,16117,-1.48,-6.48,15244,2023-04-01,4,2023
1589,Altersgruppen,Säuglinge (0 Jahre),2023,202305,14816,15713,-1.71,-5.71,15170,2023-05-01,5,2023
1590,Altersgruppen,Säuglinge (0 Jahre),2023,202306,14722,15421,-0.63,-4.53,15111,2023-06-01,6,2023
1591,Altersgruppen,Säuglinge (0 Jahre),2023,202307,14676,15174,-0.31,-3.28,15070,2023-07-01,7,2023
1592,Altersgruppen,Säuglinge (0 Jahre),2023,202308,14649,15148,-0.18,-3.29,15028,2023-08-01,8,2023
1593,Altersgruppen,Säuglinge (0 Jahre),2023,202309,14487,15319,-1.11,-5.43,14959,2023-09-01,9,2023
1594,Altersgruppen,Säuglinge (0 Jahre),2023,202310,14461,14833,-0.18,-2.51,14928,2023-10-01,10,2023
1595,Altersgruppen,Säuglinge (0 Jahre),2023,202311,14604,15147,0.99,-3.58,14883,2023-11-01,11,2023
1596,Altersgruppen,Säuglinge (0 Jahre),2023,202312,14478,15239,-0.86,-4.99,14819,2023-12-01,12,2023
1597,Altersgruppen,Säuglinge (0 Jahre),2022,202201,16549,15863,-1.32,4.32,16284,2022-01-01,1,2022
1598,Altersgruppen,Säuglinge (0 Jahre),2022,202202,16404,15925,-0.88,3.01,16324,2022-02-01,2,2022
1599,Altersgruppen,Säuglinge (0 Jahre),2022,202203,16449,16168,0.27,1.74,16347,2022-03-01,3,2022
1600,Altersgruppen,Säuglinge (0 Jahre),2022,202204,16117,16205,-2.02,-0.54,16340,2022-04-01,4,2022
1601,Altersgruppen,Säuglinge (0 Jahre),2022,202205,15713,16070,-2.51,-2.22,16310,2022-05-01,5,2022
1602,Altersgruppen,Säuglinge (0 Jahre),2022,202206,15421,16112,-1.86,-4.29,16252,2022-06-01,6,2022
1603,Altersgruppen,Säuglinge (0 Jahre),2022,202207,15174,16037,-1.6,-5.38,16181,2022-07-01,7,2022
1604,Altersgruppen,Säuglinge (0 Jahre),2022,202208,15148,16256,-0.17,-6.82,16088,2022-08-01,8,2022
1605,Altersgruppen,Säuglinge (0 Jahre),2022,202209,15319,16333,1.13,-6.21,16004,2022-09-01,9,2022
1606,Altersgruppen,Säuglinge (0 Jahre),2022,202210,14833,16482,-3.17,-10,15866,2022-10-01,10,2022
1607,Altersgruppen,Säuglinge (0 Jahre),2022,202211,15147,16497,2.12,-8.18,15754,2022-11-01,11,2022
1608,Altersgruppen,Säuglinge (0 Jahre),2022,202212,15239,16771,0.61,-9.13,15626,2022-12-01,12,2022
1609,Altersgruppen,Säuglinge (0 Jahre),2021,202101,15863,16408,-0.63,-3.32,16039,2021-01-01,1,2021
1610,Altersgruppen,Säuglinge (0 Jahre),2021,202102,15925,16341,0.39,-2.55,16005,2021-02-01,2,2021
1611,Altersgruppen,Säuglinge (0 Jahre),2021,202103,16168,16389,1.53,-1.35,15986,2021-03-01,3,2021
1612,Altersgruppen,Säuglinge (0 Jahre),2021,202104,16205,16244,0.23,-0.24,15983,2021-04-01,4,2021
1613,Altersgruppen,Säuglinge (0 Jahre),2021,202105,16070,16061,-0.83,0.06,15984,2021-05-01,5,2021
1614,Altersgruppen,Säuglinge (0 Jahre),2021,202106,16112,16028,0.26,0.52,15991,2021-06-01,6,2021
1615,Altersgruppen,Säuglinge (0 Jahre),2021,202107,16037,15825,-0.47,1.34,16009,2021-07-01,7,2021
1616,Altersgruppen,Säuglinge (0 Jahre),2021,202108,16256,15765,1.37,3.11,16049,2021-08-01,8,2021
1617,Altersgruppen,Säuglinge (0 Jahre),2021,202109,16333,16047,0.47,1.78,16073,2021-09-01,9,2021
1618,Altersgruppen,Säuglinge (0 Jahre),2021,202110,16482,15988,0.91,3.09,16114,2021-10-01,10,2021
1619,Altersgruppen,Säuglinge (0 Jahre),2021,202111,16497,15959,0.09,3.37,16159,2021-11-01,11,2021
1620,Altersgruppen,Säuglinge (0 Jahre),2021,202112,16771,15963,1.66,5.06,16227,2021-12-01,12,2021
1621,Altersgruppen,Säuglinge (0 Jahre),2020,202001,16408,16412,1.88,-0.02,16294,2020-01-01,1,2020
1622,Altersgruppen,Säuglinge (0 Jahre),2020,202002,16341,16446,-0.41,-0.64,16285,2020-02-01,2,2020
1623,Altersgruppen,Säuglinge (0 Jahre),2020,202003,16389,16381,0.29,0.05,16286,2020-03-01,3,2020
1624,Altersgruppen,Säuglinge (0 Jahre),2020,202004,16244,16726,-0.88,-2.88,16246,2020-04-01,4,2020
1625,Altersgruppen,Säuglinge (0 Jahre),2020,202005,16061,16230,-1.13,-1.04,16232,2020-05-01,5,2020
1626,Altersgruppen,Säuglinge (0 Jahre),2020,202006,16028,15976,-0.21,0.33,16236,2020-06-01,6,2020
1627,Altersgruppen,Säuglinge (0 Jahre),2020,202007,15825,16297,-1.27,-2.9,16197,2020-07-01,7,2020
1628,Altersgruppen,Säuglinge (0 Jahre),2020,202008,15765,16273,-0.38,-3.12,16154,2020-08-01,8,2020
1629,Altersgruppen,Säuglinge (0 Jahre),2020,202009,16047,16147,1.79,-0.62,16146,2020-09-01,9,2020
1630,Altersgruppen,Säuglinge (0 Jahre),2020,202010,15988,16053,-0.37,-0.4,16141,2020-10-01,10,2020
1631,Altersgruppen,Säuglinge (0 Jahre),2020,202011,15959,16486,-0.18,-3.2,16097,2020-11-01,11,2020
1632,Altersgruppen,Säuglinge (0 Jahre),2020,202012,15963,16105,0.03,-0.88,16085,2020-12-01,12,2020
1633,Altersgruppen,Säuglinge (0 Jahre),2019,201901,16412,16453,1.3,-0.25,16379,2019-01-01,1,2019
1634,Altersgruppen,Säuglinge (0 Jahre),2019,201902,16446,16545,0.21,-0.6,16370,2019-02-01,2,2019
1635,Altersgruppen,Säuglinge (0 Jahre),2019,201903,16381,16388,-0.4,-0.04,16370,2019-03-01,3,2019
1636,Altersgruppen,Säuglinge (0 Jahre),2019,201904,16726,16482,2.11,1.48,16392,2019-04-01,4,2019
1637,Altersgruppen,Säuglinge (0 Jahre),2019,201905,16230,NA,-2.97,NA,16378,2019-05-01,5,2019
1638,Altersgruppen,Säuglinge (0 Jahre),2019,201906,15976,16384,-1.57,-2.49,16344,2019-06-01,6,2019
1639,Altersgruppen,Säuglinge (0 Jahre),2019,201907,16297,16454,2.01,-0.95,16331,2019-07-01,7,2019
1640,Altersgruppen,Säuglinge (0 Jahre),2019,201908,16273,16218,-0.15,0.34,16336,2019-08-01,8,2019
1641,Altersgruppen,Säuglinge (0 Jahre),2019,201909,16147,16116,-0.77,0.19,16338,2019-09-01,9,2019
1642,Altersgruppen,Säuglinge (0 Jahre),2019,201910,16053,16421,-0.58,-2.24,16308,2019-10-01,10,2019
1643,Altersgruppen,Säuglinge (0 Jahre),2019,201911,16486,16550,2.7,-0.39,16302,2019-11-01,11,2019
1644,Altersgruppen,Säuglinge (0 Jahre),2019,201912,16105,16202,-2.31,-0.6,16294,2019-12-01,12,2019
1645,Altersgruppen,Säuglinge (0 Jahre),2018,201801,16453,16471,0.54,-0.11,16293,2018-01-01,1,2018
1646,Altersgruppen,Säuglinge (0 Jahre),2018,201802,16545,16601,0.56,-0.34,16289,2018-02-01,2,2018
1647,Altersgruppen,Säuglinge (0 Jahre),2018,201803,16388,16506,-0.95,-0.71,16279,2018-03-01,3,2018
1648,Altersgruppen,Säuglinge (0 Jahre),2018,201804,16482,16241,0.57,1.48,16299,2018-04-01,4,2018
1649,Altersgruppen,Säuglinge (0 Jahre),2018,201805,NA,16340,NA,NA,NA,2018-05-01,5,2018
1650,Altersgruppen,Säuglinge (0 Jahre),2018,201806,16384,16412,NA,-0.17,16292,2018-06-01,6,2018
1651,Altersgruppen,Säuglinge (0 Jahre),2018,201807,16454,15912,0.43,3.41,16342,2018-07-01,7,2018
1652,Altersgruppen,Säuglinge (0 Jahre),2018,201808,16218,16099,-1.43,0.74,16353,2018-08-01,8,2018
1653,Altersgruppen,Säuglinge (0 Jahre),2018,201809,16116,16251,-0.63,-0.83,16340,2018-09-01,9,2018
1654,Altersgruppen,Säuglinge (0 Jahre),2018,201810,16421,15880,1.89,3.41,16389,2018-10-01,10,2018
1655,Altersgruppen,Säuglinge (0 Jahre),2018,201811,16550,16459,0.79,0.55,16398,2018-11-01,11,2018
1656,Altersgruppen,Säuglinge (0 Jahre),2018,201812,16202,16364,-2.1,-0.99,16383,2018-12-01,12,2018
1657,Altersgruppen,Säuglinge (0 Jahre),2017,201701,16471,15782,-0.42,4.37,16189,2017-01-01,1,2017
1658,Altersgruppen,Säuglinge (0 Jahre),2017,201702,16601,15857,0.79,4.69,16251,2017-02-01,2,2017
1659,Altersgruppen,Säuglinge (0 Jahre),2017,201703,16506,15761,-0.57,4.73,16313,2017-03-01,3,2017
1660,Altersgruppen,Säuglinge (0 Jahre),2017,201704,16241,15808,-1.61,2.74,16349,2017-04-01,4,2017
1661,Altersgruppen,Säuglinge (0 Jahre),2017,201705,16340,15816,0.61,3.31,16393,2017-05-01,5,2017
1662,Altersgruppen,Säuglinge (0 Jahre),2017,201706,16412,15982,0.44,2.69,16429,2017-06-01,6,2017
1663,Altersgruppen,Säuglinge (0 Jahre),2017,201707,15912,15992,-3.05,-0.5,16422,2017-07-01,7,2017
1664,Altersgruppen,Säuglinge (0 Jahre),2017,201708,16099,16201,1.18,-0.63,16414,2017-08-01,8,2017
1665,Altersgruppen,Säuglinge (0 Jahre),2017,201709,16251,16275,0.94,-0.15,16412,2017-09-01,9,2017
1666,Altersgruppen,Säuglinge (0 Jahre),2017,201710,15880,16514,-2.28,-3.84,16359,2017-10-01,10,2017
1667,Altersgruppen,Säuglinge (0 Jahre),2017,201711,16459,17050,3.65,-3.47,16309,2017-11-01,11,2017
1668,Altersgruppen,Säuglinge (0 Jahre),2017,201712,16364,16541,-0.58,-1.07,16295,2017-12-01,12,2017
1669,Altersgruppen,Säuglinge (0 Jahre),2016,201601,15782,15130,1.51,4.31,15325,2016-01-01,1,2016
1670,Altersgruppen,Säuglinge (0 Jahre),2016,201602,15857,14891,0.48,6.49,15406,2016-02-01,2,2016
1671,Altersgruppen,Säuglinge (0 Jahre),2016,201603,15761,14858,-0.61,6.08,15481,2016-03-01,3,2016
1672,Altersgruppen,Säuglinge (0 Jahre),2016,201604,15808,15296,0.3,3.35,15523,2016-04-01,4,2016
1673,Altersgruppen,Säuglinge (0 Jahre),2016,201605,15816,15056,0.05,5.05,15587,2016-05-01,5,2016
1674,Altersgruppen,Säuglinge (0 Jahre),2016,201606,15982,15240,1.05,4.87,15649,2016-06-01,6,2016
1675,Altersgruppen,Säuglinge (0 Jahre),2016,201607,15992,15155,0.06,5.52,15718,2016-07-01,7,2016
1676,Altersgruppen,Säuglinge (0 Jahre),2016,201608,16201,15150,1.31,6.94,15806,2016-08-01,8,2016
1677,Altersgruppen,Säuglinge (0 Jahre),2016,201609,16275,15651,0.46,3.99,15858,2016-09-01,9,2016
1678,Altersgruppen,Säuglinge (0 Jahre),2016,201610,16514,15674,1.47,5.36,15928,2016-10-01,10,2016
1679,Altersgruppen,Säuglinge (0 Jahre),2016,201611,17050,15600,3.25,9.29,16049,2016-11-01,11,2016
1680,Altersgruppen,Säuglinge (0 Jahre),2016,201612,16541,15547,-2.99,6.39,16132,2016-12-01,12,2016
1681,Altersgruppen,Säuglinge (0 Jahre),2015,201501,15130,14772,1.75,2.42,14907,2015-01-01,1,2015
1682,Altersgruppen,Säuglinge (0 Jahre),2015,201502,14891,14788,-1.58,0.7,14916,2015-02-01,2,2015
1683,Altersgruppen,Säuglinge (0 Jahre),2015,201503,14858,14660,-0.22,1.35,14932,2015-03-01,3,2015
1684,Altersgruppen,Säuglinge (0 Jahre),2015,201504,15296,14862,2.95,2.92,14968,2015-04-01,4,2015
1685,Altersgruppen,Säuglinge (0 Jahre),2015,201505,15056,14804,-1.57,1.7,14989,2015-05-01,5,2015
1686,Altersgruppen,Säuglinge (0 Jahre),2015,201506,15240,14889,1.22,2.36,15019,2015-06-01,6,2015
1687,Altersgruppen,Säuglinge (0 Jahre),2015,201507,15155,14913,-0.56,1.62,15039,2015-07-01,7,2015
1688,Altersgruppen,Säuglinge (0 Jahre),2015,201508,15150,14794,-0.03,2.41,15068,2015-08-01,8,2015
1689,Altersgruppen,Säuglinge (0 Jahre),2015,201509,15651,15038,3.31,4.08,15120,2015-09-01,9,2015
1690,Altersgruppen,Säuglinge (0 Jahre),2015,201510,15674,15110,0.15,3.73,15167,2015-10-01,10,2015
1691,Altersgruppen,Säuglinge (0 Jahre),2015,201511,15600,15027,-0.47,3.81,15214,2015-11-01,11,2015
1692,Altersgruppen,Säuglinge (0 Jahre),2015,201512,15547,14870,-0.34,4.55,15271,2015-12-01,12,2015
1693,Altersgruppen,Säuglinge (0 Jahre),2014,201401,14772,14442,1.5,2.29,14547,2014-01-01,1,2014
1694,Altersgruppen,Säuglinge (0 Jahre),2014,201402,14788,14425,0.11,2.52,14577,2014-02-01,2,2014
1695,Altersgruppen,Säuglinge (0 Jahre),2014,201403,14660,14419,-0.87,1.67,14597,2014-03-01,3,2014
1696,Altersgruppen,Säuglinge (0 Jahre),2014,201404,14862,14487,1.38,2.59,14629,2014-04-01,4,2014
1697,Altersgruppen,Säuglinge (0 Jahre),2014,201405,14804,14394,-0.39,2.85,14663,2014-05-01,5,2014
1698,Altersgruppen,Säuglinge (0 Jahre),2014,201406,14889,14453,0.57,3.02,14699,2014-06-01,6,2014
1699,Altersgruppen,Säuglinge (0 Jahre),2014,201407,14913,14619,0.16,2.01,14724,2014-07-01,7,2014
1700,Altersgruppen,Säuglinge (0 Jahre),2014,201408,14794,14589,-0.8,1.41,14741,2014-08-01,8,2014
1701,Altersgruppen,Säuglinge (0 Jahre),2014,201409,15038,14509,1.65,3.65,14785,2014-09-01,9,2014
1702,Altersgruppen,Säuglinge (0 Jahre),2014,201410,15110,14617,0.48,3.37,14826,2014-10-01,10,2014
1703,Altersgruppen,Säuglinge (0 Jahre),2014,201411,15027,14727,-0.55,2.04,14851,2014-11-01,11,2014
1704,Altersgruppen,Säuglinge (0 Jahre),2014,201412,14870,14554,-1.04,2.17,14877,2014-12-01,12,2014
1705,Altersgruppen,Säuglinge (0 Jahre),2013,201301,14442,13631,2.92,5.95,14062,2013-01-01,1,2013
1706,Altersgruppen,Säuglinge (0 Jahre),2013,201302,14425,13717,-0.12,5.16,14121,2013-02-01,2,2013
1707,Altersgruppen,Säuglinge (0 Jahre),2013,201303,14419,13888,-0.04,3.82,14165,2013-03-01,3,2013
1708,Altersgruppen,Säuglinge (0 Jahre),2013,201304,14487,13931,0.47,3.99,14212,2013-04-01,4,2013
1709,Altersgruppen,Säuglinge (0 Jahre),2013,201305,14394,13881,-0.64,3.7,14255,2013-05-01,5,2013
1710,Altersgruppen,Säuglinge (0 Jahre),2013,201306,14453,13923,0.41,3.81,14299,2013-06-01,6,2013
1711,Altersgruppen,Säuglinge (0 Jahre),2013,201307,14619,13966,1.15,4.68,14353,2013-07-01,7,2013
1712,Altersgruppen,Säuglinge (0 Jahre),2013,201308,14589,14136,-0.21,3.2,14391,2013-08-01,8,2013
1713,Altersgruppen,Säuglinge (0 Jahre),2013,201309,14509,14062,-0.55,3.18,14428,2013-09-01,9,2013
1714,Altersgruppen,Säuglinge (0 Jahre),2013,201310,14617,14336,0.74,1.96,14452,2013-10-01,10,2013
1715,Altersgruppen,Säuglinge (0 Jahre),2013,201311,14727,14432,0.75,2.04,14476,2013-11-01,11,2013
1716,Altersgruppen,Säuglinge (0 Jahre),2013,201312,14554,14032,-1.17,3.72,14520,2013-12-01,12,2013
1717,Altersgruppen,Säuglinge (0 Jahre),2012,201201,13631,13327,-0.17,2.28,13494,2012-01-01,1,2012
1718,Altersgruppen,Säuglinge (0 Jahre),2012,201202,13717,13351,0.63,2.74,13524,2012-02-01,2,2012
1719,Altersgruppen,Säuglinge (0 Jahre),2012,201203,13888,13500,1.25,2.87,13557,2012-03-01,3,2012
1720,Altersgruppen,Säuglinge (0 Jahre),2012,201204,13931,13332,0.31,4.49,13606,2012-04-01,4,2012
1721,Altersgruppen,Säuglinge (0 Jahre),2012,201205,13881,13441,-0.36,3.27,13643,2012-05-01,5,2012
1722,Altersgruppen,Säuglinge (0 Jahre),2012,201206,13923,13276,0.3,4.87,13697,2012-06-01,6,2012
1723,Altersgruppen,Säuglinge (0 Jahre),2012,201207,13966,13457,0.31,3.78,13739,2012-07-01,7,2012
1724,Altersgruppen,Säuglinge (0 Jahre),2012,201208,14136,13536,1.22,4.43,13789,2012-08-01,8,2012
1725,Altersgruppen,Säuglinge (0 Jahre),2012,201209,14062,13555,-0.52,3.74,13832,2012-09-01,9,2012
1726,Altersgruppen,Säuglinge (0 Jahre),2012,201210,14336,13567,1.95,5.67,13896,2012-10-01,10,2012
1727,Altersgruppen,Säuglinge (0 Jahre),2012,201211,14432,13624,0.67,5.93,13963,2012-11-01,11,2012
1728,Altersgruppen,Säuglinge (0 Jahre),2012,201212,14032,13654,-2.77,2.77,13995,2012-12-01,12,2012
1729,Altersgruppen,Säuglinge (0 Jahre),2011,201101,13327,13129,-0.13,1.51,13241,2011-01-01,1,2011
1730,Altersgruppen,Säuglinge (0 Jahre),2011,201102,13351,13246,0.18,0.79,13250,2011-02-01,2,2011
1731,Altersgruppen,Säuglinge (0 Jahre),2011,201103,13500,13317,1.12,1.37,13265,2011-03-01,3,2011
1732,Altersgruppen,Säuglinge (0 Jahre),2011,201104,13332,13232,-1.24,0.76,13274,2011-04-01,4,2011
1733,Altersgruppen,Säuglinge (0 Jahre),2011,201105,13441,13148,0.82,2.23,13298,2011-05-01,5,2011
1734,Altersgruppen,Säuglinge (0 Jahre),2011,201106,13276,13272,-1.23,0.03,13298,2011-06-01,6,2011
1735,Altersgruppen,Säuglinge (0 Jahre),2011,201107,13457,13196,1.36,1.98,13320,2011-07-01,7,2011
1736,Altersgruppen,Säuglinge (0 Jahre),2011,201108,13536,13134,0.59,3.06,13354,2011-08-01,8,2011
1737,Altersgruppen,Säuglinge (0 Jahre),2011,201109,13555,13091,0.14,3.54,13392,2011-09-01,9,2011
1738,Altersgruppen,Säuglinge (0 Jahre),2011,201110,13567,13193,0.09,2.83,13424,2011-10-01,10,2011
1739,Altersgruppen,Säuglinge (0 Jahre),2011,201111,13624,13396,0.42,1.7,13443,2011-11-01,11,2011
1740,Altersgruppen,Säuglinge (0 Jahre),2011,201112,13654,13344,0.22,2.32,13468,2011-12-01,12,2011
1741,Altersgruppen,Säuglinge (0 Jahre),2010,201001,13129,13085,-0.27,0.34,13150,2010-01-01,1,2010
1742,Altersgruppen,Säuglinge (0 Jahre),2010,201002,13246,13091,0.89,1.18,13163,2010-02-01,2,2010
1743,Altersgruppen,Säuglinge (0 Jahre),2010,201003,13317,13145,0.54,1.31,13177,2010-03-01,3,2010
1744,Altersgruppen,Säuglinge (0 Jahre),2010,201004,13232,13046,-0.64,1.43,13193,2010-04-01,4,2010
1745,Altersgruppen,Säuglinge (0 Jahre),2010,201005,13148,13138,-0.63,0.08,13193,2010-05-01,5,2010
1746,Altersgruppen,Säuglinge (0 Jahre),2010,201006,13272,13167,0.94,0.8,13202,2010-06-01,6,2010
1747,Altersgruppen,Säuglinge (0 Jahre),2010,201007,13196,13139,-0.57,0.43,13207,2010-07-01,7,2010
1748,Altersgruppen,Säuglinge (0 Jahre),2010,201008,13134,13063,-0.47,0.54,13213,2010-08-01,8,2010
1749,Altersgruppen,Säuglinge (0 Jahre),2010,201009,13091,13129,-0.33,-0.29,13210,2010-09-01,9,2010
1750,Altersgruppen,Säuglinge (0 Jahre),2010,201010,13193,13281,0.78,-0.66,13202,2010-10-01,10,2010
1751,Altersgruppen,Säuglinge (0 Jahre),2010,201011,13396,13306,1.54,0.68,13210,2010-11-01,11,2010
1752,Altersgruppen,Säuglinge (0 Jahre),2010,201012,13344,13164,-0.39,1.37,13225,2010-12-01,12,2010
1753,Altersgruppen,Säuglinge (0 Jahre),2009,200901,13085,13061,0.14,0.18,13194,2009-01-01,1,2009
1754,Altersgruppen,Säuglinge (0 Jahre),2009,200902,13091,13123,0.05,-0.24,13192,2009-02-01,2,2009
1755,Altersgruppen,Säuglinge (0 Jahre),2009,200903,13145,13040,0.41,0.81,13200,2009-03-01,3,2009
1756,Altersgruppen,Säuglinge (0 Jahre),2009,200904,13046,13310,-0.75,-1.98,13178,2009-04-01,4,2009
1757,Altersgruppen,Säuglinge (0 Jahre),2009,200905,13138,13160,0.71,-0.17,13177,2009-05-01,5,2009
1758,Altersgruppen,Säuglinge (0 Jahre),2009,200906,13167,13252,0.22,-0.64,13169,2009-06-01,6,2009
1759,Altersgruppen,Säuglinge (0 Jahre),2009,200907,13139,13339,-0.21,-1.5,13153,2009-07-01,7,2009
1760,Altersgruppen,Säuglinge (0 Jahre),2009,200908,13063,13195,-0.58,-1,13142,2009-08-01,8,2009
1761,Altersgruppen,Säuglinge (0 Jahre),2009,200909,13129,13133,0.51,-0.03,13141,2009-09-01,9,2009
1762,Altersgruppen,Säuglinge (0 Jahre),2009,200910,13281,13339,1.16,-0.43,13137,2009-10-01,10,2009
1763,Altersgruppen,Säuglinge (0 Jahre),2009,200911,13306,13288,0.19,0.14,13138,2009-11-01,11,2009
1764,Altersgruppen,Säuglinge (0 Jahre),2009,200912,13164,13067,-1.07,0.74,13146,2009-12-01,12,2009
1765,Altersgruppen,Säuglinge (0 Jahre),2008,200801,13061,12451,1.79,4.9,12726,2008-01-01,1,2008
1766,Altersgruppen,Säuglinge (0 Jahre),2008,200802,13123,12416,0.47,5.69,12785,2008-02-01,2,2008
1767,Altersgruppen,Säuglinge (0 Jahre),2008,200803,13040,12571,-0.63,3.73,12824,2008-03-01,3,2008
1768,Altersgruppen,Säuglinge (0 Jahre),2008,200804,13310,12636,2.07,5.33,12880,2008-04-01,4,2008
1769,Altersgruppen,Säuglinge (0 Jahre),2008,200805,13160,12672,-1.13,3.85,12921,2008-05-01,5,2008
1770,Altersgruppen,Säuglinge (0 Jahre),2008,200806,13252,12580,0.7,5.34,12977,2008-06-01,6,2008
1771,Altersgruppen,Säuglinge (0 Jahre),2008,200807,13339,12651,0.66,5.44,13034,2008-07-01,7,2008
1772,Altersgruppen,Säuglinge (0 Jahre),2008,200808,13195,12822,-1.08,2.91,13065,2008-08-01,8,2008
1773,Altersgruppen,Säuglinge (0 Jahre),2008,200809,13133,12691,-0.47,3.48,13102,2008-09-01,9,2008
1774,Altersgruppen,Säuglinge (0 Jahre),2008,200810,13339,12794,1.57,4.26,13147,2008-10-01,10,2008
1775,Altersgruppen,Säuglinge (0 Jahre),2008,200811,13288,12983,-0.38,2.35,13173,2008-11-01,11,2008
1776,Altersgruppen,Säuglinge (0 Jahre),2008,200812,13067,12831,-1.66,1.84,13192,2008-12-01,12,2008
1777,Altersgruppen,Säuglinge (0 Jahre),2007,200701,12451,12275,1.74,1.43,12210,2007-01-01,1,2007
1778,Altersgruppen,Säuglinge (0 Jahre),2007,200702,12416,12156,-0.28,2.14,12232,2007-02-01,2,2007
1779,Altersgruppen,Säuglinge (0 Jahre),2007,200703,12571,12220,1.25,2.87,12261,2007-03-01,3,2007
1780,Altersgruppen,Säuglinge (0 Jahre),2007,200704,12636,12016,0.52,5.16,12313,2007-04-01,4,2007
1781,Altersgruppen,Säuglinge (0 Jahre),2007,200705,12672,11961,0.28,5.94,12372,2007-05-01,5,2007
1782,Altersgruppen,Säuglinge (0 Jahre),2007,200706,12580,12081,-0.73,4.13,12414,2007-06-01,6,2007
1783,Altersgruppen,Säuglinge (0 Jahre),2007,200707,12651,12222,0.56,3.51,12450,2007-07-01,7,2007
1784,Altersgruppen,Säuglinge (0 Jahre),2007,200708,12822,12371,1.35,3.65,12487,2007-08-01,8,2007
1785,Altersgruppen,Säuglinge (0 Jahre),2007,200709,12691,12183,-1.02,4.17,12529,2007-09-01,9,2007
1786,Altersgruppen,Säuglinge (0 Jahre),2007,200710,12794,12287,0.81,4.13,12572,2007-10-01,10,2007
1787,Altersgruppen,Säuglinge (0 Jahre),2007,200711,12983,12338,1.48,5.23,12625,2007-11-01,11,2007
1788,Altersgruppen,Säuglinge (0 Jahre),2007,200712,12831,12238,-1.17,4.85,12675,2007-12-01,12,2007
1789,Altersgruppen,Säuglinge (0 Jahre),2006,200601,12275,11679,-0.09,5.1,12058,2006-01-01,1,2006
1790,Altersgruppen,Säuglinge (0 Jahre),2006,200602,12156,11778,-0.97,3.21,12090,2006-02-01,2,2006
1791,Altersgruppen,Säuglinge (0 Jahre),2006,200603,12220,11780,0.53,3.74,12126,2006-03-01,3,2006
1792,Altersgruppen,Säuglinge (0 Jahre),2006,200604,12016,11876,-1.67,1.18,12138,2006-04-01,4,2006
1793,Altersgruppen,Säuglinge (0 Jahre),2006,200605,11961,11947,-0.46,0.12,12139,2006-05-01,5,2006
1794,Altersgruppen,Säuglinge (0 Jahre),2006,200606,12081,12060,1,0.17,12141,2006-06-01,6,2006
1795,Altersgruppen,Säuglinge (0 Jahre),2006,200607,12222,12058,1.17,1.36,12155,2006-07-01,7,2006
1796,Altersgruppen,Säuglinge (0 Jahre),2006,200608,12371,12032,1.22,2.82,12183,2006-08-01,8,2006
1797,Altersgruppen,Säuglinge (0 Jahre),2006,200609,12183,12087,-1.52,0.79,12191,2006-09-01,9,2006
1798,Altersgruppen,Säuglinge (0 Jahre),2006,200610,12287,12182,0.85,0.86,12200,2006-10-01,10,2006
1799,Altersgruppen,Säuglinge (0 Jahre),2006,200611,12338,12338,0.42,0,12200,2006-11-01,11,2006
1800,Altersgruppen,Säuglinge (0 Jahre),2006,200612,12238,12286,-0.81,-0.39,12196,2006-12-01,12,2006
1801,Altersgruppen,Säuglinge (0 Jahre),2005,200501,11679,11768,-0.44,-0.76,11670,2005-01-01,1,2005
1802,Altersgruppen,Säuglinge (0 Jahre),2005,200502,11778,11645,0.85,1.14,11681,2005-02-01,2,2005
1803,Altersgruppen,Säuglinge (0 Jahre),2005,200503,11780,11806,0.02,-0.22,11679,2005-03-01,3,2005
1804,Altersgruppen,Säuglinge (0 Jahre),2005,200504,11876,11800,0.81,0.64,11685,2005-04-01,4,2005
1805,Altersgruppen,Säuglinge (0 Jahre),2005,200505,11947,11514,0.6,3.76,11721,2005-05-01,5,2005
1806,Altersgruppen,Säuglinge (0 Jahre),2005,200506,12060,11576,0.95,4.18,11761,2005-06-01,6,2005
1807,Altersgruppen,Säuglinge (0 Jahre),2005,200507,12058,11552,-0.02,4.38,11804,2005-07-01,7,2005
1808,Altersgruppen,Säuglinge (0 Jahre),2005,200508,12032,11655,-0.22,3.23,11835,2005-08-01,8,2005
1809,Altersgruppen,Säuglinge (0 Jahre),2005,200509,12087,11648,0.46,3.77,11872,2005-09-01,9,2005
1810,Altersgruppen,Säuglinge (0 Jahre),2005,200510,12182,11665,0.79,4.43,11915,2005-10-01,10,2005
1811,Altersgruppen,Säuglinge (0 Jahre),2005,200511,12338,11766,1.28,4.86,11962,2005-11-01,11,2005
1812,Altersgruppen,Säuglinge (0 Jahre),2005,200512,12286,11731,-0.42,4.73,12009,2005-12-01,12,2005
1813,Altersgruppen,Säuglinge (0 Jahre),2004,200401,11768,11708,0.53,0.51,11678,2004-01-01,1,2004
1814,Altersgruppen,Säuglinge (0 Jahre),2004,200402,11645,11741,-1.05,-0.82,11670,2004-02-01,2,2004
1815,Altersgruppen,Säuglinge (0 Jahre),2004,200403,11806,11681,1.38,1.07,11681,2004-03-01,3,2004
1816,Altersgruppen,Säuglinge (0 Jahre),2004,200404,11800,11585,-0.05,1.86,11699,2004-04-01,4,2004
1817,Altersgruppen,Säuglinge (0 Jahre),2004,200405,11514,11592,-2.42,-0.67,11692,2004-05-01,5,2004
1818,Altersgruppen,Säuglinge (0 Jahre),2004,200406,11576,11553,0.54,0.2,11694,2004-06-01,6,2004
1819,Altersgruppen,Säuglinge (0 Jahre),2004,200407,11552,11719,-0.21,-1.43,11680,2004-07-01,7,2004
1820,Altersgruppen,Säuglinge (0 Jahre),2004,200408,11655,11650,0.89,0.04,11680,2004-08-01,8,2004
1821,Altersgruppen,Säuglinge (0 Jahre),2004,200409,11648,11549,-0.06,0.86,11689,2004-09-01,9,2004
1822,Altersgruppen,Säuglinge (0 Jahre),2004,200410,11665,11708,0.15,-0.37,11685,2004-10-01,10,2004
1823,Altersgruppen,Säuglinge (0 Jahre),2004,200411,11766,11886,0.87,-1.01,11675,2004-11-01,11,2004
1824,Altersgruppen,Säuglinge (0 Jahre),2004,200412,11731,11706,-0.3,0.21,11677,2004-12-01,12,2004
1825,Altersgruppen,Säuglinge (0 Jahre),2003,200301,11708,11261,1.88,3.97,11447,2003-01-01,1,2003
1826,Altersgruppen,Säuglinge (0 Jahre),2003,200302,11741,11258,0.28,4.29,11488,2003-02-01,2,2003
1827,Altersgruppen,Säuglinge (0 Jahre),2003,200303,11681,11220,-0.51,4.11,11526,2003-03-01,3,2003
1828,Altersgruppen,Säuglinge (0 Jahre),2003,200304,11585,11324,-0.82,2.3,11548,2003-04-01,4,2003
1829,Altersgruppen,Säuglinge (0 Jahre),2003,200305,11592,11275,0.06,2.81,11574,2003-05-01,5,2003
1830,Altersgruppen,Säuglinge (0 Jahre),2003,200306,11553,11325,-0.34,2.01,11593,2003-06-01,6,2003
1831,Altersgruppen,Säuglinge (0 Jahre),2003,200307,11719,11472,1.44,2.15,11614,2003-07-01,7,2003
1832,Altersgruppen,Säuglinge (0 Jahre),2003,200308,11650,11471,-0.59,1.56,11629,2003-08-01,8,2003
1833,Altersgruppen,Säuglinge (0 Jahre),2003,200309,11549,11516,-0.87,0.29,11631,2003-09-01,9,2003
1834,Altersgruppen,Säuglinge (0 Jahre),2003,200310,11708,11640,1.38,0.58,11637,2003-10-01,10,2003
1835,Altersgruppen,Säuglinge (0 Jahre),2003,200311,11886,11667,1.52,1.88,11655,2003-11-01,11,2003
1836,Altersgruppen,Säuglinge (0 Jahre),2003,200312,11706,11492,-1.51,1.86,11673,2003-12-01,12,2003
1837,Altersgruppen,Säuglinge (0 Jahre),2002,200201,11261,11257,1.06,0.04,11309,2002-01-01,1,2002
1838,Altersgruppen,Säuglinge (0 Jahre),2002,200202,11258,11443,-0.03,-1.62,11294,2002-02-01,2,2002
1839,Altersgruppen,Säuglinge (0 Jahre),2002,200203,11220,11371,-0.34,-1.33,11281,2002-03-01,3,2002
1840,Altersgruppen,Säuglinge (0 Jahre),2002,200204,11324,11260,0.93,0.57,11286,2002-04-01,4,2002
1841,Altersgruppen,Säuglinge (0 Jahre),2002,200205,11275,11416,-0.43,-1.24,11275,2002-05-01,5,2002
1842,Altersgruppen,Säuglinge (0 Jahre),2002,200206,11325,11219,0.44,0.94,11284,2002-06-01,6,2002
1843,Altersgruppen,Säuglinge (0 Jahre),2002,200207,11472,11316,1.3,1.38,11297,2002-07-01,7,2002
1844,Altersgruppen,Säuglinge (0 Jahre),2002,200208,11471,11350,-0.01,1.07,11307,2002-08-01,8,2002
1845,Altersgruppen,Säuglinge (0 Jahre),2002,200209,11516,11222,0.39,2.62,11331,2002-09-01,9,2002
1846,Altersgruppen,Säuglinge (0 Jahre),2002,200210,11640,11279,1.08,3.2,11361,2002-10-01,10,2002
1847,Altersgruppen,Säuglinge (0 Jahre),2002,200211,11667,11429,0.23,2.08,11381,2002-11-01,11,2002
1848,Altersgruppen,Säuglinge (0 Jahre),2002,200212,11492,11143,-1.5,3.13,11410,2002-12-01,12,2002
1849,Altersgruppen,Säuglinge (0 Jahre),2001,200101,11257,11374,0.03,-1.03,11257,2001-01-01,1,2001
1850,Altersgruppen,Säuglinge (0 Jahre),2001,200102,11443,11272,1.65,1.52,11272,2001-02-01,2,2001
1851,Altersgruppen,Säuglinge (0 Jahre),2001,200103,11371,11269,-0.63,0.91,11280,2001-03-01,3,2001
1852,Altersgruppen,Säuglinge (0 Jahre),2001,200104,11260,11146,-0.98,1.02,11290,2001-04-01,4,2001
1853,Altersgruppen,Säuglinge (0 Jahre),2001,200105,11416,11305,1.39,0.98,11299,2001-05-01,5,2001
1854,Altersgruppen,Säuglinge (0 Jahre),2001,200106,11219,11173,-1.73,0.41,11303,2001-06-01,6,2001
1855,Altersgruppen,Säuglinge (0 Jahre),2001,200107,11316,11187,0.86,1.15,11313,2001-07-01,7,2001
1856,Altersgruppen,Säuglinge (0 Jahre),2001,200108,11350,11292,0.3,0.51,11318,2001-08-01,8,2001
1857,Altersgruppen,Säuglinge (0 Jahre),2001,200109,11222,11225,-1.13,-0.03,11318,2001-09-01,9,2001
1858,Altersgruppen,Säuglinge (0 Jahre),2001,200110,11279,11253,0.51,0.23,11320,2001-10-01,10,2001
1859,Altersgruppen,Säuglinge (0 Jahre),2001,200111,11429,11454,1.33,-0.22,11318,2001-11-01,11,2001
1860,Altersgruppen,Säuglinge (0 Jahre),2001,200112,11143,11254,-2.5,-0.99,11309,2001-12-01,12,2001
1861,Altersgruppen,Säuglinge (0 Jahre),2000,200001,11374,NA,0.43,NA,11374,2000-01-01,1,2000
1862,Altersgruppen,Säuglinge (0 Jahre),2000,200002,11272,NA,-0.9,NA,11323,2000-02-01,2,2000
1863,Altersgruppen,Säuglinge (0 Jahre),2000,200003,11269,NA,-0.03,NA,11305,2000-03-01,3,2000
1864,Altersgruppen,Säuglinge (0 Jahre),2000,200004,11146,NA,-1.09,NA,11265,2000-04-01,4,2000
1865,Altersgruppen,Säuglinge (0 Jahre),2000,200005,11305,NA,1.43,NA,11273,2000-05-01,5,2000
1866,Altersgruppen,Säuglinge (0 Jahre),2000,200006,11173,NA,-1.17,NA,11257,2000-06-01,6,2000
1867,Altersgruppen,Säuglinge (0 Jahre),2000,200007,11187,NA,0.13,NA,11247,2000-07-01,7,2000
1868,Altersgruppen,Säuglinge (0 Jahre),2000,200008,11292,8386,0.94,34.65,11252,2000-08-01,8,2000
1869,Altersgruppen,Säuglinge (0 Jahre),2000,200009,11225,11336,-0.59,-0.98,11249,2000-09-01,9,2000
1870,Altersgruppen,Säuglinge (0 Jahre),2000,200010,11253,11304,0.25,-0.45,11250,2000-10-01,10,2000
1871,Altersgruppen,Säuglinge (0 Jahre),2000,200011,11454,11461,1.79,-0.06,11268,2000-11-01,11,2000
1872,Altersgruppen,Säuglinge (0 Jahre),2000,200012,11254,11325,-1.75,-0.63,11267,2000-12-01,12,2000
1873,Altersgruppen,Schulpflichtige (6 bis 14 Jahre),2025,202501,120172,118887,0.02,1.08,119708,2025-01-01,1,2025
1874,Altersgruppen,Schulpflichtige (6 bis 14 Jahre),2025,202502,120240,119082,0.06,0.97,119805,2025-02-01,2,2025
1875,Altersgruppen,Schulpflichtige (6 bis 14 Jahre),2025,202503,120170,119161,-0.06,0.85,119889,2025-03-01,3,2025
1876,Altersgruppen,Schulpflichtige (6 bis 14 Jahre),2025,202504,120206,119256,0.03,0.8,119968,2025-04-01,4,2025
1877,Altersgruppen,Schulpflichtige (6 bis 14 Jahre),2025,202505,120254,119548,0.04,0.59,120027,2025-05-01,5,2025
1878,Altersgruppen,Schulpflichtige (6 bis 14 Jahre),2025,202506,120380,119711,0.1,0.56,120083,2025-06-01,6,2025
1879,Altersgruppen,Schulpflichtige (6 bis 14 Jahre),2025,202507,120547,119851,0.14,0.58,120141,2025-07-01,7,2025
1880,Altersgruppen,Schulpflichtige (6 bis 14 Jahre),2025,202508,120470,119768,-0.06,0.59,120199,2025-08-01,8,2025
1881,Altersgruppen,Schulpflichtige (6 bis 14 Jahre),2025,202509,NA,119743,NA,NA,NA,2025-09-01,9,2025
1882,Altersgruppen,Schulpflichtige (6 bis 14 Jahre),2025,202510,NA,119967,NA,NA,NA,2025-10-01,10,2025
1883,Altersgruppen,Schulpflichtige (6 bis 14 Jahre),2025,202511,NA,120096,NA,NA,NA,2025-11-01,11,2025
1884,Altersgruppen,Schulpflichtige (6 bis 14 Jahre),2025,202512,NA,120145,NA,NA,NA,2025-12-01,12,2025
1885,Altersgruppen,Schulpflichtige (6 bis 14 Jahre),2024,202401,118887,118067,0.06,0.69,118472,2024-01-01,1,2024
1886,Altersgruppen,Schulpflichtige (6 bis 14 Jahre),2024,202402,119082,118185,0.16,0.76,118546,2024-02-01,2,2024
1887,Altersgruppen,Schulpflichtige (6 bis 14 Jahre),2024,202403,119161,118214,0.07,0.8,118625,2024-03-01,3,2024
1888,Altersgruppen,Schulpflichtige (6 bis 14 Jahre),2024,202404,119256,118265,0.08,0.84,118708,2024-04-01,4,2024
1889,Altersgruppen,Schulpflichtige (6 bis 14 Jahre),2024,202405,119548,118186,0.24,1.15,118821,2024-05-01,5,2024
1890,Altersgruppen,Schulpflichtige (6 bis 14 Jahre),2024,202406,119711,118440,0.14,1.07,118927,2024-06-01,6,2024
1891,Altersgruppen,Schulpflichtige (6 bis 14 Jahre),2024,202407,119851,118533,0.12,1.11,119037,2024-07-01,7,2024
1892,Altersgruppen,Schulpflichtige (6 bis 14 Jahre),2024,202408,119768,118383,-0.07,1.17,119152,2024-08-01,8,2024
1893,Altersgruppen,Schulpflichtige (6 bis 14 Jahre),2024,202409,119743,118492,-0.02,1.06,119257,2024-09-01,9,2024
1894,Altersgruppen,Schulpflichtige (6 bis 14 Jahre),2024,202410,119967,118581,0.19,1.17,119372,2024-10-01,10,2024
1895,Altersgruppen,Schulpflichtige (6 bis 14 Jahre),2024,202411,120096,118677,0.11,1.2,119490,2024-11-01,11,2024
1896,Altersgruppen,Schulpflichtige (6 bis 14 Jahre),2024,202412,120145,118815,0.04,1.12,119601,2024-12-01,12,2024
1897,Altersgruppen,Schulpflichtige (6 bis 14 Jahre),2023,202301,118067,114009,0.02,3.56,117188,2023-01-01,1,2023
1898,Altersgruppen,Schulpflichtige (6 bis 14 Jahre),2023,202302,118185,114152,0.1,3.53,117524,2023-02-01,2,2023
1899,Altersgruppen,Schulpflichtige (6 bis 14 Jahre),2023,202303,118214,115912,0.02,1.99,117716,2023-03-01,3,2023
1900,Altersgruppen,Schulpflichtige (6 bis 14 Jahre),2023,202304,118265,116782,0.04,1.27,117839,2023-04-01,4,2023
1901,Altersgruppen,Schulpflichtige (6 bis 14 Jahre),2023,202305,118186,117202,-0.07,0.84,117921,2023-05-01,5,2023
1902,Altersgruppen,Schulpflichtige (6 bis 14 Jahre),2023,202306,118440,117478,0.21,0.82,118002,2023-06-01,6,2023
1903,Altersgruppen,Schulpflichtige (6 bis 14 Jahre),2023,202307,118533,117748,0.08,0.67,118067,2023-07-01,7,2023
1904,Altersgruppen,Schulpflichtige (6 bis 14 Jahre),2023,202308,118383,117673,-0.13,0.6,118126,2023-08-01,8,2023
1905,Altersgruppen,Schulpflichtige (6 bis 14 Jahre),2023,202309,118492,117673,0.09,0.7,118194,2023-09-01,9,2023
1906,Altersgruppen,Schulpflichtige (6 bis 14 Jahre),2023,202310,118581,117713,0.08,0.74,118267,2023-10-01,10,2023
1907,Altersgruppen,Schulpflichtige (6 bis 14 Jahre),2023,202311,118677,117810,0.08,0.74,118339,2023-11-01,11,2023
1908,Altersgruppen,Schulpflichtige (6 bis 14 Jahre),2023,202312,118815,118044,0.12,0.65,118403,2023-12-01,12,2023
1909,Altersgruppen,Schulpflichtige (6 bis 14 Jahre),2022,202201,114009,112756,0.06,1.11,113437,2022-01-01,1,2022
1910,Altersgruppen,Schulpflichtige (6 bis 14 Jahre),2022,202202,114152,112879,0.13,1.13,113543,2022-02-01,2,2022
1911,Altersgruppen,Schulpflichtige (6 bis 14 Jahre),2022,202203,115912,112939,1.54,2.63,113791,2022-03-01,3,2022
1912,Altersgruppen,Schulpflichtige (6 bis 14 Jahre),2022,202204,116782,113069,0.75,3.28,114100,2022-04-01,4,2022
1913,Altersgruppen,Schulpflichtige (6 bis 14 Jahre),2022,202205,117202,113182,0.36,3.55,114435,2022-05-01,5,2022
1914,Altersgruppen,Schulpflichtige (6 bis 14 Jahre),2022,202206,117478,113265,0.24,3.72,114786,2022-06-01,6,2022
1915,Altersgruppen,Schulpflichtige (6 bis 14 Jahre),2022,202207,117748,113516,0.23,3.73,115139,2022-07-01,7,2022
1916,Altersgruppen,Schulpflichtige (6 bis 14 Jahre),2022,202208,117673,113475,-0.06,3.7,115489,2022-08-01,8,2022
1917,Altersgruppen,Schulpflichtige (6 bis 14 Jahre),2022,202209,117673,113520,0,3.66,115835,2022-09-01,9,2022
1918,Altersgruppen,Schulpflichtige (6 bis 14 Jahre),2022,202210,117713,113671,0.03,3.56,116172,2022-10-01,10,2022
1919,Altersgruppen,Schulpflichtige (6 bis 14 Jahre),2022,202211,117810,113778,0.08,3.54,116508,2022-11-01,11,2022
1920,Altersgruppen,Schulpflichtige (6 bis 14 Jahre),2022,202212,118044,113939,0.2,3.6,116850,2022-12-01,12,2022
1921,Altersgruppen,Schulpflichtige (6 bis 14 Jahre),2021,202101,112756,111288,0.13,1.32,112043,2021-01-01,1,2021
1922,Altersgruppen,Schulpflichtige (6 bis 14 Jahre),2021,202102,112879,111407,0.11,1.32,112165,2021-02-01,2,2021
1923,Altersgruppen,Schulpflichtige (6 bis 14 Jahre),2021,202103,112939,111495,0.05,1.3,112286,2021-03-01,3,2021
1924,Altersgruppen,Schulpflichtige (6 bis 14 Jahre),2021,202104,113069,111583,0.12,1.33,112409,2021-04-01,4,2021
1925,Altersgruppen,Schulpflichtige (6 bis 14 Jahre),2021,202105,113182,111620,0.1,1.4,112540,2021-05-01,5,2021
1926,Altersgruppen,Schulpflichtige (6 bis 14 Jahre),2021,202106,113265,111698,0.07,1.4,112670,2021-06-01,6,2021
1927,Altersgruppen,Schulpflichtige (6 bis 14 Jahre),2021,202107,113516,112019,0.22,1.34,112795,2021-07-01,7,2021
1928,Altersgruppen,Schulpflichtige (6 bis 14 Jahre),2021,202108,113475,112068,-0.04,1.26,112912,2021-08-01,8,2021
1929,Altersgruppen,Schulpflichtige (6 bis 14 Jahre),2021,202109,113520,112165,0.04,1.21,113025,2021-09-01,9,2021
1930,Altersgruppen,Schulpflichtige (6 bis 14 Jahre),2021,202110,113671,112461,0.13,1.08,113126,2021-10-01,10,2021
1931,Altersgruppen,Schulpflichtige (6 bis 14 Jahre),2021,202111,113778,112627,0.09,1.02,113222,2021-11-01,11,2021
1932,Altersgruppen,Schulpflichtige (6 bis 14 Jahre),2021,202112,113939,112612,0.14,1.18,113332,2021-12-01,12,2021
1933,Altersgruppen,Schulpflichtige (6 bis 14 Jahre),2020,202001,111288,109094,0.13,2.01,110253,2020-01-01,1,2020
1934,Altersgruppen,Schulpflichtige (6 bis 14 Jahre),2020,202002,111407,109248,0.11,1.98,110433,2020-02-01,2,2020
1935,Altersgruppen,Schulpflichtige (6 bis 14 Jahre),2020,202003,111495,109350,0.08,1.96,110612,2020-03-01,3,2020
1936,Altersgruppen,Schulpflichtige (6 bis 14 Jahre),2020,202004,111583,109480,0.08,1.92,110787,2020-04-01,4,2020
1937,Altersgruppen,Schulpflichtige (6 bis 14 Jahre),2020,202005,111620,109735,0.03,1.72,110944,2020-05-01,5,2020
1938,Altersgruppen,Schulpflichtige (6 bis 14 Jahre),2020,202006,111698,109937,0.07,1.6,111091,2020-06-01,6,2020
1939,Altersgruppen,Schulpflichtige (6 bis 14 Jahre),2020,202007,112019,110300,0.29,1.56,111234,2020-07-01,7,2020
1940,Altersgruppen,Schulpflichtige (6 bis 14 Jahre),2020,202008,112068,110341,0.04,1.57,111378,2020-08-01,8,2020
1941,Altersgruppen,Schulpflichtige (6 bis 14 Jahre),2020,202009,112165,110530,0.09,1.48,111515,2020-09-01,9,2020
1942,Altersgruppen,Schulpflichtige (6 bis 14 Jahre),2020,202010,112461,110723,0.26,1.57,111659,2020-10-01,10,2020
1943,Altersgruppen,Schulpflichtige (6 bis 14 Jahre),2020,202011,112627,110963,0.15,1.5,111798,2020-11-01,11,2020
1944,Altersgruppen,Schulpflichtige (6 bis 14 Jahre),2020,202012,112612,111145,-0.01,1.32,111920,2020-12-01,12,2020
1945,Altersgruppen,Schulpflichtige (6 bis 14 Jahre),2019,201901,109094,107175,0.22,1.79,108231,2019-01-01,1,2019
1946,Altersgruppen,Schulpflichtige (6 bis 14 Jahre),2019,201902,109248,107328,0.14,1.79,108406,2019-02-01,2,2019
1947,Altersgruppen,Schulpflichtige (6 bis 14 Jahre),2019,201903,109350,107394,0.09,1.82,108583,2019-03-01,3,2019
1948,Altersgruppen,Schulpflichtige (6 bis 14 Jahre),2019,201904,109480,107587,0.12,1.76,108755,2019-04-01,4,2019
1949,Altersgruppen,Schulpflichtige (6 bis 14 Jahre),2019,201905,109735,NA,0.23,NA,108837,2019-05-01,5,2019
1950,Altersgruppen,Schulpflichtige (6 bis 14 Jahre),2019,201906,109937,107901,0.18,1.89,109007,2019-06-01,6,2019
1951,Altersgruppen,Schulpflichtige (6 bis 14 Jahre),2019,201907,110300,108177,0.33,1.96,109184,2019-07-01,7,2019
1952,Altersgruppen,Schulpflichtige (6 bis 14 Jahre),2019,201908,110341,108274,0.04,1.91,109356,2019-08-01,8,2019
1953,Altersgruppen,Schulpflichtige (6 bis 14 Jahre),2019,201909,110530,108484,0.17,1.89,109526,2019-09-01,9,2019
1954,Altersgruppen,Schulpflichtige (6 bis 14 Jahre),2019,201910,110723,108669,0.17,1.89,109698,2019-10-01,10,2019
1955,Altersgruppen,Schulpflichtige (6 bis 14 Jahre),2019,201911,110963,108775,0.22,2.01,109880,2019-11-01,11,2019
1956,Altersgruppen,Schulpflichtige (6 bis 14 Jahre),2019,201912,111145,108858,0.16,2.1,110071,2019-12-01,12,2019
1957,Altersgruppen,Schulpflichtige (6 bis 14 Jahre),2018,201801,107175,105775,0.13,1.32,106496,2018-01-01,1,2018
1958,Altersgruppen,Schulpflichtige (6 bis 14 Jahre),2018,201802,107328,105827,0.14,1.42,106621,2018-02-01,2,2018
1959,Altersgruppen,Schulpflichtige (6 bis 14 Jahre),2018,201803,107394,105853,0.06,1.46,106749,2018-03-01,3,2018
1960,Altersgruppen,Schulpflichtige (6 bis 14 Jahre),2018,201804,107587,105962,0.18,1.53,106885,2018-04-01,4,2018
1961,Altersgruppen,Schulpflichtige (6 bis 14 Jahre),2018,201805,NA,106119,NA,NA,NA,2018-05-01,5,2018
1962,Altersgruppen,Schulpflichtige (6 bis 14 Jahre),2018,201806,107901,106297,NA,1.51,107100,2018-06-01,6,2018
1963,Altersgruppen,Schulpflichtige (6 bis 14 Jahre),2018,201807,108177,106498,0.26,1.58,107253,2018-07-01,7,2018
1964,Altersgruppen,Schulpflichtige (6 bis 14 Jahre),2018,201808,108274,106666,0.09,1.51,107399,2018-08-01,8,2018
1965,Altersgruppen,Schulpflichtige (6 bis 14 Jahre),2018,201809,108484,106703,0.19,1.67,107561,2018-09-01,9,2018
1966,Altersgruppen,Schulpflichtige (6 bis 14 Jahre),2018,201810,108669,106852,0.17,1.7,107726,2018-10-01,10,2018
1967,Altersgruppen,Schulpflichtige (6 bis 14 Jahre),2018,201811,108775,106960,0.1,1.7,107891,2018-11-01,11,2018
1968,Altersgruppen,Schulpflichtige (6 bis 14 Jahre),2018,201812,108858,107037,0.08,1.7,108057,2018-12-01,12,2018
1969,Altersgruppen,Schulpflichtige (6 bis 14 Jahre),2017,201701,105775,103452,0.17,2.25,104653,2017-01-01,1,2017
1970,Altersgruppen,Schulpflichtige (6 bis 14 Jahre),2017,201702,105827,103620,0.05,2.13,104837,2017-02-01,2,2017
1971,Altersgruppen,Schulpflichtige (6 bis 14 Jahre),2017,201703,105853,103791,0.02,1.99,105009,2017-03-01,3,2017
1972,Altersgruppen,Schulpflichtige (6 bis 14 Jahre),2017,201704,105962,103865,0.1,2.02,105184,2017-04-01,4,2017
1973,Altersgruppen,Schulpflichtige (6 bis 14 Jahre),2017,201705,106119,104050,0.15,1.99,105356,2017-05-01,5,2017
1974,Altersgruppen,Schulpflichtige (6 bis 14 Jahre),2017,201706,106297,104267,0.17,1.95,105525,2017-06-01,6,2017
1975,Altersgruppen,Schulpflichtige (6 bis 14 Jahre),2017,201707,106498,104567,0.19,1.85,105686,2017-07-01,7,2017
1976,Altersgruppen,Schulpflichtige (6 bis 14 Jahre),2017,201708,106666,104714,0.16,1.86,105849,2017-08-01,8,2017
1977,Altersgruppen,Schulpflichtige (6 bis 14 Jahre),2017,201709,106703,104990,0.03,1.63,105992,2017-09-01,9,2017
1978,Altersgruppen,Schulpflichtige (6 bis 14 Jahre),2017,201710,106852,105246,0.14,1.53,106126,2017-10-01,10,2017
1979,Altersgruppen,Schulpflichtige (6 bis 14 Jahre),2017,201711,106960,105357,0.1,1.52,106259,2017-11-01,11,2017
1980,Altersgruppen,Schulpflichtige (6 bis 14 Jahre),2017,201712,107037,105597,0.07,1.36,106379,2017-12-01,12,2017
1981,Altersgruppen,Schulpflichtige (6 bis 14 Jahre),2016,201601,103452,100675,0.2,2.76,102028,2016-01-01,1,2016
1982,Altersgruppen,Schulpflichtige (6 bis 14 Jahre),2016,201602,103620,100752,0.16,2.85,102267,2016-02-01,2,2016
1983,Altersgruppen,Schulpflichtige (6 bis 14 Jahre),2016,201603,103791,100896,0.17,2.87,102509,2016-03-01,3,2016
1984,Altersgruppen,Schulpflichtige (6 bis 14 Jahre),2016,201604,103865,101019,0.07,2.82,102746,2016-04-01,4,2016
1985,Altersgruppen,Schulpflichtige (6 bis 14 Jahre),2016,201605,104050,101149,0.18,2.87,102988,2016-05-01,5,2016
1986,Altersgruppen,Schulpflichtige (6 bis 14 Jahre),2016,201606,104267,101458,0.21,2.77,103222,2016-06-01,6,2016
1987,Altersgruppen,Schulpflichtige (6 bis 14 Jahre),2016,201607,104567,101869,0.29,2.65,103446,2016-07-01,7,2016
1988,Altersgruppen,Schulpflichtige (6 bis 14 Jahre),2016,201608,104714,102216,0.14,2.44,103655,2016-08-01,8,2016
1989,Altersgruppen,Schulpflichtige (6 bis 14 Jahre),2016,201609,104990,102606,0.26,2.32,103853,2016-09-01,9,2016
1990,Altersgruppen,Schulpflichtige (6 bis 14 Jahre),2016,201610,105246,102727,0.24,2.45,104063,2016-10-01,10,2016
1991,Altersgruppen,Schulpflichtige (6 bis 14 Jahre),2016,201611,105357,102950,0.11,2.34,104264,2016-11-01,11,2016
1992,Altersgruppen,Schulpflichtige (6 bis 14 Jahre),2016,201612,105597,103246,0.23,2.28,104460,2016-12-01,12,2016
1993,Altersgruppen,Schulpflichtige (6 bis 14 Jahre),2015,201501,100675,98172,0.23,2.55,99456,2015-01-01,1,2015
1994,Altersgruppen,Schulpflichtige (6 bis 14 Jahre),2015,201502,100752,98315,0.08,2.48,99659,2015-02-01,2,2015
1995,Altersgruppen,Schulpflichtige (6 bis 14 Jahre),2015,201503,100896,98363,0.14,2.58,99870,2015-03-01,3,2015
1996,Altersgruppen,Schulpflichtige (6 bis 14 Jahre),2015,201504,101019,98536,0.12,2.52,100077,2015-04-01,4,2015
1997,Altersgruppen,Schulpflichtige (6 bis 14 Jahre),2015,201505,101149,98777,0.13,2.4,100274,2015-05-01,5,2015
1998,Altersgruppen,Schulpflichtige (6 bis 14 Jahre),2015,201506,101458,99008,0.31,2.47,100479,2015-06-01,6,2015
1999,Altersgruppen,Schulpflichtige (6 bis 14 Jahre),2015,201507,101869,99418,0.41,2.47,100683,2015-07-01,7,2015
2000,Altersgruppen,Schulpflichtige (6 bis 14 Jahre),2015,201508,102216,99678,0.34,2.55,100894,2015-08-01,8,2015
2001,Altersgruppen,Schulpflichtige (6 bis 14 Jahre),2015,201509,102606,99902,0.38,2.71,101120,2015-09-01,9,2015
2002,Altersgruppen,Schulpflichtige (6 bis 14 Jahre),2015,201510,102727,100073,0.12,2.65,101341,2015-10-01,10,2015
2003,Altersgruppen,Schulpflichtige (6 bis 14 Jahre),2015,201511,102950,100283,0.22,2.66,101563,2015-11-01,11,2015
2004,Altersgruppen,Schulpflichtige (6 bis 14 Jahre),2015,201512,103246,100439,0.29,2.79,101797,2015-12-01,12,2015
2005,Altersgruppen,Schulpflichtige (6 bis 14 Jahre),2014,201401,98172,96141,0.12,2.11,97217,2014-01-01,1,2014
2006,Altersgruppen,Schulpflichtige (6 bis 14 Jahre),2014,201402,98315,96299,0.15,2.09,97385,2014-02-01,2,2014
2007,Altersgruppen,Schulpflichtige (6 bis 14 Jahre),2014,201403,98363,96398,0.05,2.04,97549,2014-03-01,3,2014
2008,Altersgruppen,Schulpflichtige (6 bis 14 Jahre),2014,201404,98536,96528,0.18,2.08,97716,2014-04-01,4,2014
2009,Altersgruppen,Schulpflichtige (6 bis 14 Jahre),2014,201405,98777,96602,0.24,2.25,97897,2014-05-01,5,2014
2010,Altersgruppen,Schulpflichtige (6 bis 14 Jahre),2014,201406,99008,96808,0.23,2.27,98081,2014-06-01,6,2014
2011,Altersgruppen,Schulpflichtige (6 bis 14 Jahre),2014,201407,99418,97123,0.41,2.36,98272,2014-07-01,7,2014
2012,Altersgruppen,Schulpflichtige (6 bis 14 Jahre),2014,201408,99678,97306,0.26,2.44,98470,2014-08-01,8,2014
2013,Altersgruppen,Schulpflichtige (6 bis 14 Jahre),2014,201409,99902,97571,0.22,2.39,98664,2014-09-01,9,2014
2014,Altersgruppen,Schulpflichtige (6 bis 14 Jahre),2014,201410,100073,97806,0.17,2.32,98853,2014-10-01,10,2014
2015,Altersgruppen,Schulpflichtige (6 bis 14 Jahre),2014,201411,100283,97939,0.21,2.39,99048,2014-11-01,11,2014
2016,Altersgruppen,Schulpflichtige (6 bis 14 Jahre),2014,201412,100439,98051,0.16,2.44,99247,2014-12-01,12,2014
2017,Altersgruppen,Schulpflichtige (6 bis 14 Jahre),2013,201301,96141,94566,0.08,1.67,95363,2013-01-01,1,2013
2018,Altersgruppen,Schulpflichtige (6 bis 14 Jahre),2013,201302,96299,94608,0.16,1.79,95504,2013-02-01,2,2013
2019,Altersgruppen,Schulpflichtige (6 bis 14 Jahre),2013,201303,96398,94683,0.1,1.81,95647,2013-03-01,3,2013
2020,Altersgruppen,Schulpflichtige (6 bis 14 Jahre),2013,201304,96528,94748,0.13,1.88,95795,2013-04-01,4,2013
2021,Altersgruppen,Schulpflichtige (6 bis 14 Jahre),2013,201305,96602,94956,0.08,1.73,95932,2013-05-01,5,2013
2022,Altersgruppen,Schulpflichtige (6 bis 14 Jahre),2013,201306,96808,95116,0.21,1.78,96073,2013-06-01,6,2013
2023,Altersgruppen,Schulpflichtige (6 bis 14 Jahre),2013,201307,97123,95374,0.33,1.83,96219,2013-07-01,7,2013
2024,Altersgruppen,Schulpflichtige (6 bis 14 Jahre),2013,201308,97306,95443,0.19,1.95,96374,2013-08-01,8,2013
2025,Altersgruppen,Schulpflichtige (6 bis 14 Jahre),2013,201309,97571,95548,0.27,2.12,96543,2013-09-01,9,2013
2026,Altersgruppen,Schulpflichtige (6 bis 14 Jahre),2013,201310,97806,95759,0.24,2.14,96713,2013-10-01,10,2013
2027,Altersgruppen,Schulpflichtige (6 bis 14 Jahre),2013,201311,97939,95914,0.14,2.11,96882,2013-11-01,11,2013
2028,Altersgruppen,Schulpflichtige (6 bis 14 Jahre),2013,201312,98051,96063,0.11,2.07,97048,2013-12-01,12,2013
2029,Altersgruppen,Schulpflichtige (6 bis 14 Jahre),2012,201201,94566,92908,0.03,1.78,93919,2012-01-01,1,2012
2030,Altersgruppen,Schulpflichtige (6 bis 14 Jahre),2012,201202,94608,93061,0.04,1.66,94048,2012-02-01,2,2012
2031,Altersgruppen,Schulpflichtige (6 bis 14 Jahre),2012,201203,94683,93192,0.08,1.6,94173,2012-03-01,3,2012
2032,Altersgruppen,Schulpflichtige (6 bis 14 Jahre),2012,201204,94748,93348,0.07,1.5,94289,2012-04-01,4,2012
2033,Altersgruppen,Schulpflichtige (6 bis 14 Jahre),2012,201205,94956,93444,0.22,1.62,94415,2012-05-01,5,2012
2034,Altersgruppen,Schulpflichtige (6 bis 14 Jahre),2012,201206,95116,93703,0.17,1.51,94533,2012-06-01,6,2012
2035,Altersgruppen,Schulpflichtige (6 bis 14 Jahre),2012,201207,95374,93939,0.27,1.53,94653,2012-07-01,7,2012
2036,Altersgruppen,Schulpflichtige (6 bis 14 Jahre),2012,201208,95443,94154,0.07,1.37,94760,2012-08-01,8,2012
2037,Altersgruppen,Schulpflichtige (6 bis 14 Jahre),2012,201209,95548,94276,0.11,1.35,94866,2012-09-01,9,2012
2038,Altersgruppen,Schulpflichtige (6 bis 14 Jahre),2012,201210,95759,94355,0.22,1.49,94983,2012-10-01,10,2012
2039,Altersgruppen,Schulpflichtige (6 bis 14 Jahre),2012,201211,95914,94455,0.16,1.54,95105,2012-11-01,11,2012
2040,Altersgruppen,Schulpflichtige (6 bis 14 Jahre),2012,201212,96063,94539,0.16,1.61,95232,2012-12-01,12,2012
2041,Altersgruppen,Schulpflichtige (6 bis 14 Jahre),2011,201101,92908,91033,0.17,2.06,91996,2011-01-01,1,2011
2042,Altersgruppen,Schulpflichtige (6 bis 14 Jahre),2011,201102,93061,91115,0.16,2.14,92158,2011-02-01,2,2011
2043,Altersgruppen,Schulpflichtige (6 bis 14 Jahre),2011,201103,93192,91147,0.14,2.24,92329,2011-03-01,3,2011
2044,Altersgruppen,Schulpflichtige (6 bis 14 Jahre),2011,201104,93348,91344,0.17,2.19,92496,2011-04-01,4,2011
2045,Altersgruppen,Schulpflichtige (6 bis 14 Jahre),2011,201105,93444,91466,0.1,2.16,92660,2011-05-01,5,2011
2046,Altersgruppen,Schulpflichtige (6 bis 14 Jahre),2011,201106,93703,91636,0.28,2.26,92833,2011-06-01,6,2011
2047,Altersgruppen,Schulpflichtige (6 bis 14 Jahre),2011,201107,93939,91902,0.25,2.22,93002,2011-07-01,7,2011
2048,Altersgruppen,Schulpflichtige (6 bis 14 Jahre),2011,201108,94154,92213,0.23,2.1,93164,2011-08-01,8,2011
2049,Altersgruppen,Schulpflichtige (6 bis 14 Jahre),2011,201109,94276,92419,0.13,2.01,93319,2011-09-01,9,2011
2050,Altersgruppen,Schulpflichtige (6 bis 14 Jahre),2011,201110,94355,92471,0.08,2.04,93476,2011-10-01,10,2011
2051,Altersgruppen,Schulpflichtige (6 bis 14 Jahre),2011,201111,94455,92581,0.11,2.02,93632,2011-11-01,11,2011
2052,Altersgruppen,Schulpflichtige (6 bis 14 Jahre),2011,201112,94539,92750,0.09,1.93,93781,2011-12-01,12,2011
2053,Altersgruppen,Schulpflichtige (6 bis 14 Jahre),2010,201001,91033,90324,0.09,0.78,90432,2010-01-01,1,2010
2054,Altersgruppen,Schulpflichtige (6 bis 14 Jahre),2010,201002,91115,90169,0.09,1.05,90511,2010-02-01,2,2010
2055,Altersgruppen,Schulpflichtige (6 bis 14 Jahre),2010,201003,91147,90066,0.04,1.2,90601,2010-03-01,3,2010
2056,Altersgruppen,Schulpflichtige (6 bis 14 Jahre),2010,201004,91344,89885,0.22,1.62,90723,2010-04-01,4,2010
2057,Altersgruppen,Schulpflichtige (6 bis 14 Jahre),2010,201005,91466,89960,0.13,1.67,90848,2010-05-01,5,2010
2058,Altersgruppen,Schulpflichtige (6 bis 14 Jahre),2010,201006,91636,90113,0.19,1.69,90975,2010-06-01,6,2010
2059,Altersgruppen,Schulpflichtige (6 bis 14 Jahre),2010,201007,91902,90334,0.29,1.74,91106,2010-07-01,7,2010
2060,Altersgruppen,Schulpflichtige (6 bis 14 Jahre),2010,201008,92213,90468,0.34,1.93,91251,2010-08-01,8,2010
2061,Altersgruppen,Schulpflichtige (6 bis 14 Jahre),2010,201009,92419,90601,0.22,2.01,91403,2010-09-01,9,2010
2062,Altersgruppen,Schulpflichtige (6 bis 14 Jahre),2010,201010,92471,90755,0.06,1.89,91546,2010-10-01,10,2010
2063,Altersgruppen,Schulpflichtige (6 bis 14 Jahre),2010,201011,92581,90854,0.12,1.9,91690,2010-11-01,11,2010
2064,Altersgruppen,Schulpflichtige (6 bis 14 Jahre),2010,201012,92750,90948,0.18,1.98,91840,2010-12-01,12,2010
2065,Altersgruppen,Schulpflichtige (6 bis 14 Jahre),2009,200901,90324,89769,-0.09,0.62,90140,2009-01-01,1,2009
2066,Altersgruppen,Schulpflichtige (6 bis 14 Jahre),2009,200902,90169,89821,-0.17,0.39,90169,2009-02-01,2,2009
2067,Altersgruppen,Schulpflichtige (6 bis 14 Jahre),2009,200903,90066,89873,-0.11,0.21,90185,2009-03-01,3,2009
2068,Altersgruppen,Schulpflichtige (6 bis 14 Jahre),2009,200904,89885,89985,-0.2,-0.11,90177,2009-04-01,4,2009
2069,Altersgruppen,Schulpflichtige (6 bis 14 Jahre),2009,200905,89960,90050,0.08,-0.1,90169,2009-05-01,5,2009
2070,Altersgruppen,Schulpflichtige (6 bis 14 Jahre),2009,200906,90113,90083,0.17,0.03,90172,2009-06-01,6,2009
2071,Altersgruppen,Schulpflichtige (6 bis 14 Jahre),2009,200907,90334,90229,0.25,0.12,90180,2009-07-01,7,2009
2072,Altersgruppen,Schulpflichtige (6 bis 14 Jahre),2009,200908,90468,90165,0.15,0.34,90206,2009-08-01,8,2009
2073,Altersgruppen,Schulpflichtige (6 bis 14 Jahre),2009,200909,90601,90217,0.15,0.43,90238,2009-09-01,9,2009
2074,Altersgruppen,Schulpflichtige (6 bis 14 Jahre),2009,200910,90755,90226,0.17,0.59,90282,2009-10-01,10,2009
2075,Altersgruppen,Schulpflichtige (6 bis 14 Jahre),2009,200911,90854,90302,0.11,0.61,90328,2009-11-01,11,2009
2076,Altersgruppen,Schulpflichtige (6 bis 14 Jahre),2009,200912,90948,90402,0.1,0.6,90373,2009-12-01,12,2009
2077,Altersgruppen,Schulpflichtige (6 bis 14 Jahre),2008,200801,89769,89088,0.02,0.76,89458,2008-01-01,1,2008
2078,Altersgruppen,Schulpflichtige (6 bis 14 Jahre),2008,200802,89821,89125,0.06,0.78,89516,2008-02-01,2,2008
2079,Altersgruppen,Schulpflichtige (6 bis 14 Jahre),2008,200803,89873,89022,0.06,0.96,89587,2008-03-01,3,2008
2080,Altersgruppen,Schulpflichtige (6 bis 14 Jahre),2008,200804,89985,89161,0.12,0.92,89655,2008-04-01,4,2008
2081,Altersgruppen,Schulpflichtige (6 bis 14 Jahre),2008,200805,90050,89237,0.07,0.91,89723,2008-05-01,5,2008
2082,Altersgruppen,Schulpflichtige (6 bis 14 Jahre),2008,200806,90083,89408,0.04,0.75,89779,2008-06-01,6,2008
2083,Altersgruppen,Schulpflichtige (6 bis 14 Jahre),2008,200807,90229,89505,0.16,0.81,89840,2008-07-01,7,2008
2084,Altersgruppen,Schulpflichtige (6 bis 14 Jahre),2008,200808,90165,89527,-0.07,0.71,89893,2008-08-01,8,2008
2085,Altersgruppen,Schulpflichtige (6 bis 14 Jahre),2008,200809,90217,89546,0.06,0.75,89949,2008-09-01,9,2008
2086,Altersgruppen,Schulpflichtige (6 bis 14 Jahre),2008,200810,90226,89681,0.01,0.61,89994,2008-10-01,10,2008
2087,Altersgruppen,Schulpflichtige (6 bis 14 Jahre),2008,200811,90302,89765,0.08,0.6,90039,2008-11-01,11,2008
2088,Altersgruppen,Schulpflichtige (6 bis 14 Jahre),2008,200812,90402,89747,0.11,0.73,90094,2008-12-01,12,2008
2089,Altersgruppen,Schulpflichtige (6 bis 14 Jahre),2007,200701,89088,88555,0.18,0.6,88793,2007-01-01,1,2007
2090,Altersgruppen,Schulpflichtige (6 bis 14 Jahre),2007,200702,89125,88679,0.04,0.5,88830,2007-02-01,2,2007
2091,Altersgruppen,Schulpflichtige (6 bis 14 Jahre),2007,200703,89022,88628,-0.12,0.44,88863,2007-03-01,3,2007
2092,Altersgruppen,Schulpflichtige (6 bis 14 Jahre),2007,200704,89161,88666,0.16,0.56,88904,2007-04-01,4,2007
2093,Altersgruppen,Schulpflichtige (6 bis 14 Jahre),2007,200705,89237,88691,0.09,0.62,88950,2007-05-01,5,2007
2094,Altersgruppen,Schulpflichtige (6 bis 14 Jahre),2007,200706,89408,88683,0.19,0.82,89010,2007-06-01,6,2007
2095,Altersgruppen,Schulpflichtige (6 bis 14 Jahre),2007,200707,89505,88720,0.11,0.88,89076,2007-07-01,7,2007
2096,Altersgruppen,Schulpflichtige (6 bis 14 Jahre),2007,200708,89527,88720,0.02,0.91,89143,2007-08-01,8,2007
2097,Altersgruppen,Schulpflichtige (6 bis 14 Jahre),2007,200709,89546,88817,0.02,0.82,89204,2007-09-01,9,2007
2098,Altersgruppen,Schulpflichtige (6 bis 14 Jahre),2007,200710,89681,88948,0.15,0.82,89265,2007-10-01,10,2007
2099,Altersgruppen,Schulpflichtige (6 bis 14 Jahre),2007,200711,89765,88948,0.09,0.92,89333,2007-11-01,11,2007
2100,Altersgruppen,Schulpflichtige (6 bis 14 Jahre),2007,200712,89747,88930,-0.02,0.92,89401,2007-12-01,12,2007
2101,Altersgruppen,Schulpflichtige (6 bis 14 Jahre),2006,200601,88555,88186,0.04,0.42,88409,2006-01-01,1,2006
2102,Altersgruppen,Schulpflichtige (6 bis 14 Jahre),2006,200602,88679,88222,0.14,0.52,88448,2006-02-01,2,2006
2103,Altersgruppen,Schulpflichtige (6 bis 14 Jahre),2006,200603,88628,88305,-0.06,0.37,88474,2006-03-01,3,2006
2104,Altersgruppen,Schulpflichtige (6 bis 14 Jahre),2006,200604,88666,88320,0.04,0.39,88503,2006-04-01,4,2006
2105,Altersgruppen,Schulpflichtige (6 bis 14 Jahre),2006,200605,88691,88313,0.03,0.43,88535,2006-05-01,5,2006
2106,Altersgruppen,Schulpflichtige (6 bis 14 Jahre),2006,200606,88683,88341,-0.01,0.39,88563,2006-06-01,6,2006
2107,Altersgruppen,Schulpflichtige (6 bis 14 Jahre),2006,200607,88720,88415,0.04,0.34,88589,2006-07-01,7,2006
2108,Altersgruppen,Schulpflichtige (6 bis 14 Jahre),2006,200608,88720,88460,0,0.29,88610,2006-08-01,8,2006
2109,Altersgruppen,Schulpflichtige (6 bis 14 Jahre),2006,200609,88817,88476,0.11,0.39,88639,2006-09-01,9,2006
2110,Altersgruppen,Schulpflichtige (6 bis 14 Jahre),2006,200610,88948,88507,0.15,0.5,88676,2006-10-01,10,2006
2111,Altersgruppen,Schulpflichtige (6 bis 14 Jahre),2006,200611,88948,88481,0,0.53,88714,2006-11-01,11,2006
2112,Altersgruppen,Schulpflichtige (6 bis 14 Jahre),2006,200612,88930,88518,-0.02,0.47,88749,2006-12-01,12,2006
2113,Altersgruppen,Schulpflichtige (6 bis 14 Jahre),2005,200501,88186,87634,0.06,0.63,87927,2005-01-01,1,2005
2114,Altersgruppen,Schulpflichtige (6 bis 14 Jahre),2005,200502,88222,87578,0.04,0.74,87980,2005-02-01,2,2005
2115,Altersgruppen,Schulpflichtige (6 bis 14 Jahre),2005,200503,88305,87644,0.09,0.75,88035,2005-03-01,3,2005
2116,Altersgruppen,Schulpflichtige (6 bis 14 Jahre),2005,200504,88320,87748,0.02,0.65,88083,2005-04-01,4,2005
2117,Altersgruppen,Schulpflichtige (6 bis 14 Jahre),2005,200505,88313,87739,-0.01,0.65,88131,2005-05-01,5,2005
2118,Altersgruppen,Schulpflichtige (6 bis 14 Jahre),2005,200506,88341,87807,0.03,0.61,88175,2005-06-01,6,2005
2119,Altersgruppen,Schulpflichtige (6 bis 14 Jahre),2005,200507,88415,87883,0.08,0.61,88220,2005-07-01,7,2005
2120,Altersgruppen,Schulpflichtige (6 bis 14 Jahre),2005,200508,88460,87938,0.05,0.59,88263,2005-08-01,8,2005
2121,Altersgruppen,Schulpflichtige (6 bis 14 Jahre),2005,200509,88476,88050,0.02,0.48,88299,2005-09-01,9,2005
2122,Altersgruppen,Schulpflichtige (6 bis 14 Jahre),2005,200510,88507,88195,0.04,0.35,88325,2005-10-01,10,2005
2123,Altersgruppen,Schulpflichtige (6 bis 14 Jahre),2005,200511,88481,88214,-0.03,0.3,88347,2005-11-01,11,2005
2124,Altersgruppen,Schulpflichtige (6 bis 14 Jahre),2005,200512,88518,88136,0.04,0.43,88379,2005-12-01,12,2005
2125,Altersgruppen,Schulpflichtige (6 bis 14 Jahre),2004,200401,87634,86909,0.04,0.83,87390,2004-01-01,1,2004
2126,Altersgruppen,Schulpflichtige (6 bis 14 Jahre),2004,200402,87578,86974,-0.06,0.69,87440,2004-02-01,2,2004
2127,Altersgruppen,Schulpflichtige (6 bis 14 Jahre),2004,200403,87644,87002,0.08,0.74,87494,2004-03-01,3,2004
2128,Altersgruppen,Schulpflichtige (6 bis 14 Jahre),2004,200404,87748,87085,0.12,0.76,87549,2004-04-01,4,2004
2129,Altersgruppen,Schulpflichtige (6 bis 14 Jahre),2004,200405,87739,87170,-0.01,0.65,87596,2004-05-01,5,2004
2130,Altersgruppen,Schulpflichtige (6 bis 14 Jahre),2004,200406,87807,87256,0.08,0.63,87642,2004-06-01,6,2004
2131,Altersgruppen,Schulpflichtige (6 bis 14 Jahre),2004,200407,87883,87450,0.09,0.5,87678,2004-07-01,7,2004
2132,Altersgruppen,Schulpflichtige (6 bis 14 Jahre),2004,200408,87938,87475,0.06,0.53,87717,2004-08-01,8,2004
2133,Altersgruppen,Schulpflichtige (6 bis 14 Jahre),2004,200409,88050,87660,0.13,0.44,87750,2004-09-01,9,2004
2134,Altersgruppen,Schulpflichtige (6 bis 14 Jahre),2004,200410,88195,87687,0.16,0.58,87792,2004-10-01,10,2004
2135,Altersgruppen,Schulpflichtige (6 bis 14 Jahre),2004,200411,88214,87687,0.02,0.6,87836,2004-11-01,11,2004
2136,Altersgruppen,Schulpflichtige (6 bis 14 Jahre),2004,200412,88136,87599,-0.09,0.61,87881,2004-12-01,12,2004
2137,Altersgruppen,Schulpflichtige (6 bis 14 Jahre),2003,200301,86909,86233,0.06,0.78,86541,2003-01-01,1,2003
2138,Altersgruppen,Schulpflichtige (6 bis 14 Jahre),2003,200302,86974,86347,0.07,0.73,86593,2003-02-01,2,2003
2139,Altersgruppen,Schulpflichtige (6 bis 14 Jahre),2003,200303,87002,86423,0.03,0.67,86641,2003-03-01,3,2003
2140,Altersgruppen,Schulpflichtige (6 bis 14 Jahre),2003,200304,87085,86431,0.1,0.76,86696,2003-04-01,4,2003
2141,Altersgruppen,Schulpflichtige (6 bis 14 Jahre),2003,200305,87170,86357,0.1,0.94,86764,2003-05-01,5,2003
2142,Altersgruppen,Schulpflichtige (6 bis 14 Jahre),2003,200306,87256,86355,0.1,1.04,86839,2003-06-01,6,2003
2143,Altersgruppen,Schulpflichtige (6 bis 14 Jahre),2003,200307,87450,86403,0.22,1.21,86926,2003-07-01,7,2003
2144,Altersgruppen,Schulpflichtige (6 bis 14 Jahre),2003,200308,87475,86463,0.03,1.17,87010,2003-08-01,8,2003
2145,Altersgruppen,Schulpflichtige (6 bis 14 Jahre),2003,200309,87660,86596,0.21,1.23,87099,2003-09-01,9,2003
2146,Altersgruppen,Schulpflichtige (6 bis 14 Jahre),2003,200310,87687,86655,0.03,1.19,87185,2003-10-01,10,2003
2147,Altersgruppen,Schulpflichtige (6 bis 14 Jahre),2003,200311,87687,86693,0,1.15,87268,2003-11-01,11,2003
2148,Altersgruppen,Schulpflichtige (6 bis 14 Jahre),2003,200312,87599,86859,-0.1,0.85,87330,2003-12-01,12,2003
2149,Altersgruppen,Schulpflichtige (6 bis 14 Jahre),2002,200201,86233,85355,0.1,1.03,85748,2002-01-01,1,2002
2150,Altersgruppen,Schulpflichtige (6 bis 14 Jahre),2002,200202,86347,85408,0.13,1.1,85826,2002-02-01,2,2002
2151,Altersgruppen,Schulpflichtige (6 bis 14 Jahre),2002,200203,86423,85427,0.09,1.17,85909,2002-03-01,3,2002
2152,Altersgruppen,Schulpflichtige (6 bis 14 Jahre),2002,200204,86431,85381,0.01,1.23,85997,2002-04-01,4,2002
2153,Altersgruppen,Schulpflichtige (6 bis 14 Jahre),2002,200205,86357,85461,-0.09,1.05,86071,2002-05-01,5,2002
2154,Altersgruppen,Schulpflichtige (6 bis 14 Jahre),2002,200206,86355,85492,0,1.01,86143,2002-06-01,6,2002
2155,Altersgruppen,Schulpflichtige (6 bis 14 Jahre),2002,200207,86403,85647,0.06,0.88,86206,2002-07-01,7,2002
2156,Altersgruppen,Schulpflichtige (6 bis 14 Jahre),2002,200208,86463,85751,0.07,0.83,86266,2002-08-01,8,2002
2157,Altersgruppen,Schulpflichtige (6 bis 14 Jahre),2002,200209,86596,85843,0.15,0.88,86328,2002-09-01,9,2002
2158,Altersgruppen,Schulpflichtige (6 bis 14 Jahre),2002,200210,86655,86041,0.07,0.71,86380,2002-10-01,10,2002
2159,Altersgruppen,Schulpflichtige (6 bis 14 Jahre),2002,200211,86693,86146,0.04,0.63,86425,2002-11-01,11,2002
2160,Altersgruppen,Schulpflichtige (6 bis 14 Jahre),2002,200212,86859,86145,0.19,0.83,86485,2002-12-01,12,2002
2161,Altersgruppen,Schulpflichtige (6 bis 14 Jahre),2001,200101,85355,84535,0.11,0.97,84939,2001-01-01,1,2001
2162,Altersgruppen,Schulpflichtige (6 bis 14 Jahre),2001,200102,85408,84618,0.06,0.93,85005,2001-02-01,2,2001
2163,Altersgruppen,Schulpflichtige (6 bis 14 Jahre),2001,200103,85427,84658,0.02,0.91,85069,2001-03-01,3,2001
2164,Altersgruppen,Schulpflichtige (6 bis 14 Jahre),2001,200104,85381,84686,-0.05,0.82,85127,2001-04-01,4,2001
2165,Altersgruppen,Schulpflichtige (6 bis 14 Jahre),2001,200105,85461,84743,0.09,0.85,85186,2001-05-01,5,2001
2166,Altersgruppen,Schulpflichtige (6 bis 14 Jahre),2001,200106,85492,84813,0.04,0.8,85243,2001-06-01,6,2001
2167,Altersgruppen,Schulpflichtige (6 bis 14 Jahre),2001,200107,85647,84860,0.18,0.93,85309,2001-07-01,7,2001
2168,Altersgruppen,Schulpflichtige (6 bis 14 Jahre),2001,200108,85751,84980,0.12,0.91,85373,2001-08-01,8,2001
2169,Altersgruppen,Schulpflichtige (6 bis 14 Jahre),2001,200109,85843,85069,0.11,0.91,85437,2001-09-01,9,2001
2170,Altersgruppen,Schulpflichtige (6 bis 14 Jahre),2001,200110,86041,85011,0.23,1.21,85523,2001-10-01,10,2001
2171,Altersgruppen,Schulpflichtige (6 bis 14 Jahre),2001,200111,86146,85208,0.12,1.1,85601,2001-11-01,11,2001
2172,Altersgruppen,Schulpflichtige (6 bis 14 Jahre),2001,200112,86145,85263,0,1.03,85675,2001-12-01,12,2001
2173,Altersgruppen,Schulpflichtige (6 bis 14 Jahre),2000,200001,84535,NA,0.04,NA,84535,2000-01-01,1,2000
2174,Altersgruppen,Schulpflichtige (6 bis 14 Jahre),2000,200002,84618,NA,0.1,NA,84577,2000-02-01,2,2000
2175,Altersgruppen,Schulpflichtige (6 bis 14 Jahre),2000,200003,84658,NA,0.05,NA,84604,2000-03-01,3,2000
2176,Altersgruppen,Schulpflichtige (6 bis 14 Jahre),2000,200004,84686,NA,0.03,NA,84624,2000-04-01,4,2000
2177,Altersgruppen,Schulpflichtige (6 bis 14 Jahre),2000,200005,84743,NA,0.07,NA,84648,2000-05-01,5,2000
2178,Altersgruppen,Schulpflichtige (6 bis 14 Jahre),2000,200006,84813,NA,0.08,NA,84676,2000-06-01,6,2000
2179,Altersgruppen,Schulpflichtige (6 bis 14 Jahre),2000,200007,84860,NA,0.06,NA,84702,2000-07-01,7,2000
2180,Altersgruppen,Schulpflichtige (6 bis 14 Jahre),2000,200008,84980,84492,0.14,0.58,84737,2000-08-01,8,2000
2181,Altersgruppen,Schulpflichtige (6 bis 14 Jahre),2000,200009,85069,84462,0.1,0.72,84774,2000-09-01,9,2000
2182,Altersgruppen,Schulpflichtige (6 bis 14 Jahre),2000,200010,85011,84499,-0.07,0.61,84797,2000-10-01,10,2000
2183,Altersgruppen,Schulpflichtige (6 bis 14 Jahre),2000,200011,85208,84512,0.23,0.82,84835,2000-11-01,11,2000
2184,Altersgruppen,Schulpflichtige (6 bis 14 Jahre),2000,200012,85263,84505,0.06,0.9,84870,2000-12-01,12,2000
2185,Altersgruppen,Strafmündige (14 Jahre und älter),2025,202501,1408454,1391503,0.01,1.22,1401057,2025-01-01,1,2025
2186,Altersgruppen,Strafmündige (14 Jahre und älter),2025,202502,1409428,1393305,0.07,1.16,1402400,2025-02-01,2,2025
2187,Altersgruppen,Strafmündige (14 Jahre und älter),2025,202503,1409849,1394607,0.03,1.09,1403671,2025-03-01,3,2025
2188,Altersgruppen,Strafmündige (14 Jahre und älter),2025,202504,1409726,1396497,-0.01,0.95,1404773,2025-04-01,4,2025
2189,Altersgruppen,Strafmündige (14 Jahre und älter),2025,202505,1410368,1398289,0.05,0.86,1405780,2025-05-01,5,2025
2190,Altersgruppen,Strafmündige (14 Jahre und älter),2025,202506,1410597,1399130,0.02,0.82,1406735,2025-06-01,6,2025
2191,Altersgruppen,Strafmündige (14 Jahre und älter),2025,202507,1410741,1399508,0.01,0.8,1407671,2025-07-01,7,2025
2192,Altersgruppen,Strafmündige (14 Jahre und älter),2025,202508,1410482,1398904,-0.02,0.83,1408636,2025-08-01,8,2025
2193,Altersgruppen,Strafmündige (14 Jahre und älter),2025,202509,NA,1401256,NA,NA,NA,2025-09-01,9,2025
2194,Altersgruppen,Strafmündige (14 Jahre und älter),2025,202510,NA,1405993,NA,NA,NA,2025-10-01,10,2025
2195,Altersgruppen,Strafmündige (14 Jahre und älter),2025,202511,NA,1408461,NA,NA,NA,2025-11-01,11,2025
2196,Altersgruppen,Strafmündige (14 Jahre und älter),2025,202512,NA,1408277,NA,NA,NA,2025-12-01,12,2025
2197,Altersgruppen,Strafmündige (14 Jahre und älter),2024,202401,1391503,1391845,-0.09,-0.02,1388342,2024-01-01,1,2024
2198,Altersgruppen,Strafmündige (14 Jahre und älter),2024,202402,1393305,1392547,0.13,0.05,1388405,2024-02-01,2,2024
2199,Altersgruppen,Strafmündige (14 Jahre und älter),2024,202403,1394607,1392981,0.09,0.12,1388541,2024-03-01,3,2024
2200,Altersgruppen,Strafmündige (14 Jahre und älter),2024,202404,1396497,1393856,0.14,0.19,1388761,2024-04-01,4,2024
2201,Altersgruppen,Strafmündige (14 Jahre und älter),2024,202405,1398289,1381591,0.13,1.21,1390152,2024-05-01,5,2024
2202,Altersgruppen,Strafmündige (14 Jahre und älter),2024,202406,1399130,1381940,0.06,1.24,1391585,2024-06-01,6,2024
2203,Altersgruppen,Strafmündige (14 Jahre und älter),2024,202407,1399508,1382570,0.03,1.23,1392996,2024-07-01,7,2024
2204,Altersgruppen,Strafmündige (14 Jahre und älter),2024,202408,1398904,1382529,-0.04,1.18,1394361,2024-08-01,8,2024
2205,Altersgruppen,Strafmündige (14 Jahre und älter),2024,202409,1401256,1385654,0.17,1.13,1395661,2024-09-01,9,2024
2206,Altersgruppen,Strafmündige (14 Jahre und älter),2024,202410,1405993,1390051,0.34,1.15,1396990,2024-10-01,10,2024
2207,Altersgruppen,Strafmündige (14 Jahre und älter),2024,202411,1408461,1392109,0.18,1.17,1398352,2024-11-01,11,2024
2208,Altersgruppen,Strafmündige (14 Jahre und älter),2024,202412,1408277,1392773,-0.01,1.11,1399644,2024-12-01,12,2024
2209,Altersgruppen,Strafmündige (14 Jahre und älter),2023,202301,1391845,1368922,0.05,1.67,1384441,2023-01-01,1,2023
2210,Altersgruppen,Strafmündige (14 Jahre und älter),2023,202302,1392547,1369870,0.05,1.66,1386331,2023-02-01,2,2023
2211,Altersgruppen,Strafmündige (14 Jahre und älter),2023,202303,1392981,1377825,0.03,1.1,1387594,2023-03-01,3,2023
2212,Altersgruppen,Strafmündige (14 Jahre und älter),2023,202304,1393856,1382330,0.06,0.83,1388554,2023-04-01,4,2023
2213,Altersgruppen,Strafmündige (14 Jahre und älter),2023,202305,1381591,1384571,-0.88,-0.22,1388306,2023-05-01,5,2023
2214,Altersgruppen,Strafmündige (14 Jahre und älter),2023,202306,1381940,1385760,0.03,-0.28,1387988,2023-06-01,6,2023
2215,Altersgruppen,Strafmündige (14 Jahre und älter),2023,202307,1382570,1387277,0.05,-0.34,1387595,2023-07-01,7,2023
2216,Altersgruppen,Strafmündige (14 Jahre und älter),2023,202308,1382529,1381830,0,0.05,1387654,2023-08-01,8,2023
2217,Altersgruppen,Strafmündige (14 Jahre und älter),2023,202309,1385654,1383402,0.23,0.16,1387841,2023-09-01,9,2023
2218,Altersgruppen,Strafmündige (14 Jahre und älter),2023,202310,1390051,1387803,0.32,0.16,1388029,2023-10-01,10,2023
2219,Altersgruppen,Strafmündige (14 Jahre und älter),2023,202311,1392109,1389681,0.15,0.17,1388231,2023-11-01,11,2023
2220,Altersgruppen,Strafmündige (14 Jahre und älter),2023,202312,1392773,1391097,0.05,0.12,1388371,2023-12-01,12,2023
2221,Altersgruppen,Strafmündige (14 Jahre und älter),2022,202201,1368922,1369356,0.06,-0.03,1368759,2022-01-01,1,2022
2222,Altersgruppen,Strafmündige (14 Jahre und älter),2022,202202,1369870,1368831,0.07,0.08,1368845,2022-02-01,2,2022
2223,Altersgruppen,Strafmündige (14 Jahre und älter),2022,202203,1377825,1368001,0.58,0.72,1369664,2022-03-01,3,2022
2224,Altersgruppen,Strafmündige (14 Jahre und älter),2022,202204,1382330,1368461,0.33,1.01,1370820,2022-04-01,4,2022
2225,Altersgruppen,Strafmündige (14 Jahre und älter),2022,202205,1384571,1368305,0.16,1.19,1372175,2022-05-01,5,2022
2226,Altersgruppen,Strafmündige (14 Jahre und älter),2022,202206,1385760,1368015,0.09,1.3,1373654,2022-06-01,6,2022
2227,Altersgruppen,Strafmündige (14 Jahre und älter),2022,202207,1387277,1368282,0.11,1.39,1375237,2022-07-01,7,2022
2228,Altersgruppen,Strafmündige (14 Jahre und älter),2022,202208,1381830,1367474,-0.39,1.05,1376433,2022-08-01,8,2022
2229,Altersgruppen,Strafmündige (14 Jahre und älter),2022,202209,1383402,1370642,0.11,0.93,1377496,2022-09-01,9,2022
2230,Altersgruppen,Strafmündige (14 Jahre und älter),2022,202210,1387803,1369727,0.32,1.32,1379003,2022-10-01,10,2022
2231,Altersgruppen,Strafmündige (14 Jahre und älter),2022,202211,1389681,1370364,0.14,1.41,1380613,2022-11-01,11,2022
2232,Altersgruppen,Strafmündige (14 Jahre und älter),2022,202212,1391097,1368079,0.1,1.68,1382531,2022-12-01,12,2022
2233,Altersgruppen,Strafmündige (14 Jahre und älter),2021,202101,1369356,1368931,0,0.03,1368061,2021-01-01,1,2021
2234,Altersgruppen,Strafmündige (14 Jahre und älter),2021,202102,1368831,1369705,-0.04,-0.06,1367988,2021-02-01,2,2021
2235,Altersgruppen,Strafmündige (14 Jahre und älter),2021,202103,1368001,1369444,-0.06,-0.11,1367868,2021-03-01,3,2021
2236,Altersgruppen,Strafmündige (14 Jahre und älter),2021,202104,1368461,1369102,0.03,-0.05,1367814,2021-04-01,4,2021
2237,Altersgruppen,Strafmündige (14 Jahre und älter),2021,202105,1368305,1367216,-0.01,0.08,1367905,2021-05-01,5,2021
2238,Altersgruppen,Strafmündige (14 Jahre und älter),2021,202106,1368015,1366309,-0.02,0.12,1368047,2021-06-01,6,2021
2239,Altersgruppen,Strafmündige (14 Jahre und älter),2021,202107,1368282,1365986,0.02,0.17,1368239,2021-07-01,7,2021
2240,Altersgruppen,Strafmündige (14 Jahre und älter),2021,202108,1367474,1365199,-0.06,0.17,1368428,2021-08-01,8,2021
2241,Altersgruppen,Strafmündige (14 Jahre und älter),2021,202109,1370642,1365805,0.23,0.35,1368831,2021-09-01,9,2021
2242,Altersgruppen,Strafmündige (14 Jahre und älter),2021,202110,1369727,1369077,-0.07,0.05,1368885,2021-10-01,10,2021
2243,Altersgruppen,Strafmündige (14 Jahre und älter),2021,202111,1370364,1370207,0.05,0.01,1368898,2021-11-01,11,2021
2244,Altersgruppen,Strafmündige (14 Jahre und älter),2021,202112,1368079,1369323,-0.17,-0.09,1368795,2021-12-01,12,2021
2245,Altersgruppen,Strafmündige (14 Jahre und älter),2020,202001,1368931,1353535,0.03,1.14,1361013,2020-01-01,1,2020
2246,Altersgruppen,Strafmündige (14 Jahre und älter),2020,202002,1369705,1354220,0.06,1.14,1362303,2020-02-01,2,2020
2247,Altersgruppen,Strafmündige (14 Jahre und älter),2020,202003,1369444,1354716,-0.02,1.09,1363531,2020-03-01,3,2020
2248,Altersgruppen,Strafmündige (14 Jahre und älter),2020,202004,1369102,1357021,-0.02,0.89,1364537,2020-04-01,4,2020
2249,Altersgruppen,Strafmündige (14 Jahre und älter),2020,202005,1367216,1357327,-0.14,0.73,1365361,2020-05-01,5,2020
2250,Altersgruppen,Strafmündige (14 Jahre und älter),2020,202006,1366309,1358195,-0.07,0.6,1366038,2020-06-01,6,2020
2251,Altersgruppen,Strafmündige (14 Jahre und älter),2020,202007,1365986,1358679,-0.02,0.54,1366647,2020-07-01,7,2020
2252,Altersgruppen,Strafmündige (14 Jahre und älter),2020,202008,1365199,1358463,-0.06,0.5,1367208,2020-08-01,8,2020
2253,Altersgruppen,Strafmündige (14 Jahre und älter),2020,202009,1365805,1361772,0.04,0.3,1367544,2020-09-01,9,2020
2254,Altersgruppen,Strafmündige (14 Jahre und älter),2020,202010,1369077,1366494,0.24,0.19,1367759,2020-10-01,10,2020
2255,Altersgruppen,Strafmündige (14 Jahre und älter),2020,202011,1370207,1367832,0.08,0.17,1367957,2020-11-01,11,2020
2256,Altersgruppen,Strafmündige (14 Jahre und älter),2020,202012,1369323,1368504,-0.06,0.06,1368025,2020-12-01,12,2020
2257,Altersgruppen,Strafmündige (14 Jahre und älter),2019,201901,1353535,1339324,0.02,1.06,1346850,2019-01-01,1,2019
2258,Altersgruppen,Strafmündige (14 Jahre und älter),2019,201902,1354220,1340302,0.05,1.04,1348115,2019-02-01,2,2019
2259,Altersgruppen,Strafmündige (14 Jahre und älter),2019,201903,1354716,1341168,0.04,1.01,1349347,2019-03-01,3,2019
2260,Altersgruppen,Strafmündige (14 Jahre und älter),2019,201904,1357021,1342491,0.17,1.08,1350668,2019-04-01,4,2019
2261,Altersgruppen,Strafmündige (14 Jahre und älter),2019,201905,1357327,NA,0.02,NA,1351223,2019-05-01,5,2019
2262,Altersgruppen,Strafmündige (14 Jahre und älter),2019,201906,1358195,1344270,0.06,1.04,1352383,2019-06-01,6,2019
2263,Altersgruppen,Strafmündige (14 Jahre und älter),2019,201907,1358679,1344766,0.04,1.03,1353543,2019-07-01,7,2019
2264,Altersgruppen,Strafmündige (14 Jahre und älter),2019,201908,1358463,1344809,-0.02,1.02,1354681,2019-08-01,8,2019
2265,Altersgruppen,Strafmündige (14 Jahre und älter),2019,201909,1361772,1347215,0.24,1.08,1355894,2019-09-01,9,2019
2266,Altersgruppen,Strafmündige (14 Jahre und älter),2019,201910,1366494,1350658,0.35,1.17,1357213,2019-10-01,10,2019
2267,Altersgruppen,Strafmündige (14 Jahre und älter),2019,201911,1367832,1352930,0.1,1.1,1358455,2019-11-01,11,2019
2268,Altersgruppen,Strafmündige (14 Jahre und älter),2019,201912,1368504,1353208,0.05,1.13,1359730,2019-12-01,12,2019
2269,Altersgruppen,Strafmündige (14 Jahre und älter),2018,201801,1339324,1360087,-0.05,-1.53,1353928,2018-01-01,1,2018
2270,Altersgruppen,Strafmündige (14 Jahre und älter),2018,201802,1340302,1359823,0.07,-1.44,1352301,2018-02-01,2,2018
2271,Altersgruppen,Strafmündige (14 Jahre und älter),2018,201803,1341168,1360899,0.06,-1.45,1350657,2018-03-01,3,2018
2272,Altersgruppen,Strafmündige (14 Jahre und älter),2018,201804,1342491,1362448,0.1,-1.46,1348994,2018-04-01,4,2018
2273,Altersgruppen,Strafmündige (14 Jahre und älter),2018,201805,NA,1363352,NA,NA,NA,2018-05-01,5,2018
2274,Altersgruppen,Strafmündige (14 Jahre und älter),2018,201806,1344270,1363370,NA,-1.4,1345952,2018-06-01,6,2018
2275,Altersgruppen,Strafmündige (14 Jahre und älter),2018,201807,1344766,1361394,0.04,-1.22,1344441,2018-07-01,7,2018
2276,Altersgruppen,Strafmündige (14 Jahre und älter),2018,201808,1344809,1355218,0,-0.77,1343495,2018-08-01,8,2018
2277,Altersgruppen,Strafmündige (14 Jahre und älter),2018,201809,1347215,1346772,0.18,0.03,1343535,2018-09-01,9,2018
2278,Altersgruppen,Strafmündige (14 Jahre und älter),2018,201810,1350658,1348848,0.26,0.13,1343699,2018-10-01,10,2018
2279,Altersgruppen,Strafmündige (14 Jahre und älter),2018,201811,1352930,1345646,0.17,0.54,1344362,2018-11-01,11,2018
2280,Altersgruppen,Strafmündige (14 Jahre und älter),2018,201812,1353208,1340044,0.02,0.98,1345558,2018-12-01,12,2018
2281,Altersgruppen,Strafmündige (14 Jahre und älter),2017,201701,1360087,1344542,0.06,1.16,1353529,2017-01-01,1,2017
2282,Altersgruppen,Strafmündige (14 Jahre und älter),2017,201702,1359823,1346251,-0.02,1.01,1354660,2017-02-01,2,2017
2283,Altersgruppen,Strafmündige (14 Jahre und älter),2017,201703,1360899,1346968,0.08,1.03,1355821,2017-03-01,3,2017
2284,Altersgruppen,Strafmündige (14 Jahre und älter),2017,201704,1362448,1348748,0.11,1.02,1356963,2017-04-01,4,2017
2285,Altersgruppen,Strafmündige (14 Jahre und älter),2017,201705,1363352,1349891,0.07,1,1358085,2017-05-01,5,2017
2286,Altersgruppen,Strafmündige (14 Jahre und älter),2017,201706,1363370,1350657,0,0.94,1359144,2017-06-01,6,2017
2287,Altersgruppen,Strafmündige (14 Jahre und älter),2017,201707,1361394,1352566,-0.14,0.65,1359880,2017-07-01,7,2017
2288,Altersgruppen,Strafmündige (14 Jahre und älter),2017,201708,1355218,1352672,-0.45,0.19,1360092,2017-08-01,8,2017
2289,Altersgruppen,Strafmündige (14 Jahre und älter),2017,201709,1346772,1355385,-0.62,-0.64,1359374,2017-09-01,9,2017
2290,Altersgruppen,Strafmündige (14 Jahre und älter),2017,201710,1348848,1359636,0.15,-0.79,1358475,2017-10-01,10,2017
2291,Altersgruppen,Strafmündige (14 Jahre und älter),2017,201711,1345646,1360237,-0.24,-1.07,1357259,2017-11-01,11,2017
2292,Altersgruppen,Strafmündige (14 Jahre und älter),2017,201712,1340044,1359252,-0.42,-1.41,1355658,2017-12-01,12,2017
2293,Altersgruppen,Strafmündige (14 Jahre und älter),2016,201601,1344542,1319536,0.12,1.9,1332284,2016-01-01,1,2016
2294,Altersgruppen,Strafmündige (14 Jahre und älter),2016,201602,1346251,1320352,0.13,1.96,1334443,2016-02-01,2,2016
2295,Altersgruppen,Strafmündige (14 Jahre und älter),2016,201603,1346968,1322334,0.05,1.86,1336495,2016-03-01,3,2016
2296,Altersgruppen,Strafmündige (14 Jahre und älter),2016,201604,1348748,1324241,0.13,1.85,1338538,2016-04-01,4,2016
2297,Altersgruppen,Strafmündige (14 Jahre und älter),2016,201605,1349891,1326020,0.08,1.8,1340527,2016-05-01,5,2016
2298,Altersgruppen,Strafmündige (14 Jahre und älter),2016,201606,1350657,1327898,0.06,1.71,1342424,2016-06-01,6,2016
2299,Altersgruppen,Strafmündige (14 Jahre und älter),2016,201607,1352566,1329741,0.14,1.72,1344326,2016-07-01,7,2016
2300,Altersgruppen,Strafmündige (14 Jahre und älter),2016,201608,1352672,1331380,0.01,1.6,1346100,2016-08-01,8,2016
2301,Altersgruppen,Strafmündige (14 Jahre und älter),2016,201609,1355385,1335613,0.2,1.48,1347748,2016-09-01,9,2016
2302,Altersgruppen,Strafmündige (14 Jahre und älter),2016,201610,1359636,1340129,0.31,1.46,1349373,2016-10-01,10,2016
2303,Altersgruppen,Strafmündige (14 Jahre und älter),2016,201611,1360237,1342194,0.04,1.34,1350877,2016-11-01,11,2016
2304,Altersgruppen,Strafmündige (14 Jahre und älter),2016,201612,1359252,1342968,-0.07,1.21,1352234,2016-12-01,12,2016
2305,Altersgruppen,Strafmündige (14 Jahre und älter),2015,201501,1319536,1296833,0.14,1.75,1309077,2015-01-01,1,2015
2306,Altersgruppen,Strafmündige (14 Jahre und älter),2015,201502,1320352,1298242,0.06,1.7,1310919,2015-02-01,2,2015
2307,Altersgruppen,Strafmündige (14 Jahre und älter),2015,201503,1322334,1300490,0.15,1.68,1312740,2015-03-01,3,2015
2308,Altersgruppen,Strafmündige (14 Jahre und älter),2015,201504,1324241,1302348,0.14,1.68,1314564,2015-04-01,4,2015
2309,Altersgruppen,Strafmündige (14 Jahre und älter),2015,201505,1326020,1303858,0.13,1.7,1316411,2015-05-01,5,2015
2310,Altersgruppen,Strafmündige (14 Jahre und älter),2015,201506,1327898,1304808,0.14,1.77,1318335,2015-06-01,6,2015
2311,Altersgruppen,Strafmündige (14 Jahre und älter),2015,201507,1329741,1306498,0.14,1.78,1320272,2015-07-01,7,2015
2312,Altersgruppen,Strafmündige (14 Jahre und älter),2015,201508,1331380,1308155,0.12,1.78,1322208,2015-08-01,8,2015
2313,Altersgruppen,Strafmündige (14 Jahre und älter),2015,201509,1335613,1312333,0.32,1.77,1324148,2015-09-01,9,2015
2314,Altersgruppen,Strafmündige (14 Jahre und älter),2015,201510,1340129,1316672,0.34,1.78,1326102,2015-10-01,10,2015
2315,Altersgruppen,Strafmündige (14 Jahre und älter),2015,201511,1342194,1318256,0.15,1.82,1328097,2015-11-01,11,2015
2316,Altersgruppen,Strafmündige (14 Jahre und älter),2015,201512,1342968,1317727,0.06,1.92,1330201,2015-12-01,12,2015
2317,Altersgruppen,Strafmündige (14 Jahre und älter),2014,201401,1296833,1274539,0.07,1.75,1286635,2014-01-01,1,2014
2318,Altersgruppen,Strafmündige (14 Jahre und älter),2014,201402,1298242,1275629,0.11,1.77,1288520,2014-02-01,2,2014
2319,Altersgruppen,Strafmündige (14 Jahre und älter),2014,201403,1300490,1276818,0.17,1.85,1290492,2014-03-01,3,2014
2320,Altersgruppen,Strafmündige (14 Jahre und älter),2014,201404,1302348,1279688,0.14,1.77,1292381,2014-04-01,4,2014
2321,Altersgruppen,Strafmündige (14 Jahre und älter),2014,201405,1303858,1280850,0.12,1.8,1294298,2014-05-01,5,2014
2322,Altersgruppen,Strafmündige (14 Jahre und älter),2014,201406,1304808,1282600,0.07,1.73,1296149,2014-06-01,6,2014
2323,Altersgruppen,Strafmündige (14 Jahre und älter),2014,201407,1306498,1284841,0.13,1.69,1297954,2014-07-01,7,2014
2324,Altersgruppen,Strafmündige (14 Jahre und älter),2014,201408,1308155,1285951,0.13,1.73,1299804,2014-08-01,8,2014
2325,Altersgruppen,Strafmündige (14 Jahre und älter),2014,201409,1312333,1290161,0.32,1.72,1301652,2014-09-01,9,2014
2326,Altersgruppen,Strafmündige (14 Jahre und älter),2014,201410,1316672,1294552,0.33,1.71,1303495,2014-10-01,10,2014
2327,Altersgruppen,Strafmündige (14 Jahre und älter),2014,201411,1318256,1295806,0.12,1.73,1305366,2014-11-01,11,2014
2328,Altersgruppen,Strafmündige (14 Jahre und älter),2014,201412,1317727,1295895,-0.04,1.68,1307185,2014-12-01,12,2014
2329,Altersgruppen,Strafmündige (14 Jahre und älter),2013,201301,1274539,1250943,0.05,1.89,1264183,2013-01-01,1,2013
2330,Altersgruppen,Strafmündige (14 Jahre und älter),2013,201302,1275629,1252304,0.09,1.86,1266127,2013-02-01,2,2013
2331,Altersgruppen,Strafmündige (14 Jahre und älter),2013,201303,1276818,1254010,0.09,1.82,1268027,2013-03-01,3,2013
2332,Altersgruppen,Strafmündige (14 Jahre und älter),2013,201304,1279688,1256462,0.22,1.85,1269963,2013-04-01,4,2013
2333,Altersgruppen,Strafmündige (14 Jahre und älter),2013,201305,1280850,1261081,0.09,1.57,1271610,2013-05-01,5,2013
2334,Altersgruppen,Strafmündige (14 Jahre und älter),2013,201306,1282600,1260260,0.14,1.77,1273472,2013-06-01,6,2013
2335,Altersgruppen,Strafmündige (14 Jahre und älter),2013,201307,1284841,1262547,0.17,1.77,1275330,2013-07-01,7,2013
2336,Altersgruppen,Strafmündige (14 Jahre und älter),2013,201308,1285951,1263366,0.09,1.79,1277212,2013-08-01,8,2013
2337,Altersgruppen,Strafmündige (14 Jahre und älter),2013,201309,1290161,1266816,0.33,1.84,1279157,2013-09-01,9,2013
2338,Altersgruppen,Strafmündige (14 Jahre und älter),2013,201310,1294552,1271788,0.34,1.79,1281054,2013-10-01,10,2013
2339,Altersgruppen,Strafmündige (14 Jahre und älter),2013,201311,1295806,1273091,0.1,1.78,1282947,2013-11-01,11,2013
2340,Altersgruppen,Strafmündige (14 Jahre und älter),2013,201312,1295895,1273931,0.01,1.72,1284778,2013-12-01,12,2013
2341,Altersgruppen,Strafmündige (14 Jahre und älter),2012,201201,1250943,1224519,0.21,2.16,1238137,2012-01-01,1,2012
2342,Altersgruppen,Strafmündige (14 Jahre und älter),2012,201202,1252304,1225794,0.11,2.16,1240346,2012-02-01,2,2012
2343,Altersgruppen,Strafmündige (14 Jahre und älter),2012,201203,1254010,1227500,0.14,2.16,1242556,2012-03-01,3,2012
2344,Altersgruppen,Strafmündige (14 Jahre und älter),2012,201204,1256462,1229621,0.2,2.18,1244792,2012-04-01,4,2012
2345,Altersgruppen,Strafmündige (14 Jahre und älter),2012,201205,1261081,1232094,0.37,2.35,1247208,2012-05-01,5,2012
2346,Altersgruppen,Strafmündige (14 Jahre und älter),2012,201206,1260260,1234172,-0.07,2.11,1249382,2012-06-01,6,2012
2347,Altersgruppen,Strafmündige (14 Jahre und älter),2012,201207,1262547,1236464,0.18,2.11,1251555,2012-07-01,7,2012
2348,Altersgruppen,Strafmündige (14 Jahre und älter),2012,201208,1263366,1237474,0.06,2.09,1253713,2012-08-01,8,2012
2349,Altersgruppen,Strafmündige (14 Jahre und älter),2012,201209,1266816,1240920,0.27,2.09,1255871,2012-09-01,9,2012
2350,Altersgruppen,Strafmündige (14 Jahre und älter),2012,201210,1271788,1246307,0.39,2.04,1257995,2012-10-01,10,2012
2351,Altersgruppen,Strafmündige (14 Jahre und älter),2012,201211,1273091,1248073,0.1,2,1260079,2012-11-01,11,2012
2352,Altersgruppen,Strafmündige (14 Jahre und älter),2012,201212,1273931,1248284,0.07,2.05,1262217,2012-12-01,12,2012
2353,Altersgruppen,Strafmündige (14 Jahre und älter),2011,201101,1224519,1208245,0.12,1.35,1214952,2011-01-01,1,2011
2354,Altersgruppen,Strafmündige (14 Jahre und älter),2011,201102,1225794,1208243,0.1,1.45,1216415,2011-02-01,2,2011
2355,Altersgruppen,Strafmündige (14 Jahre und älter),2011,201103,1227500,1208664,0.14,1.56,1217985,2011-03-01,3,2011
2356,Altersgruppen,Strafmündige (14 Jahre und älter),2011,201104,1229621,1209785,0.17,1.64,1219638,2011-04-01,4,2011
2357,Altersgruppen,Strafmündige (14 Jahre und älter),2011,201105,1232094,1211477,0.2,1.7,1221356,2011-05-01,5,2011
2358,Altersgruppen,Strafmündige (14 Jahre und älter),2011,201106,1234172,1209400,0.17,2.05,1223420,2011-06-01,6,2011
2359,Altersgruppen,Strafmündige (14 Jahre und älter),2011,201107,1236464,1211276,0.19,2.08,1225519,2011-07-01,7,2011
2360,Altersgruppen,Strafmündige (14 Jahre und älter),2011,201108,1237474,1213702,0.08,1.96,1227500,2011-08-01,8,2011
2361,Altersgruppen,Strafmündige (14 Jahre und älter),2011,201109,1240920,1216098,0.28,2.04,1229569,2011-09-01,9,2011
2362,Altersgruppen,Strafmündige (14 Jahre und älter),2011,201110,1246307,1220715,0.43,2.1,1231701,2011-10-01,10,2011
2363,Altersgruppen,Strafmündige (14 Jahre und älter),2011,201111,1248073,1222512,0.14,2.09,1233831,2011-11-01,11,2011
2364,Altersgruppen,Strafmündige (14 Jahre und älter),2011,201112,1248284,1223038,0.02,2.06,1235935,2011-12-01,12,2011
2365,Altersgruppen,Strafmündige (14 Jahre und älter),2010,201001,1208245,1214201,0.04,-0.49,1203796,2010-01-01,1,2010
2366,Altersgruppen,Strafmündige (14 Jahre und älter),2010,201002,1208243,1210448,0,-0.18,1203612,2010-02-01,2,2010
2367,Altersgruppen,Strafmündige (14 Jahre und älter),2010,201003,1208664,1197170,0.03,0.96,1204570,2010-03-01,3,2010
2368,Altersgruppen,Strafmündige (14 Jahre und älter),2010,201004,1209785,1197470,0.09,1.03,1205597,2010-04-01,4,2010
2369,Altersgruppen,Strafmündige (14 Jahre und älter),2010,201005,1211477,1198400,0.14,1.09,1206686,2010-05-01,5,2010
2370,Altersgruppen,Strafmündige (14 Jahre und älter),2010,201006,1209400,1200092,-0.17,0.78,1207462,2010-06-01,6,2010
2371,Altersgruppen,Strafmündige (14 Jahre und älter),2010,201007,1211276,1201415,0.16,0.82,1208284,2010-07-01,7,2010
2372,Altersgruppen,Strafmündige (14 Jahre und älter),2010,201008,1213702,1202848,0.2,0.9,1209188,2010-08-01,8,2010
2373,Altersgruppen,Strafmündige (14 Jahre und älter),2010,201009,1216098,1205116,0.2,0.91,1210103,2010-09-01,9,2010
2374,Altersgruppen,Strafmündige (14 Jahre und älter),2010,201010,1220715,1208622,0.38,1,1211111,2010-10-01,10,2010
2375,Altersgruppen,Strafmündige (14 Jahre und älter),2010,201011,1222512,1207936,0.15,1.21,1212326,2010-11-01,11,2010
2376,Altersgruppen,Strafmündige (14 Jahre und älter),2010,201012,1223038,1207792,0.04,1.26,1213596,2010-12-01,12,2010
2377,Altersgruppen,Strafmündige (14 Jahre und älter),2009,200901,1214201,1199773,0.12,1.2,1205898,2009-01-01,1,2009
2378,Altersgruppen,Strafmündige (14 Jahre und älter),2009,200902,1210448,1199621,-0.31,0.9,1206800,2009-02-01,2,2009
2379,Altersgruppen,Strafmündige (14 Jahre und älter),2009,200903,1197170,1201692,-1.1,-0.38,1206423,2009-03-01,3,2009
2380,Altersgruppen,Strafmündige (14 Jahre und älter),2009,200904,1197470,1202513,0.03,-0.42,1206003,2009-04-01,4,2009
2381,Altersgruppen,Strafmündige (14 Jahre und älter),2009,200905,1198400,1204079,0.08,-0.47,1205530,2009-05-01,5,2009
2382,Altersgruppen,Strafmündige (14 Jahre und älter),2009,200906,1200092,1200885,0.14,-0.07,1205463,2009-06-01,6,2009
2383,Altersgruppen,Strafmündige (14 Jahre und älter),2009,200907,1201415,1202618,0.11,-0.1,1205363,2009-07-01,7,2009
2384,Altersgruppen,Strafmündige (14 Jahre und älter),2009,200908,1202848,1203362,0.12,-0.04,1205320,2009-08-01,8,2009
2385,Altersgruppen,Strafmündige (14 Jahre und älter),2009,200909,1205116,1206649,0.19,-0.13,1205193,2009-09-01,9,2009
2386,Altersgruppen,Strafmündige (14 Jahre und älter),2009,200910,1208622,1210619,0.29,-0.16,1205026,2009-10-01,10,2009
2387,Altersgruppen,Strafmündige (14 Jahre und älter),2009,200911,1207936,1211798,-0.06,-0.32,1204704,2009-11-01,11,2009
2388,Altersgruppen,Strafmündige (14 Jahre und älter),2009,200912,1207792,1212734,-0.01,-0.41,1204293,2009-12-01,12,2009
2389,Altersgruppen,Strafmündige (14 Jahre und älter),2008,200801,1199773,1179432,0.06,1.72,1189988,2008-01-01,1,2008
2390,Altersgruppen,Strafmündige (14 Jahre und älter),2008,200802,1199621,1181653,-0.01,1.52,1191486,2008-02-01,2,2008
2391,Altersgruppen,Strafmündige (14 Jahre und älter),2008,200803,1201692,1182608,0.17,1.61,1193076,2008-03-01,3,2008
2392,Altersgruppen,Strafmündige (14 Jahre und älter),2008,200804,1202513,1184567,0.07,1.51,1194571,2008-04-01,4,2008
2393,Altersgruppen,Strafmündige (14 Jahre und älter),2008,200805,1204079,1186232,0.13,1.5,1196059,2008-05-01,5,2008
2394,Altersgruppen,Strafmündige (14 Jahre und älter),2008,200806,1200885,1187773,-0.27,1.1,1197151,2008-06-01,6,2008
2395,Altersgruppen,Strafmündige (14 Jahre und älter),2008,200807,1202618,1185722,0.14,1.42,1198559,2008-07-01,7,2008
2396,Altersgruppen,Strafmündige (14 Jahre und älter),2008,200808,1203362,1187371,0.06,1.35,1199892,2008-08-01,8,2008
2397,Altersgruppen,Strafmündige (14 Jahre und älter),2008,200809,1206649,1190580,0.27,1.35,1201231,2008-09-01,9,2008
2398,Altersgruppen,Strafmündige (14 Jahre und älter),2008,200810,1210619,1196636,0.33,1.17,1202396,2008-10-01,10,2008
2399,Altersgruppen,Strafmündige (14 Jahre und älter),2008,200811,1211798,1197853,0.1,1.16,1203558,2008-11-01,11,2008
2400,Altersgruppen,Strafmündige (14 Jahre und älter),2008,200812,1212734,1199090,0.08,1.14,1204695,2008-12-01,12,2008
2401,Altersgruppen,Strafmündige (14 Jahre und älter),2007,200701,1179432,1143921,0.2,3.1,1164763,2007-01-01,1,2007
2402,Altersgruppen,Strafmündige (14 Jahre und älter),2007,200702,1181653,1148309,0.19,2.9,1167542,2007-02-01,2,2007
2403,Altersgruppen,Strafmündige (14 Jahre und älter),2007,200703,1182608,1149345,0.08,2.89,1170314,2007-03-01,3,2007
2404,Altersgruppen,Strafmündige (14 Jahre und älter),2007,200704,1184567,1152079,0.17,2.82,1173021,2007-04-01,4,2007
2405,Altersgruppen,Strafmündige (14 Jahre und älter),2007,200705,1186232,1157591,0.14,2.47,1175408,2007-05-01,5,2007
2406,Altersgruppen,Strafmündige (14 Jahre und älter),2007,200706,1187773,1162109,0.13,2.21,1177546,2007-06-01,6,2007
2407,Altersgruppen,Strafmündige (14 Jahre und älter),2007,200707,1185722,1164602,-0.17,1.81,1179306,2007-07-01,7,2007
2408,Altersgruppen,Strafmündige (14 Jahre und älter),2007,200708,1187371,1165839,0.14,1.85,1181101,2007-08-01,8,2007
2409,Altersgruppen,Strafmündige (14 Jahre und älter),2007,200709,1190580,1169259,0.27,1.82,1182877,2007-09-01,9,2007
2410,Altersgruppen,Strafmündige (14 Jahre und älter),2007,200710,1196636,1175073,0.51,1.84,1184674,2007-10-01,10,2007
2411,Altersgruppen,Strafmündige (14 Jahre und älter),2007,200711,1197853,1176490,0.1,1.82,1186455,2007-11-01,11,2007
2412,Altersgruppen,Strafmündige (14 Jahre und älter),2007,200712,1199090,1177027,0.1,1.87,1188293,2007-12-01,12,2007
2413,Altersgruppen,Strafmündige (14 Jahre und älter),2006,200601,1143921,1129005,0.29,1.32,1136229,2006-01-01,1,2006
2414,Altersgruppen,Strafmündige (14 Jahre und älter),2006,200602,1148309,1129955,0.38,1.62,1137759,2006-02-01,2,2006
2415,Altersgruppen,Strafmündige (14 Jahre und älter),2006,200603,1149345,1131528,0.09,1.57,1139243,2006-03-01,3,2006
2416,Altersgruppen,Strafmündige (14 Jahre und älter),2006,200604,1152079,1132504,0.24,1.73,1140875,2006-04-01,4,2006
2417,Altersgruppen,Strafmündige (14 Jahre und älter),2006,200605,1157591,1133854,0.48,2.09,1142853,2006-05-01,5,2006
2418,Altersgruppen,Strafmündige (14 Jahre und älter),2006,200606,1162109,1134304,0.39,2.45,1145170,2006-06-01,6,2006
2419,Altersgruppen,Strafmündige (14 Jahre und älter),2006,200607,1164602,1134924,0.21,2.61,1147643,2006-07-01,7,2006
2420,Altersgruppen,Strafmündige (14 Jahre und älter),2006,200608,1165839,1135718,0.11,2.65,1150153,2006-08-01,8,2006
2421,Altersgruppen,Strafmündige (14 Jahre und älter),2006,200609,1169259,1137088,0.29,2.83,1152834,2006-09-01,9,2006
2422,Altersgruppen,Strafmündige (14 Jahre und älter),2006,200610,1175073,1139938,0.5,3.08,1155762,2006-10-01,10,2006
2423,Altersgruppen,Strafmündige (14 Jahre und älter),2006,200611,1176490,1140439,0.12,3.16,1158766,2006-11-01,11,2006
2424,Altersgruppen,Strafmündige (14 Jahre und älter),2006,200612,1177027,1140575,0.05,3.2,1161804,2006-12-01,12,2006
2425,Altersgruppen,Strafmündige (14 Jahre und älter),2005,200501,1129005,1121139,0.14,0.7,1123915,2005-01-01,1,2005
2426,Altersgruppen,Strafmündige (14 Jahre und älter),2005,200502,1129955,1120901,0.08,0.81,1124670,2005-02-01,2,2005
2427,Altersgruppen,Strafmündige (14 Jahre und älter),2005,200503,1131528,1120973,0.14,0.94,1125549,2005-03-01,3,2005
2428,Altersgruppen,Strafmündige (14 Jahre und älter),2005,200504,1132504,1120264,0.09,1.09,1126569,2005-04-01,4,2005
2429,Altersgruppen,Strafmündige (14 Jahre und älter),2005,200505,1133854,1121361,0.12,1.11,1127610,2005-05-01,5,2005
2430,Altersgruppen,Strafmündige (14 Jahre und älter),2005,200506,1134304,1122775,0.04,1.03,1128571,2005-06-01,6,2005
2431,Altersgruppen,Strafmündige (14 Jahre und älter),2005,200507,1134924,1121142,0.05,1.23,1129719,2005-07-01,7,2005
2432,Altersgruppen,Strafmündige (14 Jahre und älter),2005,200508,1135718,1122713,0.07,1.16,1130803,2005-08-01,8,2005
2433,Altersgruppen,Strafmündige (14 Jahre und älter),2005,200509,1137088,1124721,0.12,1.1,1131834,2005-09-01,9,2005
2434,Altersgruppen,Strafmündige (14 Jahre und älter),2005,200510,1139938,1127368,0.25,1.11,1132881,2005-10-01,10,2005
2435,Altersgruppen,Strafmündige (14 Jahre und älter),2005,200511,1140439,1128278,0.04,1.08,1133895,2005-11-01,11,2005
2436,Altersgruppen,Strafmündige (14 Jahre und älter),2005,200512,1140575,1127479,0.01,1.16,1134986,2005-12-01,12,2005
2437,Altersgruppen,Strafmündige (14 Jahre und älter),2004,200401,1121139,1119995,-0.11,0.1,1122475,2004-01-01,1,2004
2438,Altersgruppen,Strafmündige (14 Jahre und älter),2004,200402,1120901,1120347,-0.02,0.05,1122521,2004-02-01,2,2004
2439,Altersgruppen,Strafmündige (14 Jahre und älter),2004,200403,1120973,1120231,0.01,0.07,1122583,2004-03-01,3,2004
2440,Altersgruppen,Strafmündige (14 Jahre und älter),2004,200404,1120264,1120121,-0.06,0.01,1122595,2004-04-01,4,2004
2441,Altersgruppen,Strafmündige (14 Jahre und älter),2004,200405,1121361,1121071,0.1,0.03,1122619,2004-05-01,5,2004
2442,Altersgruppen,Strafmündige (14 Jahre und älter),2004,200406,1122775,1121840,0.13,0.08,1122697,2004-06-01,6,2004
2443,Altersgruppen,Strafmündige (14 Jahre und älter),2004,200407,1121142,1122896,-0.15,-0.16,1122551,2004-07-01,7,2004
2444,Altersgruppen,Strafmündige (14 Jahre und älter),2004,200408,1122713,1123293,0.14,-0.05,1122502,2004-08-01,8,2004
2445,Altersgruppen,Strafmündige (14 Jahre und älter),2004,200409,1124721,1125029,0.18,-0.03,1122477,2004-09-01,9,2004
2446,Altersgruppen,Strafmündige (14 Jahre und älter),2004,200410,1127368,1126399,0.24,0.09,1122558,2004-10-01,10,2004
2447,Altersgruppen,Strafmündige (14 Jahre und älter),2004,200411,1128278,1125007,0.08,0.29,1122830,2004-11-01,11,2004
2448,Altersgruppen,Strafmündige (14 Jahre und älter),2004,200412,1127479,1122326,-0.07,0.46,1123260,2004-12-01,12,2004
2449,Altersgruppen,Strafmündige (14 Jahre und älter),2003,200301,1119995,1113801,0,0.56,1118164,2003-01-01,1,2003
2450,Altersgruppen,Strafmündige (14 Jahre und älter),2003,200302,1120347,1114321,0.03,0.54,1118666,2003-02-01,2,2003
2451,Altersgruppen,Strafmündige (14 Jahre und älter),2003,200303,1120231,1115613,-0.01,0.41,1119051,2003-03-01,3,2003
2452,Altersgruppen,Strafmündige (14 Jahre und älter),2003,200304,1120121,1117025,-0.01,0.28,1119309,2003-04-01,4,2003
2453,Altersgruppen,Strafmündige (14 Jahre und älter),2003,200305,1121071,1118197,0.08,0.26,1119548,2003-05-01,5,2003
2454,Altersgruppen,Strafmündige (14 Jahre und älter),2003,200306,1121840,1117748,0.07,0.37,1119889,2003-06-01,6,2003
2455,Altersgruppen,Strafmündige (14 Jahre und älter),2003,200307,1122896,1117316,0.09,0.5,1120354,2003-07-01,7,2003
2456,Altersgruppen,Strafmündige (14 Jahre und älter),2003,200308,1123293,1117690,0.04,0.5,1120821,2003-08-01,8,2003
2457,Altersgruppen,Strafmündige (14 Jahre und älter),2003,200309,1125029,1119164,0.15,0.52,1121310,2003-09-01,9,2003
2458,Altersgruppen,Strafmündige (14 Jahre und älter),2003,200310,1126399,1120953,0.12,0.49,1121764,2003-10-01,10,2003
2459,Altersgruppen,Strafmündige (14 Jahre und älter),2003,200311,1125007,1119974,-0.12,0.45,1122183,2003-11-01,11,2003
2460,Altersgruppen,Strafmündige (14 Jahre und älter),2003,200312,1122326,1119968,-0.24,0.21,1122380,2003-12-01,12,2003
2461,Altersgruppen,Strafmündige (14 Jahre und älter),2002,200201,1113801,1108165,-0.28,0.51,1112529,2002-01-01,1,2002
2462,Altersgruppen,Strafmündige (14 Jahre und älter),2002,200202,1114321,1108108,0.05,0.56,1113047,2002-02-01,2,2002
2463,Altersgruppen,Strafmündige (14 Jahre und älter),2002,200203,1115613,1108834,0.12,0.61,1113612,2002-03-01,3,2002
2464,Altersgruppen,Strafmündige (14 Jahre und älter),2002,200204,1117025,1110108,0.13,0.62,1114188,2002-04-01,4,2002
2465,Altersgruppen,Strafmündige (14 Jahre und älter),2002,200205,1118197,1111452,0.1,0.61,1114750,2002-05-01,5,2002
2466,Altersgruppen,Strafmündige (14 Jahre und älter),2002,200206,1117748,1111815,-0.04,0.53,1115244,2002-06-01,6,2002
2467,Altersgruppen,Strafmündige (14 Jahre und älter),2002,200207,1117316,1111913,-0.04,0.49,1115695,2002-07-01,7,2002
2468,Altersgruppen,Strafmündige (14 Jahre und älter),2002,200208,1117690,1111667,0.03,0.54,1116197,2002-08-01,8,2002
2469,Altersgruppen,Strafmündige (14 Jahre und älter),2002,200209,1119164,1112911,0.13,0.56,1116718,2002-09-01,9,2002
2470,Altersgruppen,Strafmündige (14 Jahre und älter),2002,200210,1120953,1116059,0.16,0.44,1117126,2002-10-01,10,2002
2471,Altersgruppen,Strafmündige (14 Jahre und älter),2002,200211,1119974,1116715,-0.09,0.29,1117397,2002-11-01,11,2002
2472,Altersgruppen,Strafmündige (14 Jahre und älter),2002,200212,1119968,1116963,0,0.27,1117648,2002-12-01,12,2002
2473,Altersgruppen,Strafmündige (14 Jahre und älter),2001,200101,1108165,1091781,0.19,1.5,1099632,2001-01-01,1,2001
2474,Altersgruppen,Strafmündige (14 Jahre und älter),2001,200102,1108108,1092096,-0.01,1.47,1100967,2001-02-01,2,2001
2475,Altersgruppen,Strafmündige (14 Jahre und älter),2001,200103,1108834,1092443,0.07,1.5,1102333,2001-03-01,3,2001
2476,Altersgruppen,Strafmündige (14 Jahre und älter),2001,200104,1110108,1094068,0.11,1.47,1103669,2001-04-01,4,2001
2477,Altersgruppen,Strafmündige (14 Jahre und älter),2001,200105,1111452,1095567,0.12,1.45,1104993,2001-05-01,5,2001
2478,Altersgruppen,Strafmündige (14 Jahre und älter),2001,200106,1111815,1097433,0.03,1.31,1106192,2001-06-01,6,2001
2479,Altersgruppen,Strafmündige (14 Jahre und älter),2001,200107,1111913,1099296,0.01,1.15,1107243,2001-07-01,7,2001
2480,Altersgruppen,Strafmündige (14 Jahre und älter),2001,200108,1111667,1099826,-0.02,1.08,1108230,2001-08-01,8,2001
2481,Altersgruppen,Strafmündige (14 Jahre und älter),2001,200109,1112911,1100994,0.11,1.08,1109223,2001-09-01,9,2001
2482,Altersgruppen,Strafmündige (14 Jahre und älter),2001,200110,1116059,1104024,0.28,1.09,1110226,2001-10-01,10,2001
2483,Altersgruppen,Strafmündige (14 Jahre und älter),2001,200111,1116715,1105622,0.06,1,1111150,2001-11-01,11,2001
2484,Altersgruppen,Strafmündige (14 Jahre und älter),2001,200112,1116963,1106055,0.02,0.99,1112059,2001-12-01,12,2001
2485,Altersgruppen,Strafmündige (14 Jahre und älter),2000,200001,1091781,NA,0.08,NA,1091781,2000-01-01,1,2000
2486,Altersgruppen,Strafmündige (14 Jahre und älter),2000,200002,1092096,NA,0.03,NA,1091939,2000-02-01,2,2000
2487,Altersgruppen,Strafmündige (14 Jahre und älter),2000,200003,1092443,NA,0.03,NA,1092107,2000-03-01,3,2000
2488,Altersgruppen,Strafmündige (14 Jahre und älter),2000,200004,1094068,NA,0.15,NA,1092597,2000-04-01,4,2000
2489,Altersgruppen,Strafmündige (14 Jahre und älter),2000,200005,1095567,NA,0.14,NA,1093191,2000-05-01,5,2000
2490,Altersgruppen,Strafmündige (14 Jahre und älter),2000,200006,1097433,NA,0.17,NA,1093898,2000-06-01,6,2000
2491,Altersgruppen,Strafmündige (14 Jahre und älter),2000,200007,1099296,NA,0.17,NA,1094669,2000-07-01,7,2000
2492,Altersgruppen,Strafmündige (14 Jahre und älter),2000,200008,1099826,1086996,0.05,1.18,1095314,2000-08-01,8,2000
2493,Altersgruppen,Strafmündige (14 Jahre und älter),2000,200009,1100994,1088397,0.11,1.16,1095945,2000-09-01,9,2000
2494,Altersgruppen,Strafmündige (14 Jahre und älter),2000,200010,1104024,1090602,0.28,1.23,1096753,2000-10-01,10,2000
2495,Altersgruppen,Strafmündige (14 Jahre und älter),2000,200011,1105622,1091137,0.14,1.33,1097559,2000-11-01,11,2000
2496,Altersgruppen,Strafmündige (14 Jahre und älter),2000,200012,1106055,1090925,0.04,1.39,1098267,2000-12-01,12,2000
2497,Altersgruppen,Volljährige (18 Jahre und älter),2025,202501,1357522,1341317,0.02,1.21,1350436,2025-01-01,1,2025
2498,Altersgruppen,Volljährige (18 Jahre und älter),2025,202502,1358520,1343033,0.07,1.15,1351726,2025-02-01,2,2025
2499,Altersgruppen,Volljährige (18 Jahre und älter),2025,202503,1358926,1344275,0.03,1.09,1352947,2025-03-01,3,2025
2500,Altersgruppen,Volljährige (18 Jahre und älter),2025,202504,1358875,1346103,0,0.95,1354012,2025-04-01,4,2025
2501,Altersgruppen,Volljährige (18 Jahre und älter),2025,202505,1359513,1347883,0.05,0.86,1354981,2025-05-01,5,2025
2502,Altersgruppen,Volljährige (18 Jahre und älter),2025,202506,1359796,1348708,0.02,0.82,1355905,2025-06-01,6,2025
2503,Altersgruppen,Volljährige (18 Jahre und älter),2025,202507,1359931,1349000,0.01,0.81,1356816,2025-07-01,7,2025
2504,Altersgruppen,Volljährige (18 Jahre und älter),2025,202508,1359563,1348322,-0.03,0.83,1357753,2025-08-01,8,2025
2505,Altersgruppen,Volljährige (18 Jahre und älter),2025,202509,NA,1350520,NA,NA,NA,2025-09-01,9,2025
2506,Altersgruppen,Volljährige (18 Jahre und älter),2025,202510,NA,1355092,NA,NA,NA,2025-10-01,10,2025
2507,Altersgruppen,Volljährige (18 Jahre und älter),2025,202511,NA,1357482,NA,NA,NA,2025-11-01,11,2025
2508,Altersgruppen,Volljährige (18 Jahre und älter),2025,202512,NA,1357290,NA,NA,NA,2025-12-01,12,2025
2509,Altersgruppen,Volljährige (18 Jahre und älter),2024,202401,1341317,1342018,-0.1,-0.05,1338395,2024-01-01,1,2024
2510,Altersgruppen,Volljährige (18 Jahre und älter),2024,202402,1343033,1342763,0.13,0.02,1338417,2024-02-01,2,2024
2511,Altersgruppen,Volljährige (18 Jahre und älter),2024,202403,1344275,1343213,0.09,0.08,1338506,2024-03-01,3,2024
2512,Altersgruppen,Volljährige (18 Jahre und älter),2024,202404,1346103,1344082,0.14,0.15,1338674,2024-04-01,4,2024
2513,Altersgruppen,Volljährige (18 Jahre und älter),2024,202405,1347883,1331976,0.13,1.19,1340000,2024-05-01,5,2024
2514,Altersgruppen,Volljährige (18 Jahre und älter),2024,202406,1348708,1332259,0.06,1.23,1341371,2024-06-01,6,2024
2515,Altersgruppen,Volljährige (18 Jahre und älter),2024,202407,1349000,1332734,0.02,1.22,1342726,2024-07-01,7,2024
2516,Altersgruppen,Volljährige (18 Jahre und älter),2024,202408,1348322,1332612,-0.05,1.18,1344035,2024-08-01,8,2024
2517,Altersgruppen,Volljährige (18 Jahre und älter),2024,202409,1350520,1335424,0.16,1.13,1345293,2024-09-01,9,2024
2518,Altersgruppen,Volljährige (18 Jahre und älter),2024,202410,1355092,1339789,0.34,1.14,1346569,2024-10-01,10,2024
2519,Altersgruppen,Volljährige (18 Jahre und älter),2024,202411,1357482,1341940,0.18,1.16,1347864,2024-11-01,11,2024
2520,Altersgruppen,Volljährige (18 Jahre und älter),2024,202412,1357290,1342630,-0.01,1.09,1349085,2024-12-01,12,2024
2521,Altersgruppen,Volljährige (18 Jahre und älter),2023,202301,1342018,1321569,0.05,1.55,1335333,2023-01-01,1,2023
2522,Altersgruppen,Volljährige (18 Jahre und älter),2023,202302,1342763,1322402,0.06,1.54,1337030,2023-02-01,2,2023
2523,Altersgruppen,Volljährige (18 Jahre und älter),2023,202303,1343213,1329572,0.03,1.03,1338167,2023-03-01,3,2023
2524,Altersgruppen,Volljährige (18 Jahre und älter),2023,202304,1344082,1333701,0.06,0.78,1339032,2023-04-01,4,2023
2525,Altersgruppen,Volljährige (18 Jahre und älter),2023,202305,1331976,1335708,-0.9,-0.28,1338721,2023-05-01,5,2023
2526,Altersgruppen,Volljährige (18 Jahre und älter),2023,202306,1332259,1336827,0.02,-0.34,1338340,2023-06-01,6,2023
2527,Altersgruppen,Volljährige (18 Jahre und älter),2023,202307,1332734,1338114,0.04,-0.4,1337892,2023-07-01,7,2023
2528,Altersgruppen,Volljährige (18 Jahre und älter),2023,202308,1332612,1332524,-0.01,0.01,1337899,2023-08-01,8,2023
2529,Altersgruppen,Volljährige (18 Jahre und älter),2023,202309,1335424,1333774,0.21,0.12,1338037,2023-09-01,9,2023
2530,Altersgruppen,Volljährige (18 Jahre und älter),2023,202310,1339789,1338121,0.33,0.12,1338176,2023-10-01,10,2023
2531,Altersgruppen,Volljährige (18 Jahre und älter),2023,202311,1341940,1339948,0.16,0.15,1338342,2023-11-01,11,2023
2532,Altersgruppen,Volljährige (18 Jahre und älter),2023,202312,1342630,1341288,0.05,0.1,1338453,2023-12-01,12,2023
2533,Altersgruppen,Volljährige (18 Jahre und älter),2022,202201,1321569,1323119,0.05,-0.12,1322035,2022-01-01,1,2022
2534,Altersgruppen,Volljährige (18 Jahre und älter),2022,202202,1322402,1322572,0.06,-0.01,1322021,2022-02-01,2,2022
2535,Altersgruppen,Volljährige (18 Jahre und älter),2022,202203,1329572,1321709,0.54,0.59,1322676,2022-03-01,3,2022
2536,Altersgruppen,Volljährige (18 Jahre und älter),2022,202204,1333701,1322127,0.31,0.88,1323641,2022-04-01,4,2022
2537,Altersgruppen,Volljährige (18 Jahre und älter),2022,202205,1335708,1321911,0.15,1.04,1324791,2022-05-01,5,2022
2538,Altersgruppen,Volljährige (18 Jahre und älter),2022,202206,1336827,1321567,0.08,1.15,1326062,2022-06-01,6,2022
2539,Altersgruppen,Volljährige (18 Jahre und älter),2022,202207,1338114,1321643,0.1,1.25,1327435,2022-07-01,7,2022
2540,Altersgruppen,Volljährige (18 Jahre und älter),2022,202208,1332524,1320782,-0.42,0.89,1328413,2022-08-01,8,2022
2541,Altersgruppen,Volljährige (18 Jahre und älter),2022,202209,1333774,1323723,0.09,0.76,1329251,2022-09-01,9,2022
2542,Altersgruppen,Volljährige (18 Jahre und älter),2022,202210,1338121,1322672,0.33,1.17,1330538,2022-10-01,10,2022
2543,Altersgruppen,Volljährige (18 Jahre und älter),2022,202211,1339948,1323251,0.14,1.26,1331930,2022-11-01,11,2022
2544,Altersgruppen,Volljährige (18 Jahre und älter),2022,202212,1341288,1320896,0.1,1.54,1333629,2022-12-01,12,2022
2545,Altersgruppen,Volljährige (18 Jahre und älter),2021,202101,1323119,1323506,0,-0.03,1322294,2021-01-01,1,2021
2546,Altersgruppen,Volljährige (18 Jahre und älter),2021,202102,1322572,1324252,-0.04,-0.13,1322154,2021-02-01,2,2021
2547,Altersgruppen,Volljährige (18 Jahre und älter),2021,202103,1321709,1324022,-0.07,-0.17,1321962,2021-03-01,3,2021
2548,Altersgruppen,Volljährige (18 Jahre und älter),2021,202104,1322127,1323707,0.03,-0.12,1321830,2021-04-01,4,2021
2549,Altersgruppen,Volljährige (18 Jahre und älter),2021,202105,1321911,1321786,-0.02,0.01,1321840,2021-05-01,5,2021
2550,Altersgruppen,Volljährige (18 Jahre und älter),2021,202106,1321567,1320750,-0.03,0.06,1321909,2021-06-01,6,2021
2551,Altersgruppen,Volljährige (18 Jahre und älter),2021,202107,1321643,1320271,0.01,0.1,1322023,2021-07-01,7,2021
2552,Altersgruppen,Volljährige (18 Jahre und älter),2021,202108,1320782,1319397,-0.07,0.1,1322138,2021-08-01,8,2021
2553,Altersgruppen,Volljährige (18 Jahre und älter),2021,202109,1323723,1319923,0.22,0.29,1322455,2021-09-01,9,2021
2554,Altersgruppen,Volljährige (18 Jahre und älter),2021,202110,1322672,1323044,-0.08,-0.03,1322424,2021-10-01,10,2021
2555,Altersgruppen,Volljährige (18 Jahre und älter),2021,202111,1323251,1324078,0.04,-0.06,1322355,2021-11-01,11,2021
2556,Altersgruppen,Volljährige (18 Jahre und älter),2021,202112,1320896,1323184,-0.18,-0.17,1322164,2021-12-01,12,2021
2557,Altersgruppen,Volljährige (18 Jahre und älter),2020,202001,1323506,1309252,0.03,1.09,1316180,2020-01-01,1,2020
2558,Altersgruppen,Volljährige (18 Jahre und älter),2020,202002,1324252,1309890,0.06,1.1,1317376,2020-02-01,2,2020
2559,Altersgruppen,Volljährige (18 Jahre und älter),2020,202003,1324022,1310326,-0.02,1.05,1318518,2020-03-01,3,2020
2560,Altersgruppen,Volljährige (18 Jahre und älter),2020,202004,1323707,1312558,-0.02,0.85,1319447,2020-04-01,4,2020
2561,Altersgruppen,Volljährige (18 Jahre und älter),2020,202005,1321786,1312846,-0.15,0.68,1320192,2020-05-01,5,2020
2562,Altersgruppen,Volljährige (18 Jahre und älter),2020,202006,1320750,1313596,-0.08,0.54,1320788,2020-06-01,6,2020
2563,Altersgruppen,Volljährige (18 Jahre und älter),2020,202007,1320271,1314026,-0.04,0.48,1321308,2020-07-01,7,2020
2564,Altersgruppen,Volljährige (18 Jahre und älter),2020,202008,1319397,1313611,-0.07,0.44,1321791,2020-08-01,8,2020
2565,Altersgruppen,Volljährige (18 Jahre und älter),2020,202009,1319923,1316729,0.04,0.24,1322057,2020-09-01,9,2020
2566,Altersgruppen,Volljährige (18 Jahre und älter),2020,202010,1323044,1321358,0.24,0.13,1322197,2020-10-01,10,2020
2567,Altersgruppen,Volljährige (18 Jahre und älter),2020,202011,1324078,1322587,0.08,0.11,1322321,2020-11-01,11,2020
2568,Altersgruppen,Volljährige (18 Jahre und älter),2020,202012,1323184,1323121,-0.07,0,1322327,2020-12-01,12,2020
2569,Altersgruppen,Volljährige (18 Jahre und älter),2019,201901,1309252,1295440,0.03,1.07,1302745,2019-01-01,1,2019
2570,Altersgruppen,Volljährige (18 Jahre und älter),2019,201902,1309890,1296482,0.05,1.03,1303964,2019-02-01,2,2019
2571,Altersgruppen,Volljährige (18 Jahre und älter),2019,201903,1310326,1297383,0.03,1,1305141,2019-03-01,3,2019
2572,Altersgruppen,Volljährige (18 Jahre und älter),2019,201904,1312558,1298739,0.17,1.06,1306397,2019-04-01,4,2019
2573,Altersgruppen,Volljährige (18 Jahre und älter),2019,201905,1312846,NA,0.02,NA,1306935,2019-05-01,5,2019
2574,Altersgruppen,Volljährige (18 Jahre und älter),2019,201906,1313596,1300337,0.06,1.02,1308040,2019-06-01,6,2019
2575,Altersgruppen,Volljährige (18 Jahre und älter),2019,201907,1314026,1300700,0.03,1.02,1309150,2019-07-01,7,2019
2576,Altersgruppen,Volljährige (18 Jahre und älter),2019,201908,1313611,1300662,-0.03,1,1310229,2019-08-01,8,2019
2577,Altersgruppen,Volljährige (18 Jahre und älter),2019,201909,1316729,1302918,0.24,1.06,1311380,2019-09-01,9,2019
2578,Altersgruppen,Volljährige (18 Jahre und älter),2019,201910,1321358,1306320,0.35,1.15,1312633,2019-10-01,10,2019
2579,Altersgruppen,Volljährige (18 Jahre und älter),2019,201911,1322587,1308550,0.09,1.07,1313803,2019-11-01,11,2019
2580,Altersgruppen,Volljährige (18 Jahre und älter),2019,201912,1323121,1308857,0.04,1.09,1314992,2019-12-01,12,2019
2581,Altersgruppen,Volljährige (18 Jahre und älter),2018,201801,1295440,1316239,-0.05,-1.58,1310029,2018-01-01,1,2018
2582,Altersgruppen,Volljährige (18 Jahre und älter),2018,201802,1296482,1316024,0.08,-1.48,1308400,2018-02-01,2,2018
2583,Altersgruppen,Volljährige (18 Jahre und älter),2018,201803,1297383,1317187,0.07,-1.5,1306750,2018-03-01,3,2018
2584,Altersgruppen,Volljährige (18 Jahre und älter),2018,201804,1298739,1318669,0.1,-1.51,1305089,2018-04-01,4,2018
2585,Altersgruppen,Volljährige (18 Jahre und älter),2018,201805,NA,1319541,NA,NA,NA,2018-05-01,5,2018
2586,Altersgruppen,Volljährige (18 Jahre und älter),2018,201806,1300337,1319492,NA,-1.45,1302034,2018-06-01,6,2018
2587,Altersgruppen,Volljährige (18 Jahre und älter),2018,201807,1300700,1317484,0.03,-1.27,1300508,2018-07-01,7,2018
2588,Altersgruppen,Volljährige (18 Jahre und älter),2018,201808,1300662,1311316,0,-0.81,1299539,2018-08-01,8,2018
2589,Altersgruppen,Volljährige (18 Jahre und älter),2018,201809,1302918,1302784,0.17,0.01,1299552,2018-09-01,9,2018
2590,Altersgruppen,Volljährige (18 Jahre und älter),2018,201810,1306320,1304816,0.26,0.12,1299688,2018-10-01,10,2018
2591,Altersgruppen,Volljährige (18 Jahre und älter),2018,201811,1308550,1301553,0.17,0.54,1300324,2018-11-01,11,2018
2592,Altersgruppen,Volljährige (18 Jahre und älter),2018,201812,1308857,1296038,0.02,0.99,1301490,2018-12-01,12,2018
2593,Altersgruppen,Volljährige (18 Jahre und älter),2017,201701,1316239,1299735,0.07,1.27,1309244,2017-01-01,1,2017
2594,Altersgruppen,Volljährige (18 Jahre und älter),2017,201702,1316024,1301639,-0.02,1.11,1310443,2017-02-01,2,2017
2595,Altersgruppen,Volljährige (18 Jahre und älter),2017,201703,1317187,1302380,0.09,1.14,1311677,2017-03-01,3,2017
2596,Altersgruppen,Volljährige (18 Jahre und älter),2017,201704,1318669,1304439,0.11,1.09,1312863,2017-04-01,4,2017
2597,Altersgruppen,Volljährige (18 Jahre und älter),2017,201705,1319541,1305599,0.07,1.07,1314024,2017-05-01,5,2017
2598,Altersgruppen,Volljährige (18 Jahre und älter),2017,201706,1319492,1306363,0,1.01,1315119,2017-06-01,6,2017
2599,Altersgruppen,Volljährige (18 Jahre und älter),2017,201707,1317484,1308280,-0.15,0.7,1315886,2017-07-01,7,2017
2600,Altersgruppen,Volljährige (18 Jahre und älter),2017,201708,1311316,1308325,-0.47,0.23,1316135,2017-08-01,8,2017
2601,Altersgruppen,Volljährige (18 Jahre und älter),2017,201709,1302784,1310923,-0.65,-0.62,1315457,2017-09-01,9,2017
2602,Altersgruppen,Volljährige (18 Jahre und älter),2017,201710,1304816,1315469,0.16,-0.81,1314569,2017-10-01,10,2017
2603,Altersgruppen,Volljährige (18 Jahre und älter),2017,201711,1301553,1316010,-0.25,-1.1,1313364,2017-11-01,11,2017
2604,Altersgruppen,Volljährige (18 Jahre und älter),2017,201712,1296038,1315263,-0.42,-1.46,1311762,2017-12-01,12,2017
2605,Altersgruppen,Volljährige (18 Jahre und älter),2016,201601,1299735,1275936,0.13,1.87,1288054,2016-01-01,1,2016
2606,Altersgruppen,Volljährige (18 Jahre und älter),2016,201602,1301639,1276797,0.15,1.95,1290125,2016-02-01,2,2016
2607,Altersgruppen,Volljährige (18 Jahre und älter),2016,201603,1302380,1278783,0.06,1.85,1292091,2016-03-01,3,2016
2608,Altersgruppen,Volljährige (18 Jahre und älter),2016,201604,1304439,1280644,0.16,1.86,1294074,2016-04-01,4,2016
2609,Altersgruppen,Volljährige (18 Jahre und älter),2016,201605,1305599,1282364,0.09,1.81,1296010,2016-05-01,5,2016
2610,Altersgruppen,Volljährige (18 Jahre und älter),2016,201606,1306363,1283891,0.06,1.75,1297883,2016-06-01,6,2016
2611,Altersgruppen,Volljährige (18 Jahre und älter),2016,201607,1308280,1285848,0.15,1.74,1299752,2016-07-01,7,2016
2612,Altersgruppen,Volljährige (18 Jahre und älter),2016,201608,1308325,1287081,0,1.65,1301523,2016-08-01,8,2016
2613,Altersgruppen,Volljährige (18 Jahre und älter),2016,201609,1310923,1290928,0.2,1.55,1303189,2016-09-01,9,2016
2614,Altersgruppen,Volljährige (18 Jahre und älter),2016,201610,1315469,1295293,0.35,1.56,1304870,2016-10-01,10,2016
2615,Altersgruppen,Volljährige (18 Jahre und älter),2016,201611,1316010,1297209,0.04,1.45,1306437,2016-11-01,11,2016
2616,Altersgruppen,Volljährige (18 Jahre und älter),2016,201612,1315263,1298080,-0.06,1.32,1307869,2016-12-01,12,2016
2617,Altersgruppen,Volljährige (18 Jahre und älter),2015,201501,1275936,1254793,0.12,1.68,1266475,2015-01-01,1,2015
2618,Altersgruppen,Volljährige (18 Jahre und älter),2015,201502,1276797,1256173,0.07,1.64,1268194,2015-02-01,2,2015
2619,Altersgruppen,Volljährige (18 Jahre und älter),2015,201503,1278783,1258409,0.16,1.62,1269892,2015-03-01,3,2015
2620,Altersgruppen,Volljährige (18 Jahre und älter),2015,201504,1280644,1260186,0.15,1.62,1271597,2015-04-01,4,2015
2621,Altersgruppen,Volljährige (18 Jahre und älter),2015,201505,1282364,1261664,0.13,1.64,1273322,2015-05-01,5,2015
2622,Altersgruppen,Volljährige (18 Jahre und älter),2015,201506,1283891,1262543,0.12,1.69,1275101,2015-06-01,6,2015
2623,Altersgruppen,Volljährige (18 Jahre und älter),2015,201507,1285848,1264095,0.15,1.72,1276913,2015-07-01,7,2015
2624,Altersgruppen,Volljährige (18 Jahre und älter),2015,201508,1287081,1265624,0.1,1.7,1278701,2015-08-01,8,2015
2625,Altersgruppen,Volljährige (18 Jahre und älter),2015,201509,1290928,1269630,0.3,1.68,1280476,2015-09-01,9,2015
2626,Altersgruppen,Volljährige (18 Jahre und älter),2015,201510,1295293,1273757,0.34,1.69,1282271,2015-10-01,10,2015
2627,Altersgruppen,Volljährige (18 Jahre und älter),2015,201511,1297209,1275267,0.15,1.72,1284099,2015-11-01,11,2015
2628,Altersgruppen,Volljährige (18 Jahre und älter),2015,201512,1298080,1274418,0.07,1.86,1286071,2015-12-01,12,2015
2629,Altersgruppen,Volljährige (18 Jahre und älter),2014,201401,1254793,1233520,0.07,1.72,1245059,2014-01-01,1,2014
2630,Altersgruppen,Volljährige (18 Jahre und älter),2014,201402,1256173,1234536,0.11,1.75,1246862,2014-02-01,2,2014
2631,Altersgruppen,Volljährige (18 Jahre und älter),2014,201403,1258409,1235640,0.18,1.84,1248759,2014-03-01,3,2014
2632,Altersgruppen,Volljährige (18 Jahre und älter),2014,201404,1260186,1238311,0.14,1.77,1250582,2014-04-01,4,2014
2633,Altersgruppen,Volljährige (18 Jahre und älter),2014,201405,1261664,1239617,0.12,1.78,1252419,2014-05-01,5,2014
2634,Altersgruppen,Volljährige (18 Jahre und älter),2014,201406,1262543,1241308,0.07,1.71,1254189,2014-06-01,6,2014
2635,Altersgruppen,Volljährige (18 Jahre und älter),2014,201407,1264095,1243403,0.12,1.66,1255913,2014-07-01,7,2014
2636,Altersgruppen,Volljährige (18 Jahre und älter),2014,201408,1265624,1244400,0.12,1.71,1257682,2014-08-01,8,2014
2637,Altersgruppen,Volljährige (18 Jahre und älter),2014,201409,1269630,1248258,0.32,1.71,1259463,2014-09-01,9,2014
2638,Altersgruppen,Volljährige (18 Jahre und älter),2014,201410,1273757,1252648,0.33,1.69,1261222,2014-10-01,10,2014
2639,Altersgruppen,Volljährige (18 Jahre und älter),2014,201411,1275267,1253890,0.12,1.7,1263003,2014-11-01,11,2014
2640,Altersgruppen,Volljährige (18 Jahre und älter),2014,201412,1274418,1253899,-0.07,1.64,1264713,2014-12-01,12,2014
2641,Altersgruppen,Volljährige (18 Jahre und älter),2013,201301,1233520,1210869,0.04,1.87,1223711,2013-01-01,1,2013
2642,Altersgruppen,Volljährige (18 Jahre und älter),2013,201302,1234536,1212250,0.08,1.84,1225568,2013-02-01,2,2013
2643,Altersgruppen,Volljährige (18 Jahre und älter),2013,201303,1235640,1213963,0.09,1.79,1227375,2013-03-01,3,2013
2644,Altersgruppen,Volljährige (18 Jahre und älter),2013,201304,1238311,1216316,0.22,1.81,1229208,2013-04-01,4,2013
2645,Altersgruppen,Volljährige (18 Jahre und älter),2013,201305,1239617,1220935,0.11,1.53,1230764,2013-05-01,5,2013
2646,Altersgruppen,Volljährige (18 Jahre und älter),2013,201306,1241308,1220083,0.14,1.74,1232533,2013-06-01,6,2013
2647,Altersgruppen,Volljährige (18 Jahre und älter),2013,201307,1243403,1222219,0.17,1.73,1234299,2013-07-01,7,2013
2648,Altersgruppen,Volljährige (18 Jahre und älter),2013,201308,1244400,1222937,0.08,1.76,1236087,2013-08-01,8,2013
2649,Altersgruppen,Volljährige (18 Jahre und älter),2013,201309,1248258,1226164,0.31,1.8,1237928,2013-09-01,9,2013
2650,Altersgruppen,Volljährige (18 Jahre und älter),2013,201310,1252648,1230919,0.35,1.77,1239739,2013-10-01,10,2013
2651,Altersgruppen,Volljährige (18 Jahre und älter),2013,201311,1253890,1232202,0.1,1.76,1241546,2013-11-01,11,2013
2652,Altersgruppen,Volljährige (18 Jahre und älter),2013,201312,1253899,1233025,0,1.69,1243286,2013-12-01,12,2013
2653,Altersgruppen,Volljährige (18 Jahre und älter),2012,201201,1210869,1185439,0.22,2.15,1198432,2012-01-01,1,2012
2654,Altersgruppen,Volljährige (18 Jahre und älter),2012,201202,1212250,1186574,0.11,2.16,1200572,2012-02-01,2,2012
2655,Altersgruppen,Volljährige (18 Jahre und älter),2012,201203,1213963,1188281,0.14,2.16,1202712,2012-03-01,3,2012
2656,Altersgruppen,Volljährige (18 Jahre und älter),2012,201204,1216316,1190298,0.19,2.19,1204880,2012-04-01,4,2012
2657,Altersgruppen,Volljährige (18 Jahre und älter),2012,201205,1220935,1192702,0.38,2.37,1207233,2012-05-01,5,2012
2658,Altersgruppen,Volljährige (18 Jahre und älter),2012,201206,1220083,1194676,-0.07,2.13,1209350,2012-06-01,6,2012
2659,Altersgruppen,Volljährige (18 Jahre und älter),2012,201207,1222219,1196718,0.18,2.13,1211475,2012-07-01,7,2012
2660,Altersgruppen,Volljährige (18 Jahre und älter),2012,201208,1222937,1197669,0.06,2.11,1213581,2012-08-01,8,2012
2661,Altersgruppen,Volljährige (18 Jahre und älter),2012,201209,1226164,1200909,0.26,2.1,1215685,2012-09-01,9,2012
2662,Altersgruppen,Volljährige (18 Jahre und älter),2012,201210,1230919,1206216,0.39,2.05,1217744,2012-10-01,10,2012
2663,Altersgruppen,Volljährige (18 Jahre und älter),2012,201211,1232202,1208033,0.1,2,1219758,2012-11-01,11,2012
2664,Altersgruppen,Volljährige (18 Jahre und älter),2012,201212,1233025,1208240,0.07,2.05,1221824,2012-12-01,12,2012
2665,Altersgruppen,Volljährige (18 Jahre und älter),2011,201101,1185439,1170207,0.12,1.3,1176498,2011-01-01,1,2011
2666,Altersgruppen,Volljährige (18 Jahre und älter),2011,201102,1186574,1170239,0.1,1.4,1177859,2011-02-01,2,2011
2667,Altersgruppen,Volljährige (18 Jahre und älter),2011,201103,1188281,1170639,0.14,1.51,1179329,2011-03-01,3,2011
2668,Altersgruppen,Volljährige (18 Jahre und älter),2011,201104,1190298,1171722,0.17,1.59,1180877,2011-04-01,4,2011
2669,Altersgruppen,Volljährige (18 Jahre und älter),2011,201105,1192702,1173362,0.2,1.65,1182489,2011-05-01,5,2011
2670,Altersgruppen,Volljährige (18 Jahre und älter),2011,201106,1194676,1171243,0.17,2,1184441,2011-06-01,6,2011
2671,Altersgruppen,Volljährige (18 Jahre und älter),2011,201107,1196718,1173011,0.17,2.02,1186417,2011-07-01,7,2011
2672,Altersgruppen,Volljährige (18 Jahre und älter),2011,201108,1197669,1175257,0.08,1.91,1188285,2011-08-01,8,2011
2673,Altersgruppen,Volljährige (18 Jahre und älter),2011,201109,1200909,1177488,0.27,1.99,1190236,2011-09-01,9,2011
2674,Altersgruppen,Volljährige (18 Jahre und älter),2011,201110,1206216,1181938,0.44,2.05,1192260,2011-10-01,10,2011
2675,Altersgruppen,Volljährige (18 Jahre und älter),2011,201111,1208033,1183601,0.15,2.06,1194296,2011-11-01,11,2011
2676,Altersgruppen,Volljährige (18 Jahre und älter),2011,201112,1208240,1184031,0.02,2.04,1196313,2011-12-01,12,2011
2677,Altersgruppen,Volljährige (18 Jahre und älter),2010,201001,1170207,1175642,0.05,-0.46,1165683,2010-01-01,1,2010
2678,Altersgruppen,Volljährige (18 Jahre und älter),2010,201002,1170239,1172000,0,-0.15,1165536,2010-02-01,2,2010
2679,Altersgruppen,Volljährige (18 Jahre und älter),2010,201003,1170639,1158976,0.03,1.01,1166508,2010-03-01,3,2010
2680,Altersgruppen,Volljährige (18 Jahre und älter),2010,201004,1171722,1159470,0.09,1.06,1167529,2010-04-01,4,2010
2681,Altersgruppen,Volljährige (18 Jahre und älter),2010,201005,1173362,1160399,0.14,1.12,1168609,2010-05-01,5,2010
2682,Altersgruppen,Volljährige (18 Jahre und älter),2010,201006,1171243,1162134,-0.18,0.78,1169368,2010-06-01,6,2010
2683,Altersgruppen,Volljährige (18 Jahre und älter),2010,201007,1173011,1163437,0.15,0.82,1170166,2010-07-01,7,2010
2684,Altersgruppen,Volljährige (18 Jahre und älter),2010,201008,1175257,1164806,0.19,0.9,1171037,2010-08-01,8,2010
2685,Altersgruppen,Volljährige (18 Jahre und älter),2010,201009,1177488,1166986,0.19,0.9,1171912,2010-09-01,9,2010
2686,Altersgruppen,Volljährige (18 Jahre und älter),2010,201010,1181938,1170380,0.38,0.99,1172876,2010-10-01,10,2010
2687,Altersgruppen,Volljährige (18 Jahre und älter),2010,201011,1183601,1169720,0.14,1.19,1174032,2010-11-01,11,2010
2688,Altersgruppen,Volljährige (18 Jahre und älter),2010,201012,1184031,1169680,0.04,1.23,1175228,2010-12-01,12,2010
2689,Altersgruppen,Volljährige (18 Jahre und älter),2009,200901,1175642,1160470,0.14,1.31,1166950,2009-01-01,1,2009
2690,Altersgruppen,Volljährige (18 Jahre und älter),2009,200902,1172000,1160340,-0.31,1,1167922,2009-02-01,2,2009
2691,Altersgruppen,Volljährige (18 Jahre und älter),2009,200903,1158976,1162424,-1.11,-0.3,1167634,2009-03-01,3,2009
2692,Altersgruppen,Volljährige (18 Jahre und älter),2009,200904,1159470,1163332,0.04,-0.33,1167313,2009-04-01,4,2009
2693,Altersgruppen,Volljährige (18 Jahre und älter),2009,200905,1160399,1164988,0.08,-0.39,1166930,2009-05-01,5,2009
2694,Altersgruppen,Volljährige (18 Jahre und älter),2009,200906,1162134,1161864,0.15,0.02,1166953,2009-06-01,6,2009
2695,Altersgruppen,Volljährige (18 Jahre und älter),2009,200907,1163437,1163647,0.11,-0.02,1166935,2009-07-01,7,2009
2696,Altersgruppen,Volljährige (18 Jahre und älter),2009,200908,1164806,1164495,0.12,0.03,1166961,2009-08-01,8,2009
2697,Altersgruppen,Volljährige (18 Jahre und älter),2009,200909,1166986,1167754,0.19,-0.07,1166897,2009-09-01,9,2009
2698,Altersgruppen,Volljährige (18 Jahre und älter),2009,200910,1170380,1171849,0.29,-0.13,1166775,2009-10-01,10,2009
2699,Altersgruppen,Volljährige (18 Jahre und älter),2009,200911,1169720,1173019,-0.06,-0.28,1166500,2009-11-01,11,2009
2700,Altersgruppen,Volljährige (18 Jahre und älter),2009,200912,1169680,1174046,0,-0.37,1166136,2009-12-01,12,2009
2701,Altersgruppen,Volljährige (18 Jahre und älter),2008,200801,1160470,1140036,0.07,1.79,1150657,2008-01-01,1,2008
2702,Altersgruppen,Volljährige (18 Jahre und älter),2008,200802,1160340,1142346,-0.01,1.58,1152156,2008-02-01,2,2008
2703,Altersgruppen,Volljährige (18 Jahre und älter),2008,200803,1162424,1143314,0.18,1.67,1153749,2008-03-01,3,2008
2704,Altersgruppen,Volljährige (18 Jahre und älter),2008,200804,1163332,1145285,0.08,1.58,1155253,2008-04-01,4,2008
2705,Altersgruppen,Volljährige (18 Jahre und älter),2008,200805,1164988,1146940,0.14,1.57,1156757,2008-05-01,5,2008
2706,Altersgruppen,Volljährige (18 Jahre und älter),2008,200806,1161864,1148478,-0.27,1.17,1157872,2008-06-01,6,2008
2707,Altersgruppen,Volljährige (18 Jahre und älter),2008,200807,1163647,1146505,0.15,1.5,1159301,2008-07-01,7,2008
2708,Altersgruppen,Volljährige (18 Jahre und älter),2008,200808,1164495,1148061,0.07,1.43,1160670,2008-08-01,8,2008
2709,Altersgruppen,Volljährige (18 Jahre und älter),2008,200809,1167754,1151181,0.28,1.44,1162051,2008-09-01,9,2008
2710,Altersgruppen,Volljährige (18 Jahre und älter),2008,200810,1171849,1157197,0.35,1.27,1163272,2008-10-01,10,2008
2711,Altersgruppen,Volljährige (18 Jahre und älter),2008,200811,1173019,1158406,0.1,1.26,1164490,2008-11-01,11,2008
2712,Altersgruppen,Volljährige (18 Jahre und älter),2008,200812,1174046,1159700,0.09,1.24,1165686,2008-12-01,12,2008
2713,Altersgruppen,Volljährige (18 Jahre und älter),2007,200701,1140036,1104474,0.21,3.22,1125308,2007-01-01,1,2007
2714,Altersgruppen,Volljährige (18 Jahre und älter),2007,200702,1142346,1108826,0.2,3.02,1128101,2007-02-01,2,2007
2715,Altersgruppen,Volljährige (18 Jahre und älter),2007,200703,1143314,1109908,0.08,3.01,1130885,2007-03-01,3,2007
2716,Altersgruppen,Volljährige (18 Jahre und älter),2007,200704,1145285,1112640,0.17,2.93,1133605,2007-04-01,4,2007
2717,Altersgruppen,Volljährige (18 Jahre und älter),2007,200705,1146940,1118165,0.14,2.57,1136003,2007-05-01,5,2007
2718,Altersgruppen,Volljährige (18 Jahre und älter),2007,200706,1148478,1122742,0.13,2.29,1138148,2007-06-01,6,2007
2719,Altersgruppen,Volljährige (18 Jahre und älter),2007,200707,1146505,1125187,-0.17,1.89,1139924,2007-07-01,7,2007
2720,Altersgruppen,Volljährige (18 Jahre und älter),2007,200708,1148061,1126381,0.14,1.92,1141731,2007-08-01,8,2007
2721,Altersgruppen,Volljährige (18 Jahre und älter),2007,200709,1151181,1129662,0.27,1.9,1143524,2007-09-01,9,2007
2722,Altersgruppen,Volljährige (18 Jahre und älter),2007,200710,1157197,1135528,0.52,1.91,1145330,2007-10-01,10,2007
2723,Altersgruppen,Volljährige (18 Jahre und älter),2007,200711,1158406,1136995,0.1,1.88,1147114,2007-11-01,11,2007
2724,Altersgruppen,Volljährige (18 Jahre und älter),2007,200712,1159700,1137620,0.11,1.94,1148954,2007-12-01,12,2007
2725,Altersgruppen,Volljährige (18 Jahre und älter),2006,200601,1104474,1089760,0.31,1.35,1096851,2006-01-01,1,2006
2726,Altersgruppen,Volljährige (18 Jahre und älter),2006,200602,1108826,1090691,0.39,1.66,1098362,2006-02-01,2,2006
2727,Altersgruppen,Volljährige (18 Jahre und älter),2006,200603,1109908,1092184,0.1,1.62,1099839,2006-03-01,3,2006
2728,Altersgruppen,Volljährige (18 Jahre und älter),2006,200604,1112640,1093166,0.25,1.78,1101462,2006-04-01,4,2006
2729,Altersgruppen,Volljährige (18 Jahre und älter),2006,200605,1118165,1094512,0.5,2.16,1103433,2006-05-01,5,2006
2730,Altersgruppen,Volljährige (18 Jahre und älter),2006,200606,1122742,1095009,0.41,2.53,1105744,2006-06-01,6,2006
2731,Altersgruppen,Volljährige (18 Jahre und älter),2006,200607,1125187,1095611,0.22,2.7,1108209,2006-07-01,7,2006
2732,Altersgruppen,Volljährige (18 Jahre und älter),2006,200608,1126381,1096380,0.11,2.74,1110709,2006-08-01,8,2006
2733,Altersgruppen,Volljährige (18 Jahre und älter),2006,200609,1129662,1097658,0.29,2.92,1113376,2006-09-01,9,2006
2734,Altersgruppen,Volljährige (18 Jahre und älter),2006,200610,1135528,1100523,0.52,3.18,1116293,2006-10-01,10,2006
2735,Altersgruppen,Volljährige (18 Jahre und älter),2006,200611,1136995,1100945,0.13,3.27,1119297,2006-11-01,11,2006
2736,Altersgruppen,Volljährige (18 Jahre und älter),2006,200612,1137620,1101054,0.05,3.32,1122344,2006-12-01,12,2006
2737,Altersgruppen,Volljährige (18 Jahre und älter),2005,200501,1089760,1082726,0.14,0.65,1085116,2005-01-01,1,2005
2738,Altersgruppen,Volljährige (18 Jahre und älter),2005,200502,1090691,1082444,0.09,0.76,1085803,2005-02-01,2,2005
2739,Altersgruppen,Volljährige (18 Jahre und älter),2005,200503,1092184,1082465,0.14,0.9,1086613,2005-03-01,3,2005
2740,Altersgruppen,Volljährige (18 Jahre und älter),2005,200504,1093166,1081752,0.09,1.06,1087564,2005-04-01,4,2005
2741,Altersgruppen,Volljährige (18 Jahre und älter),2005,200505,1094512,1082825,0.12,1.08,1088538,2005-05-01,5,2005
2742,Altersgruppen,Volljährige (18 Jahre und älter),2005,200506,1095009,1084235,0.05,0.99,1089436,2005-06-01,6,2005
2743,Altersgruppen,Volljährige (18 Jahre und älter),2005,200507,1095611,1082465,0.05,1.21,1090531,2005-07-01,7,2005
2744,Altersgruppen,Volljährige (18 Jahre und älter),2005,200508,1096380,1083877,0.07,1.15,1091573,2005-08-01,8,2005
2745,Altersgruppen,Volljährige (18 Jahre und älter),2005,200509,1097658,1085788,0.12,1.09,1092562,2005-09-01,9,2005
2746,Altersgruppen,Volljährige (18 Jahre und älter),2005,200510,1100523,1088354,0.26,1.12,1093576,2005-10-01,10,2005
2747,Altersgruppen,Volljährige (18 Jahre und älter),2005,200511,1100945,1089143,0.04,1.08,1094560,2005-11-01,11,2005
2748,Altersgruppen,Volljährige (18 Jahre und älter),2005,200512,1101054,1088279,0.01,1.17,1095624,2005-12-01,12,2005
2749,Altersgruppen,Volljährige (18 Jahre und älter),2004,200401,1082726,1082671,-0.11,0.01,1084573,2004-01-01,1,2004
2750,Altersgruppen,Volljährige (18 Jahre und älter),2004,200402,1082444,1082938,-0.03,-0.05,1084532,2004-02-01,2,2004
2751,Altersgruppen,Volljährige (18 Jahre und älter),2004,200403,1082465,1082742,0,-0.03,1084509,2004-03-01,3,2004
2752,Altersgruppen,Volljährige (18 Jahre und älter),2004,200404,1081752,1082608,-0.07,-0.08,1084438,2004-04-01,4,2004
2753,Altersgruppen,Volljährige (18 Jahre und älter),2004,200405,1082825,1083546,0.1,-0.07,1084378,2004-05-01,5,2004
2754,Altersgruppen,Volljährige (18 Jahre und älter),2004,200406,1084235,1084226,0.13,0,1084378,2004-06-01,6,2004
2755,Altersgruppen,Volljährige (18 Jahre und älter),2004,200407,1082465,1085098,-0.16,-0.24,1084159,2004-07-01,7,2004
2756,Altersgruppen,Volljährige (18 Jahre und älter),2004,200408,1083877,1085263,0.13,-0.13,1084043,2004-08-01,8,2004
2757,Altersgruppen,Volljährige (18 Jahre und älter),2004,200409,1085788,1086877,0.18,-0.1,1083953,2004-09-01,9,2004
2758,Altersgruppen,Volljährige (18 Jahre und älter),2004,200410,1088354,1088219,0.24,0.01,1083964,2004-10-01,10,2004
2759,Altersgruppen,Volljährige (18 Jahre und älter),2004,200411,1089143,1086711,0.07,0.22,1084167,2004-11-01,11,2004
2760,Altersgruppen,Volljährige (18 Jahre und älter),2004,200412,1088279,1083924,-0.08,0.4,1084529,2004-12-01,12,2004
2761,Altersgruppen,Volljährige (18 Jahre und älter),2003,200301,1082671,1077318,0.01,0.5,1081211,2003-01-01,1,2003
2762,Altersgruppen,Volljährige (18 Jahre und älter),2003,200302,1082938,1077768,0.02,0.48,1081642,2003-02-01,2,2003
2763,Altersgruppen,Volljährige (18 Jahre und älter),2003,200303,1082742,1078987,-0.02,0.35,1081955,2003-03-01,3,2003
2764,Altersgruppen,Volljährige (18 Jahre und älter),2003,200304,1082608,1080324,-0.01,0.21,1082145,2003-04-01,4,2003
2765,Altersgruppen,Volljährige (18 Jahre und älter),2003,200305,1083546,1081490,0.09,0.19,1082317,2003-05-01,5,2003
2766,Altersgruppen,Volljährige (18 Jahre und älter),2003,200306,1084226,1080958,0.06,0.3,1082589,2003-06-01,6,2003
2767,Altersgruppen,Volljährige (18 Jahre und älter),2003,200307,1085098,1080447,0.08,0.43,1082977,2003-07-01,7,2003
2768,Altersgruppen,Volljährige (18 Jahre und älter),2003,200308,1085263,1080720,0.02,0.42,1083355,2003-08-01,8,2003
2769,Altersgruppen,Volljährige (18 Jahre und älter),2003,200309,1086877,1082067,0.15,0.44,1083756,2003-09-01,9,2003
2770,Altersgruppen,Volljährige (18 Jahre und älter),2003,200310,1088219,1083793,0.12,0.41,1084125,2003-10-01,10,2003
2771,Altersgruppen,Volljährige (18 Jahre und älter),2003,200311,1086711,1082730,-0.14,0.37,1084457,2003-11-01,11,2003
2772,Altersgruppen,Volljährige (18 Jahre und älter),2003,200312,1083924,1082579,-0.26,0.12,1084569,2003-12-01,12,2003
2773,Altersgruppen,Volljährige (18 Jahre und älter),2002,200201,1077318,1072485,-0.29,0.45,1076515,2002-01-01,1,2002
2774,Altersgruppen,Volljährige (18 Jahre und älter),2002,200202,1077768,1072448,0.04,0.5,1076958,2002-02-01,2,2002
2775,Altersgruppen,Volljährige (18 Jahre und älter),2002,200203,1078987,1073165,0.11,0.54,1077443,2002-03-01,3,2002
2776,Altersgruppen,Volljährige (18 Jahre und älter),2002,200204,1080324,1074447,0.12,0.55,1077933,2002-04-01,4,2002
2777,Altersgruppen,Volljährige (18 Jahre und älter),2002,200205,1081490,1075746,0.11,0.53,1078412,2002-05-01,5,2002
2778,Altersgruppen,Volljährige (18 Jahre und älter),2002,200206,1080958,1076017,-0.05,0.46,1078824,2002-06-01,6,2002
2779,Altersgruppen,Volljährige (18 Jahre und älter),2002,200207,1080447,1076028,-0.05,0.41,1079192,2002-07-01,7,2002
2780,Altersgruppen,Volljährige (18 Jahre und älter),2002,200208,1080720,1075695,0.03,0.47,1079611,2002-08-01,8,2002
2781,Altersgruppen,Volljährige (18 Jahre und älter),2002,200209,1082067,1076767,0.12,0.49,1080052,2002-09-01,9,2002
2782,Altersgruppen,Volljährige (18 Jahre und älter),2002,200210,1083793,1079759,0.16,0.37,1080388,2002-10-01,10,2002
2783,Altersgruppen,Volljährige (18 Jahre und älter),2002,200211,1082730,1080316,-0.1,0.22,1080590,2002-11-01,11,2002
2784,Altersgruppen,Volljährige (18 Jahre und älter),2002,200212,1082579,1080472,-0.01,0.2,1080765,2002-12-01,12,2002
2785,Altersgruppen,Volljährige (18 Jahre und älter),2001,200101,1072485,1055958,0.2,1.57,1063912,2001-01-01,1,2001
2786,Altersgruppen,Volljährige (18 Jahre und älter),2001,200102,1072448,1056340,0,1.52,1065254,2001-02-01,2,2001
2787,Altersgruppen,Volljährige (18 Jahre und älter),2001,200103,1073165,1056753,0.07,1.55,1066622,2001-03-01,3,2001
2788,Altersgruppen,Volljährige (18 Jahre und älter),2001,200104,1074447,1058377,0.12,1.52,1067961,2001-04-01,4,2001
2789,Altersgruppen,Volljährige (18 Jahre und älter),2001,200105,1075746,1059881,0.12,1.5,1069283,2001-05-01,5,2001
2790,Altersgruppen,Volljährige (18 Jahre und älter),2001,200106,1076017,1061758,0.03,1.34,1070471,2001-06-01,6,2001
2791,Altersgruppen,Volljährige (18 Jahre und älter),2001,200107,1076028,1063667,0,1.16,1071501,2001-07-01,7,2001
2792,Altersgruppen,Volljährige (18 Jahre und älter),2001,200108,1075695,1064136,-0.03,1.09,1072465,2001-08-01,8,2001
2793,Altersgruppen,Volljährige (18 Jahre und älter),2001,200109,1076767,1065190,0.1,1.09,1073429,2001-09-01,9,2001
2794,Altersgruppen,Volljährige (18 Jahre und älter),2001,200110,1079759,1068199,0.28,1.08,1074393,2001-10-01,10,2001
2795,Altersgruppen,Volljährige (18 Jahre und älter),2001,200111,1080316,1069857,0.05,0.98,1075264,2001-11-01,11,2001
2796,Altersgruppen,Volljährige (18 Jahre und älter),2001,200112,1080472,1070297,0.01,0.95,1076112,2001-12-01,12,2001
2797,Altersgruppen,Volljährige (18 Jahre und älter),2000,200001,1055958,NA,0.08,NA,1055958,2000-01-01,1,2000
2798,Altersgruppen,Volljährige (18 Jahre und älter),2000,200002,1056340,NA,0.04,NA,1056149,2000-02-01,2,2000
2799,Altersgruppen,Volljährige (18 Jahre und älter),2000,200003,1056753,NA,0.04,NA,1056350,2000-03-01,3,2000
2800,Altersgruppen,Volljährige (18 Jahre und älter),2000,200004,1058377,NA,0.15,NA,1056857,2000-04-01,4,2000
2801,Altersgruppen,Volljährige (18 Jahre und älter),2000,200005,1059881,NA,0.14,NA,1057462,2000-05-01,5,2000
2802,Altersgruppen,Volljährige (18 Jahre und älter),2000,200006,1061758,NA,0.18,NA,1058178,2000-06-01,6,2000
2803,Altersgruppen,Volljährige (18 Jahre und älter),2000,200007,1063667,NA,0.18,NA,1058962,2000-07-01,7,2000
2804,Altersgruppen,Volljährige (18 Jahre und älter),2000,200008,1064136,1051221,0.04,1.23,1059609,2000-08-01,8,2000
2805,Altersgruppen,Volljährige (18 Jahre und älter),2000,200009,1065190,1052363,0.1,1.22,1060229,2000-09-01,9,2000
2806,Altersgruppen,Volljährige (18 Jahre und älter),2000,200010,1068199,1054588,0.28,1.29,1061026,2000-10-01,10,2000
2807,Altersgruppen,Volljährige (18 Jahre und älter),2000,200011,1069857,1055168,0.16,1.39,1061829,2000-11-01,11,2000
2808,Altersgruppen,Volljährige (18 Jahre und älter),2000,200012,1070297,1055075,0.04,1.44,1062534,2000-12-01,12,2000
